t,rms,centroid,tempo
0.0,0.0,0.46027476979977433,71.77734375000001
0.011609977324263039,1.4834598247619175e-05,0.4963624064111768,77.2986778846154
0.023219954648526078,6.31780981073502e-05,0.5206110900727599,82.82001201923079
0.034829931972789115,0.00014382103907857466,0.5382117008638927,88.34134615384616
0.046439909297052155,0.00027202332502273603,0.554338459662926,93.86268028846155
0.058049886621315196,0.0004300304859042112,0.5694497415556481,99.38401442307693
0.06965986394557823,0.0006608951285092035,0.584401190277825,104.90534855769232
0.08126984126984127,0.0010684300096269112,0.5933454356990191,110.42668269230771
0.09287981859410431,0.00156376095354403,0.5997653816924519,115.9480168269231
0.10448979591836735,0.0021836407115761766,0.6059490169751965,121.46935096153848
0.11609977324263039,0.002923032710450117,0.6121561125640393,126.99068509615387
0.12770975056689343,0.0037396396367435575,0.6182422674136119,132.51201923076925
0.13931972789115646,0.004621628721611133,0.6244193087726263,138.03335336538464
0.1509297052154195,0.005631813727920191,0.6305501453971113,143.55468750000003
0.16253968253968254,0.006743560768208667,0.5969508963403702,143.55468750000003
0.17414965986394557,0.007978831579047182,0.563839439439085,143.55468750000003
0.18575963718820862,0.009337235039518358,0.5308163526699703,143.55468750000003
0.19736961451247165,0.010940764841849915,0.49777938802614213,143.55468750000003
0.2089795918367347,0.012723576429550175,0.46508495613895046,143.55468750000003
0.22058956916099773,0.014699177064269415,0.4324960472050682,143.55468750000003
0.23219954648526078,0.016914498781143972,0.40005998142775495,143.55468750000003
0.2438095238095238,0.019271912585453754,0.3670717005182006,143.55468750000003
0.25541950113378686,0.021809659799179586,0.33335150108547607,143.55468750000003
0.26702947845804986,0.024351371180085898,0.29935847328045595,143.55468750000003
0.2786394557823129,0.02690756279802315,0.2670143872787902,143.55468750000003
0.29024943310657597,0.02947842920755721,0.2354070242803507,143.55468750000003
0.301859410430839,0.032032412987934494,0.20244297097651365,143.55468750000003
0.313469387755102,0.034709996986613666,0.17181313633888756,143.55468750000003
0.3250793650793651,0.037486141579415155,0.1530229069294148,143.55468750000003
0.33668934240362813,0.04028756952353769,0.14076981491569196,143.55468750000003
0.34829931972789113,0.043112809265266804,0.1297912982647949,143.55468750000003
0.3599092970521542,0.046122630361384385,0.11972620083330757,142.88135406894938
0.37151927437641724,0.04929033955402658,0.10985699531374007,142.20802063789873
0.3831292517006803,0.052462369241806264,0.10594658865391003,141.53468720684808
0.3947392290249433,0.05585957625780331,0.10450139851835076,140.8613537757974
0.40634920634920635,0.059298856254772415,0.10311513976996768,140.18802034474675
0.4179591836734694,0.06261564651693485,0.10175039128366771,139.51468691369607
0.4295691609977324,0.06610084198853008,0.10046813146509546,138.84135348264542
0.44117913832199546,0.06969108757254881,0.09921657592875434,138.16802005159474
0.4527891156462585,0.0733848474064673,0.09803171150573069,137.49468662054406
0.46439909297052157,0.07733475606078609,0.09660877417465956,136.8213531894934
0.47600907029478456,0.08151988101157827,0.0950330363806496,136.14801975844276
0.4876190476190476,0.08606872773720088,0.09340864007509384,135.47468632739208
0.4992290249433107,0.09065304564538498,0.09215860543069487,134.80135289634143
0.5108390022675737,0.09540253085805622,0.0913971765062389,134.12801946529078
0.5224489795918368,0.10019649626539982,0.09061363511826419,133.45468603424013
0.5340589569160997,0.10473757397666049,0.08983340463655562,132.78135260318945
0.5456689342403628,0.10916430450781772,0.08924884519738834,132.10801917213877
0.5572789115646258,0.11328834272762281,0.08876364121598837,131.43468574108812
0.5688888888888889,0.11716788096304707,0.08836617547688168,130.76135231003747
0.5804988662131519,0.12085209097132643,0.08795577654550392,130.08801887898682
0.592108843537415,0.12444179459646676,0.08773880733505487,129.41468544793617
0.603718820861678,0.12805897038266684,0.08753940195124844,128.7413520168855
0.615328798185941,0.13166208939028798,0.08717792435141672,128.06801858583484
0.626938775510204,0.13521402353155587,0.08695517258130872,127.39468515478418
0.6385487528344671,0.1385281171708533,0.08688373176902539,126.72135172373353
0.6501587301587302,0.14153607869985382,0.0871235662595761,126.04801829268287
0.6617687074829932,0.14407563490571793,0.08774235458195082,126.04801829268287
0.6733786848072563,0.14613089665783155,0.0885417234669527,126.04801829268287
0.6849886621315193,0.1479214080097282,0.08953140966602302,126.04801829268287
0.6965986394557823,0.14949348275758817,0.09055201888513274,126.04801829268287
0.7082086167800453,0.1512458972637078,0.09146769551402222,126.04801829268287
0.7198185941043084,0.15333092812459648,0.09220093906555221,126.04801829268287
0.7314285714285714,0.1556119279839917,0.09284690553167481,126.04801829268287
0.7430385487528345,0.15829903652926022,0.09336828905171736,126.04801829268287
0.7546485260770975,0.16121358204848862,0.09371680792721279,126.04801829268287
0.7662585034013606,0.1642944940538377,0.09401493215174568,126.04801829268287
0.7778684807256235,0.16749262869296674,0.0944040675986613,126.04801829268287
0.7894784580498866,0.1707943612966811,0.09468958635096297,126.04801829268287
0.8010884353741496,0.17460561937728078,0.09484736882320802,126.04801829268287
0.8126984126984127,0.17856907950250578,0.09478719682323555,126.04801829268287
0.8243083900226758,0.1830046454731609,0.09469305166763041,126.04801829268287
0.8359183673469388,0.18767972124160576,0.09477606986900128,126.04801829268287
0.8475283446712019,0.1920805393703965,0.09505935630140226,126.04801829268287
0.8591383219954648,0.19638642712823778,0.09531890932207153,126.04801829268287
0.8707482993197279,0.2002257108864002,0.09566195240559544,126.04801829268287
0.8823582766439909,0.20342276473145474,0.09608858074411485,126.04801829268287
0.893968253968254,0.20571546590473208,0.0965879786201739,126.04801829268287
0.905578231292517,0.2071286156106831,0.09714609430693677,126.04801829268287
0.9171882086167801,0.20798238462082635,0.09775027685648409,126.04801829268287
0.9287981859410431,0.20908158301495638,0.09833407854016964,126.04801829268287
0.9404081632653061,0.21141888120862393,0.09888231550310464,126.04801829268287
0.9520181405895691,0.2154361282275549,0.09922367382324723,126.04801829268287
0.9636281179138322,0.22057507581489683,0.09907754741827125,126.04801829268287
0.9752380952380952,0.22612673596897737,0.0985293950052904,126.04801829268287
0.9868480725623583,0.2312916617642594,0.0975669004047324,126.04801829268287
0.9984580498866213,0.2351208768531533,0.0966085422748163,126.04801829268287
1.0100680272108844,0.2375203388234637,0.09624056187947823,126.04801829268287
1.0216780045351475,0.2393009805887769,0.09592280651254774,126.04801829268287
1.0332879818594105,0.2410867989203916,0.09561680878269901,126.04801829268287
1.0448979591836736,0.2426926589994777,0.0954030020197153,126.04801829268287
1.0565079365079366,0.24393669587783312,0.09538424982890889,126.04801829268287
1.0681179138321995,0.24460063663237344,0.09545072583615787,126.04801829268287
1.0797278911564625,0.24452283778461004,0.0958975591813846,126.04801829268287
1.0913378684807256,0.24384887709024497,0.09663113673176735,126.04801829268287
1.1029478458049886,0.24294877595831854,0.09718088179059363,126.04801829268287
1.1145578231292517,0.24298699233700485,0.0977223860629743,126.04801829268287
1.1261678004535147,0.24408088255368598,0.09811886575476428,126.04801829268287
1.1377777777777778,0.24665905496957022,0.09821665044440134,126.04801829268287
1.1493877551020408,0.2510659867693513,0.09779555234102158,126.04801829268287
1.1609977324263039,0.25640156432637373,0.09704432969669273,126.04801829268287
1.172607709750567,0.26205482037293315,0.09624866703672194,126.04801829268287
1.18421768707483,0.2673897848552435,0.09554615943711564,126.04801829268287
1.195827664399093,0.2719691355879627,0.09480202167743286,126.04801829268287
1.207437641723356,0.27549512484056826,0.09400143012145917,126.04801829268287
1.2190476190476192,0.2780625517893532,0.09338630332273645,126.04801829268287
1.230657596371882,0.28044624624441367,0.09276384707116173,126.04801829268287
1.242267573696145,0.2831239391782591,0.09188346854973055,126.04801829268287
1.253877551020408,0.2855367496842491,0.09098162647174131,126.04801829268287
1.2654875283446712,0.2883640270169554,0.09016604844055663,126.04801829268287
1.2770975056689342,0.29208597027439254,0.08938138658162265,126.04801829268287
1.2887074829931973,0.29606576559206343,0.08888733414577332,126.04801829268287
1.3003174603174603,0.30027990621946077,0.0885848831474368,126.04801829268287
1.3119274376417234,0.3042844869149256,0.08816824698239724,126.04801829268287
1.3235374149659864,0.30665424724799856,0.08833454076730342,126.04801829268287
1.3351473922902495,0.3078714346192986,0.0889376274122464,126.04801829268287
1.3467573696145125,0.308972514303153,0.08925892407408918,126.04801829268287
1.3583673469387756,0.31034712026851313,0.08937788236009338,126.04801829268287
1.3699773242630386,0.3120754028711752,0.08961201503737994,126.04801829268287
1.3815873015873017,0.31383208266134777,0.08982638911664176,126.04801829268287
1.3931972789115645,0.315254232737222,0.08999485770075408,126.04801829268287
1.4048072562358276,0.31581254555017535,0.09016700991021531,126.04801829268287
1.4164172335600906,0.3146992793404556,0.09033598114979677,126.04801829268287
1.4280272108843537,0.31162970505236925,0.0907767163029687,126.04801829268287
1.4396371882086167,0.30693213502297206,0.09136007058318524,126.04801829268287
1.4512471655328798,0.3012310466541454,0.09229235553293326,126.04801829268287
1.4628571428571429,0.29573158989509213,0.09337369256772017,126.04801829268287
1.474467120181406,0.29199294035175233,0.0940894222651266,126.04801829268287
1.486077097505669,0.29037968505895234,0.09459794101933748,126.04801829268287
1.497687074829932,0.2906199678639876,0.0949266039506078,126.04801829268287
1.509297052154195,0.2926089871433613,0.09491067123207318,126.04801829268287
1.5209070294784581,0.2952458914502722,0.09474375159105482,126.04801829268287
1.5325170068027212,0.2969589971218838,0.09443279710260227,126.04801829268287
1.5441269841269842,0.297451409401186,0.09426632417217691,126.04801829268287
1.555736961451247,0.2970350700310558,0.0943007466071043,126.04801829268287
1.5673469387755101,0.2951538077951222,0.09457457366089304,126.04801829268287
1.5789569160997732,0.2921666812270381,0.09492810014733026,126.04801829268287
1.5905668934240362,0.28927006231226293,0.09521671986327591,126.04801829268287
1.6021768707482993,0.2869966046878949,0.09533030801767783,126.04801829268287
1.6137868480725623,0.2858605714156356,0.09513642900689176,126.04801829268287
1.6253968253968254,0.28678193691067155,0.09456156330984127,126.04801829268287
1.6370068027210884,0.2883039265365921,0.09381123876539758,126.04801829268287
1.6486167800453515,0.28910953752852736,0.09329040666521672,126.04801829268287
1.6602267573696146,0.2890052057068479,0.09286840752735752,126.04801829268287
1.6718367346938776,0.2883495822770353,0.09233421976234213,126.04801829268287
1.6834467120181407,0.2875001097877678,0.09196027867142448,126.04801829268287
1.6950566893424037,0.2872534188526243,0.09139813666966497,126.04801829268287
1.7066666666666668,0.2880156997897087,0.09070049304473832,126.04801829268287
1.7182766439909296,0.2893493863499689,0.0899957137429381,126.04801829268287
1.7298866213151927,0.29095995277704817,0.08933131946069987,126.04801829268287
1.7414965986394557,0.29218229963851977,0.08877552987841648,126.04801829268287
1.7531065759637188,0.29227562943466057,0.08828755908781634,126.04801829268287
1.7647165532879818,0.29068145442630855,0.08810139575927844,126.04801829268287
1.7763265306122449,0.2871712660082308,0.08850759124374319,126.04801829268287
1.787936507936508,0.28218403900194955,0.08903649999599145,126.04801829268287
1.799546485260771,0.2770676922972491,0.08942174553886041,126.04801829268287
1.811156462585034,0.27249128365676206,0.08973534776858398,126.04801829268287
1.822766439909297,0.26873756130511495,0.08993070323744357,126.04801829268287
1.8343764172335602,0.26578742496629315,0.09022746316837167,126.04801829268287
1.8459863945578232,0.2625371677313855,0.09065251598884987,126.04801829268287
1.8575963718820863,0.25852790401142195,0.09107400014071454,126.04801829268287
1.8692063492063493,0.2544389464097686,0.0912181625741054,126.04801829268287
1.8808163265306121,0.2505782666773492,0.09124082516502798,126.04801829268287
1.8924263038548752,0.2469501771616967,0.09141829369231896,126.04801829268287
1.9040362811791383,0.24386830222921838,0.09161287973318315,126.04801829268287
1.9156462585034013,0.2412655043680737,0.09190487708020334,126.04801829268287
1.9272562358276644,0.23849053330366493,0.09210019971388785,126.04801829268287
1.9388662131519274,0.2358305112488154,0.09220247716440286,126.04801829268287
1.9504761904761905,0.23358775067510987,0.09235608458758814,126.04801829268287
1.9620861678004535,0.2318616571490011,0.09249352599913853,126.04801829268287
1.9736961451247166,0.2305101372782657,0.09259965989013783,126.04801829268287
1.9853061224489796,0.22949856483640338,0.09214787717710206,126.04801829268287
1.9969160997732427,0.22802380028891167,0.09173473811140072,126.04801829268287
2.0085260770975055,0.22541784959110261,0.0917705663755784,126.04801829268287
2.020136054421769,0.22273847903161856,0.09189648023836992,126.04801829268287
2.0317460317460316,0.22087093767429436,0.09186895436098222,126.04801829268287
2.043356009070295,0.21966345204371576,0.09166685442228648,126.04801829268287
2.0549659863945577,0.21936824907303729,0.09132557612716,126.04801829268287
2.066575963718821,0.2199815237007311,0.09088234813111418,126.04801829268287
2.078185941043084,0.220576576848363,0.09018262680179452,126.04801829268287
2.089795918367347,0.22129985923671416,0.0894648486159939,126.04801829268287
2.10140589569161,0.22165663123492618,0.08887282429362735,126.04801829268287
2.1130158730158732,0.22103521837362303,0.08867426556586543,126.04801829268287
2.124625850340136,0.22017220992773812,0.08875466029492048,126.04801829268287
2.136235827664399,0.21972215644633813,0.08878189650653424,126.04801829268287
2.147845804988662,0.21995028937671363,0.08884478282670046,126.04801829268287
2.159455782312925,0.2213312668209763,0.08884645206097128,126.04801829268287
2.1710657596371883,0.2238025210062398,0.08891068299090263,126.04801829268287
2.182675736961451,0.22634178316947706,0.08919041398081287,126.04801829268287
2.1942857142857144,0.22900760527761452,0.08917809805591682,126.04801829268287
2.2058956916099772,0.2322176511420759,0.0890510891604398,126.04801829268287
2.2175056689342405,0.2356498124753372,0.08878811653877557,126.04801829268287
2.2291156462585033,0.23894914317561108,0.08842828823751821,126.04801829268287
2.2407256235827666,0.2423501876353092,0.08791708493197475,126.04801829268287
2.2523356009070294,0.24512624240922937,0.08742882436369126,126.04801829268287
2.2639455782312927,0.2463328459119275,0.08727103492771437,126.04801829268287
2.2755555555555556,0.24722026739267658,0.08722283682191458,126.04801829268287
2.2871655328798184,0.2474916104285027,0.08752459155770585,126.04801829268287
2.2987755102040817,0.24783110388221535,0.08813239323764904,126.04801829268287
2.3103854875283445,0.24874176472626724,0.08845103599678975,126.04801829268287
2.3219954648526078,0.24954888091657834,0.08855329940470408,126.04801829268287
2.3336054421768706,0.2497587282272821,0.08894112728320035,126.04801829268287
2.345215419501134,0.24974301735480445,0.08944394321532792,126.04801829268287
2.3568253968253967,0.24950382159120826,0.0895703130498697,126.04801829268287
2.36843537414966,0.24920313676634528,0.08939882093698161,126.04801829268287
2.380045351473923,0.24887195397350476,0.08921873597850291,126.04801829268287
2.391655328798186,0.24832975686225459,0.0893502545336118,126.04801829268287
2.403265306122449,0.24829033515869295,0.0896819134050994,126.04801829268287
2.414875283446712,0.24974105318337653,0.08956507211849583,126.04801829268287
2.426485260770975,0.25195715333692836,0.08883292161514562,126.04801829268287
2.4380952380952383,0.25431995660479095,0.08813726415112252,126.04801829268287
2.449705215419501,0.2563953852663007,0.087641857918885,126.04801829268287
2.461315192743764,0.25797707470826875,0.0869944729155212,126.04801829268287
2.4729251700680273,0.25867062214010467,0.08628432158391756,126.04801829268287
2.48453514739229,0.2589163109979674,0.08564461456600599,126.04801829268287
2.4961451247165534,0.2582771056423043,0.08525588143951278,126.04801829268287
2.507755102040816,0.2564192318734418,0.08532630971936031,126.04801829268287
2.5193650793650795,0.25383304367229415,0.08541882530721075,126.04801829268287
2.5309750566893423,0.25186378938852777,0.08549860669166139,126.04801829268287
2.5425850340136056,0.2500605692310857,0.0856198254482944,126.04801829268287
2.5541950113378684,0.2483297452005074,0.08568332506126992,126.04801829268287
2.5658049886621317,0.24852901030857308,0.08605492143739815,126.04801829268287
2.5774149659863945,0.24867000416462812,0.08617511870381594,126.04801829268287
2.589024943310658,0.2499114496361505,0.08639707304815271,126.04801829268287
2.6006349206349206,0.25164876676099546,0.08624249320105963,126.04801829268287
2.6122448979591835,0.25338197478590235,0.08645788760538736,126.04801829268287
2.6238548752834467,0.25500310509001684,0.0866168115585458,126.04801829268287
2.6354648526077096,0.25642419894478397,0.08647483286772142,126.04801829268287
2.647074829931973,0.2577298440008245,0.08626088580664237,126.04801829268287
2.6586848072562357,0.25897164015774593,0.08681311228175127,126.04801829268287
2.670294784580499,0.26003600616234407,0.08761599650044101,126.04801829268287
2.681904761904762,0.2616815578311423,0.0885889175409643,126.04801829268287
2.693514739229025,0.26377278816016175,0.08903460506285063,126.04801829268287
2.705124716553288,0.2658072341099436,0.08965605559068245,126.04801829268287
2.716734693877551,0.2668357810578952,0.09058020446887795,126.04801829268287
2.728344671201814,0.26776775457800944,0.09165054212996467,126.04801829268287
2.7399546485260773,0.2684358852317366,0.09241463559321673,126.04801829268287
2.75156462585034,0.2697012397840461,0.09293386196481596,126.04801829268287
2.7631746031746034,0.27120655977526953,0.093456813832419,126.04801829268287
2.7747845804988662,0.2737127292317685,0.09404941977827408,126.04801829268287
2.786394557823129,0.27667859893358043,0.09461433384526194,126.04801829268287
2.7980045351473923,0.28079259763848513,0.09507138730342661,126.04801829268287
2.809614512471655,0.2856656478094708,0.09512629429010021,126.04801829268287
2.8212244897959184,0.2915764543767996,0.09509769451699951,126.04801829268287
2.8328344671201813,0.29692047670478733,0.09502020231016635,126.04801829268287
2.8444444444444446,0.30270617688071116,0.09501452412023448,126.04801829268287
2.8560544217687074,0.3087785694507745,0.09518393628627432,126.04801829268287
2.8676643990929707,0.31467489129504966,0.09477317233555467,126.04801829268287
2.8792743764172335,0.32093151281607696,0.09457766621394242,126.04801829268287
2.8908843537414968,0.32698651938696977,0.09403448334211872,126.04801829268287
2.9024943310657596,0.3330175035915309,0.0938508948249689,126.04801829268287
2.914104308390023,0.33850786418773726,0.0933140683137233,126.04801829268287
2.9257142857142857,0.34433759245738244,0.0931011704661998,126.04801829268287
2.9373242630385485,0.3494360167225395,0.09290468961990495,126.04801829268287
2.948934240362812,0.35463622555058605,0.0929824238678065,126.04801829268287
2.9605442176870747,0.35913384992566794,0.09245652191807777,126.04801829268287
2.972154195011338,0.3638386410755523,0.09194254270368707,126.04801829268287
2.9837641723356008,0.3683825192721144,0.09117410262428238,126.04801829268287
2.995374149659864,0.3734860638772915,0.09071180546623998,126.04801829268287
3.006984126984127,0.3787186482146212,0.08982374242240354,126.04801829268287
3.01859410430839,0.3839619871818516,0.08911114600081815,126.04801829268287
3.030204081632653,0.38855081558314886,0.08869194529051475,126.04801829268287
3.0418140589569163,0.39259985668996483,0.08866900493990738,126.04801829268287
3.053424036281179,0.3959280210602888,0.08864725215592786,126.04801829268287
3.0650340136054424,0.39945312735203187,0.0887400062290319,126.04801829268287
3.076643990929705,0.4030152638561706,0.08877181322572986,126.04801829268287
3.0882539682539685,0.4071118807268147,0.08866627214108877,126.04801829268287
3.0998639455782313,0.41130691774626954,0.08843077819000252,126.04801829268287
3.111473922902494,0.4159610994120797,0.08831148967208052,126.04801829268287
3.1230839002267574,0.4197979175436829,0.0882302555569234,126.04801829268287
3.1346938775510202,0.4236128882248146,0.088412593976781,126.04801829268287
3.1463038548752835,0.426635498157821,0.0883051287227,126.04801829268287
3.1579138321995464,0.42973725636934285,0.08793908527266293,126.04801829268287
3.1695238095238096,0.432441117431012,0.08739212113820452,126.04801829268287
3.1811337868480725,0.43572987675741326,0.08698815306666123,126.04801829268287
3.1927437641723357,0.4384918866227471,0.08673445162660645,126.04801829268287
3.2043537414965986,0.4413041419590448,0.08658663241460261,126.04801829268287
3.215963718820862,0.4444159709222902,0.08628678181721161,126.04801829268287
3.2275736961451247,0.4473847552279302,0.0861700948886536,126.04801829268287
3.239183673469388,0.45108405137222796,0.08592830650266665,126.04801829268287
3.250793650793651,0.4548088350980999,0.08569781446910676,126.04801829268287
3.2624036281179136,0.45901321650902155,0.08556610613665191,126.04801829268287
3.274013605442177,0.46305866163277803,0.08544247419103755,126.04801829268287
3.2856235827664397,0.46688126742642383,0.08538266912448522,126.04801829268287
3.297233560090703,0.4696888114168368,0.0853472820199634,126.04801829268287
3.308843537414966,0.4719704472579476,0.08537312412596264,126.04801829268287
3.320453514739229,0.4733935802525177,0.08555686572414271,126.04801829268287
3.332063492063492,0.47471716024283084,0.0858540883142805,126.04801829268287
3.3436734693877552,0.4762929438428039,0.08590535199574183,126.04801829268287
3.355283446712018,0.47739765282899566,0.08577056334585284,126.04801829268287
3.3668934240362813,0.47836445332425914,0.0853890855361676,126.04801829268287
3.378503401360544,0.47815089674495126,0.08511612487023235,126.04801829268287
3.3901133786848074,0.47713656296793894,0.08485425384002154,126.04801829268287
3.4017233560090703,0.47549434239394156,0.08478085732144687,126.04801829268287
3.4133333333333336,0.47287462916842593,0.08453887028976877,126.04801829268287
3.4249433106575964,0.46989582575594324,0.08461925339336758,126.04801829268287
3.436553287981859,0.46602292951030844,0.08439302163912782,126.04801829268287
3.4481632653061225,0.4617191350360966,0.08461219800205612,126.04801829268287
3.4597732426303853,0.45688298096741325,0.08469677998045388,126.04801829268287
3.4713832199546486,0.45226454755478435,0.0851707355560686,126.04801829268287
3.4829931972789114,0.4477268567481148,0.08530815513055466,126.04801829268287
3.4946031746031747,0.44441867394870394,0.08554223885131505,126.04801829268287
3.5062131519274375,0.4417647135034732,0.08532973863615936,126.04801829268287
3.517823129251701,0.4401631074631836,0.08552652670698338,126.04801829268287
3.5294331065759637,0.43885377979396134,0.08529417996344922,126.04801829268287
3.541043083900227,0.4379795352546111,0.08544976943679261,126.04801829268287
3.5526530612244898,0.43630323405728777,0.08526078995341328,126.04801829268287
3.564263038548753,0.4350409582062496,0.08539390766277304,126.04801829268287
3.575873015873016,0.4323650403569305,0.08526200482031293,126.04801829268287
3.5874829931972787,0.43050525656046645,0.08530424792819817,126.04801829268287
3.599092970521542,0.4283554634357553,0.08499868373068048,126.04801829268287
3.610702947845805,0.4263856343944463,0.08478012884852824,126.04801829268287
3.622312925170068,0.42531033300286525,0.08423483061296061,126.04801829268287
3.633922902494331,0.42310199457508335,0.08367538898050471,126.04801829268287
3.645532879818594,0.4210291506565511,0.0831995241706508,126.04801829268287
3.657142857142857,0.41842703584060187,0.08288518649846012,126.04801829268287
3.6687528344671203,0.4150463961066454,0.0828627886551179,126.04801829268287
3.680362811791383,0.41136130980135904,0.08316999850567766,126.04801829268287
3.6919727891156464,0.406667126676553,0.08336534656434083,126.04801829268287
3.7035827664399092,0.4011800555260502,0.08365268934230198,126.04801829268287
3.7151927437641725,0.39570224213689187,0.08427106462001277,126.04801829268287
3.7268027210884354,0.38989286944705354,0.08480042738481038,126.04801829268287
3.7384126984126986,0.3863677598233825,0.08570975930896496,126.04801829268287
3.7500226757369615,0.38338741039640856,0.085840943664061,126.04801829268287
3.7616326530612243,0.382482052315423,0.08639559552101186,126.04801829268287
3.7732426303854876,0.38185719590675626,0.08656869365749717,126.04801829268287
3.7848526077097504,0.3804573072733806,0.08674109408856456,126.04801829268287
3.7964625850340137,0.37831547912203417,0.08664770044823998,126.04801829268287
3.8080725623582765,0.3740695993835604,0.0864961501247255,126.04801829268287
3.81968253968254,0.36865535501158714,0.0866168831248818,126.04801829268287
3.8312925170068026,0.3615019701172898,0.08740679174778679,126.04801829268287
3.842902494331066,0.352868679510932,0.08816426831280576,126.04801829268287
3.8545124716553287,0.3443661970573974,0.08932671006812411,126.04801829268287
3.866122448979592,0.33523450086663814,0.09043363893868242,126.04801829268287
3.877732426303855,0.32821844803976263,0.09146320372991179,126.04801829268287
3.889342403628118,0.3214020035095145,0.09213406073514804,126.04801829268287
3.900952380952381,0.31617674025050546,0.09249215354004466,126.04801829268287
3.912562358276644,0.3120500760551166,0.09270241652993617,126.04801829268287
3.924172335600907,0.30889741265092974,0.09266051010839484,126.04801829268287
3.93578231292517,0.30842701775041603,0.09265167429406602,126.04801829268287
3.947392290249433,0.3079867934559751,0.09239003887143363,126.04801829268287
3.959002267573696,0.3086947856277313,0.09244147545616459,126.04801829268287
3.9706122448979593,0.30894711585064705,0.09221745018204437,126.04801829268287
3.982222222222222,0.30853346534623755,0.09190220292875821,126.04801829268287
3.9938321995464854,0.30835477489223034,0.09192920198387208,126.04801829268287
4.005442176870749,0.3082325397895922,0.09168888433103399,126.04801829268287
4.017052154195011,0.308487109067978,0.09116922681896777,126.04801829268287
4.028662131519274,0.30985233315768385,0.09067193506594726,126.04801829268287
4.040272108843538,0.3103475759096374,0.0896895179409243,126.04801829268287
4.051882086167801,0.31149678279136783,0.08947670530820896,126.04801829268287
4.063492063492063,0.310752161904514,0.08899572687772345,126.04801829268287
4.0751020408163265,0.30927422952668276,0.08884581271380232,126.04801829268287
4.08671201814059,0.30706555290823095,0.08906135318599664,126.04801829268287
4.098321995464852,0.3036234882526174,0.08926606532323166,126.04801829268287
4.1099319727891155,0.30135850955147453,0.08957058150214758,126.04801829268287
4.121541950113379,0.29951780270753076,0.08942470836823645,126.04801829268287
4.133151927437642,0.29951951281946526,0.08890741743352452,126.04801829268287
4.144761904761904,0.3013892365894872,0.08803856459176425,126.04801829268287
4.156371882086168,0.3048073005362996,0.08676446190939979,126.04801829268287
4.167981859410431,0.30915151296048005,0.08511473729756586,126.04801829268287
4.179591836734694,0.3137211511237126,0.08389536229613243,126.04801829268287
4.191201814058957,0.3177141766936269,0.08264755928490504,126.04801829268287
4.20281179138322,0.3207382251864535,0.08188100168371282,126.04801829268287
4.214421768707483,0.32244248542278386,0.08114585014259704,126.04801829268287
4.2260317460317465,0.32206949943099894,0.08091543546110797,126.04801829268287
4.237641723356009,0.31939765902830397,0.08044943852866458,126.04801829268287
4.249251700680272,0.31520472945317163,0.08069206925185092,126.04801829268287
4.260861678004535,0.3098995857245169,0.08059780287431444,126.04801829268287
4.272471655328798,0.3051103335372676,0.08110699864261618,126.04801829268287
4.284081632653061,0.301273981875554,0.0809940706483339,126.04801829268287
4.295691609977324,0.2990377002354221,0.08086207825237611,126.04801829268287
4.307301587301588,0.2976500522717382,0.08069718194466363,126.04801829268287
4.31891156462585,0.2966021734787911,0.08079505116237129,126.04801829268287
4.330521541950113,0.2955613600387073,0.08071332348301252,126.04801829268287
4.342131519274377,0.29483141712671834,0.08097648983568835,126.04801829268287
4.35374149659864,0.2941333990807799,0.08107651769123417,126.04801829268287
4.365351473922902,0.29476483937874526,0.0811617724369666,126.04801829268287
4.3769614512471655,0.2964785481292856,0.08096139294952795,126.04801829268287
4.388571428571429,0.30007553326610414,0.08040656192923304,126.04801829268287
4.400181405895691,0.3047193726280766,0.0799166105247173,126.04801829268287
4.4117913832199545,0.3102146694752931,0.07955196966627226,126.04801829268287
4.423401360544218,0.31479000273608826,0.07916942623010792,126.04801829268287
4.435011337868481,0.3179505111642396,0.07865097690559009,126.04801829268287
4.446621315192743,0.3199570855381187,0.07846196769714371,126.04801829268287
4.458231292517007,0.3188261051343419,0.07832391721502373,126.04801829268287
4.46984126984127,0.31783819854253853,0.07913407918970974,126.04801829268287
4.481451247165533,0.3144354056537364,0.07945331996414597,126.04801829268287
4.493061224489796,0.31103778724878095,0.07992240207442251,126.04801829268287
4.504671201814059,0.3081785683903852,0.08060092547599569,126.04801829268287
4.516281179138322,0.30464245507521176,0.08115944410412863,126.04801829268287
4.527891156462585,0.3024690310856834,0.08169333415813697,126.04801829268287
4.539501133786848,0.30040340328974663,0.08235524443318634,126.04801829268287
4.551111111111111,0.2989120415769871,0.08266702592402786,126.04801829268287
4.562721088435374,0.2988290724102868,0.0830830316427225,126.04801829268287
4.574331065759637,0.29914699912844356,0.08250205921274598,126.04801829268287
4.5859410430839,0.30074280594842717,0.08220810073165387,126.04801829268287
4.597551020408163,0.30194922536211527,0.08149956776649285,126.04801829268287
4.609160997732427,0.3034593524921473,0.08107930352018286,126.04801829268287
4.620770975056689,0.30485266223411595,0.08050928598993641,126.04801829268287
4.632380952380952,0.305124450915283,0.07988099037328521,126.04801829268287
4.6439909297052155,0.3045734658445059,0.07933417587209267,126.04801829268287
4.655600907029479,0.3022140644749095,0.0787714218497596,126.04801829268287
4.667210884353741,0.2981792365390328,0.07829735784504363,126.04801829268287
4.6788208616780045,0.2931162573216287,0.07791705156493357,126.04801829268287
4.690430839002268,0.28643729312958865,0.0778985883350644,126.04801829268287
4.702040816326531,0.2798519219559842,0.07791096744032193,126.04801829268287
4.713650793650793,0.27271160071754114,0.07788896032315111,126.04801829268287
4.725260770975057,0.2664418355743929,0.07757097457615525,126.04801829268287
4.73687074829932,0.2614593557322202,0.07757963569073555,126.04801829268287
4.748480725623582,0.2567280074519433,0.07717321139187566,126.04801829268287
4.760090702947846,0.2542165685516559,0.0768497306996644,126.04801829268287
4.771700680272109,0.25069462675832443,0.0760351304704218,126.04801829268287
4.783310657596372,0.24834308790531343,0.07597958055705137,126.04801829268287
4.794920634920635,0.24563796737494228,0.07595940142982921,126.04801829268287
4.806530612244898,0.24288838393427417,0.07561457843572475,126.04801829268287
4.818140589569161,0.24143328858946603,0.07515952552674175,126.04801829268287
4.829750566893424,0.24067320089384459,0.0744062484591698,126.04801829268287
4.841360544217687,0.24147734083966377,0.07355037416614685,126.04801829268287
4.85297052154195,0.24322245884043014,0.07235817539803273,126.04801829268287
4.864580498866213,0.24489338897016763,0.07105688883572793,126.04801829268287
4.876190476190477,0.24613659453254125,0.07045866065267536,126.04801829268287
4.887800453514739,0.24651134144815934,0.06992745005384281,126.04801829268287
4.899410430839002,0.24632145155189236,0.06969331148573413,126.04801829268287
4.911020408163266,0.24554486165094488,0.06935074198377399,126.04801829268287
4.922630385487528,0.2440587144051653,0.06915131642367484,126.04801829268287
4.934240362811791,0.24240000745249887,0.06916964023395113,126.04801829268287
4.9458503401360545,0.24030790832331003,0.06929312348015783,126.04801829268287
4.957460317460318,0.23872006814265503,0.06941617018127827,126.04801829268287
4.96907029478458,0.23801812925069823,0.06941676401948539,126.04801829268287
4.9806802721088435,0.23802942115395403,0.06951126391991044,126.04801829268287
4.992290249433107,0.23836492129221906,0.06909263633665437,126.04801829268287
5.00390022675737,0.23890759070423243,0.06885971012704727,126.04801829268287
5.015510204081632,0.23872202898215528,0.06850692610484721,126.04801829268287
5.027120181405896,0.23839715269562556,0.06875190897042245,126.04801829268287
5.038730158730159,0.23780163974195961,0.06868088864715712,126.04801829268287
5.050340136054421,0.23756754016190718,0.06891963731567724,126.04801829268287
5.061950113378685,0.2383744306141111,0.06913035868086627,126.04801829268287
5.073560090702948,0.24062612991707577,0.06889666370905341,126.04801829268287
5.085170068027211,0.24493008182487527,0.06809769644581509,126.04801829268287
5.0967800453514736,0.25081534416785756,0.06729202890662855,126.04801829268287
5.108390022675737,0.25773643621994263,0.0664604194418159,126.04801829268287
5.12,0.26491039160338875,0.06594456795154796,126.04801829268287
5.131609977324263,0.2715443672735241,0.06550823409201512,126.04801829268287
5.143219954648526,0.277751026537449,0.06500248470169119,126.04801829268287
5.154829931972789,0.2837197003605447,0.06459292326241253,126.04801829268287
5.166439909297052,0.2894756064382352,0.06419501787384288,126.04801829268287
5.178049886621316,0.29551628571966215,0.06385182464865344,126.04801829268287
5.189659863945578,0.301200898538585,0.06377845620868672,126.04801829268287
5.201269841269841,0.3070550831581556,0.06368794480986409,126.04801829268287
5.2128798185941045,0.3131726783264836,0.06357237073738757,126.04801829268287
5.224489795918367,0.31972668189895925,0.06318053567950128,126.04801829268287
5.23609977324263,0.3274238357414382,0.06263625426475758,126.04801829268287
5.2477097505668935,0.3355237355216757,0.06181278731266092,126.04801829268287
5.259319727891157,0.3439744598090331,0.061037530619226614,126.04801829268287
5.270929705215419,0.35203404742800887,0.06024466626701161,126.04801829268287
5.282539682539682,0.359575297037605,0.059450720314329415,126.04801829268287
5.294149659863946,0.366966642383273,0.05910229597446073,126.04801829268287
5.305759637188209,0.3745806729573918,0.058722408414366815,126.04801829268287
5.317369614512471,0.38286282585541814,0.05845909304279348,126.04801829268287
5.328979591836735,0.39124686577311335,0.05792589412858436,126.04801829268287
5.340589569160998,0.3998641597941862,0.057503704052570236,126.04801829268287
5.352199546485261,0.407692694048085,0.05700463633310092,126.04801829268287
5.363809523809524,0.4143147522455234,0.0566067421607434,126.04801829268287
5.375419501133787,0.41966383243988525,0.05643010249029904,126.04801829268287
5.38702947845805,0.4229705808443856,0.0563666477428277,126.04801829268287
5.3986394557823125,0.42507459827925326,0.056449543949690505,126.04801829268287
5.410249433106576,0.4260198362038707,0.05659874488209392,126.04801829268287
5.421859410430839,0.42695878678076205,0.056687636496386924,126.04801829268287
5.433469387755102,0.428198168956005,0.05661918746602897,126.04801829268287
5.445079365079365,0.42979202826419954,0.056475516891580806,126.04801829268287
5.456689342403628,0.4317618306500863,0.05652348870199353,126.04801829268287
5.468299319727891,0.4332129834913454,0.056695795041765584,126.04801829268287
5.479909297052155,0.43410814920524365,0.05694945528961071,126.04801829268287
5.491519274376417,0.4340458238301033,0.057064868362832595,126.04801829268287
5.50312925170068,0.43246713478910365,0.0572598151760655,126.04801829268287
5.5147392290249435,0.42942724048072417,0.057792675539924565,126.04801829268287
5.526349206349207,0.4248916821078357,0.05851173724641882,126.04801829268287
5.537959183673469,0.41921520252463057,0.05925318235765132,126.04801829268287
5.5495691609977325,0.4132598789031783,0.05995633277697257,126.04801829268287
5.561179138321996,0.40749049684357047,0.06068707235613875,126.04801829268287
5.572789115646258,0.4023902583437357,0.06142952875823036,126.04801829268287
5.584399092970521,0.39779838372746307,0.06209532056449908,126.04801829268287
5.596009070294785,0.393898772084866,0.06260906770788123,126.04801829268287
5.607619047619048,0.38971069296360344,0.0628988448246545,126.04801829268287
5.61922902494331,0.3849708532653723,0.06310173221877793,126.04801829268287
5.630839002267574,0.3796452090180523,0.06334889559053462,126.04801829268287
5.642448979591837,0.37326119457017926,0.06378220183109132,126.04801829268287
5.6540589569161,0.36649923372303467,0.06453799382710378,126.04801829268287
5.6656689342403626,0.359425438587684,0.06509545745739428,126.04801829268287
5.677278911564626,0.3520318625163655,0.06562539940793852,126.04801829268287
5.688888888888889,0.3443727176400682,0.06633769793888349,126.04801829268287
5.7004988662131515,0.3360414746170366,0.06728455570633239,126.04801829268287
5.712108843537415,0.3266274983375044,0.0685262129489661,126.04801829268287
5.723718820861678,0.3160084387473249,0.07000034473346681,126.04801829268287
5.735328798185941,0.3044512290759039,0.07174232405551217,126.04801829268287
5.746938775510204,0.292251589159217,0.0734583643513585,126.04801829268287
5.758548752834467,0.28023286500780525,0.07525463862675412,126.04801829268287
5.77015873015873,0.26867992395236495,0.07665060143125958,126.04801829268287
5.7817687074829935,0.2578148839606417,0.07773236134417781,126.04801829268287
5.793378684807256,0.2481196879783533,0.07864836445913671,126.04801829268287
5.804988662131519,0.23975383413898732,0.07937009579749776,126.04801829268287
5.8165986394557825,0.23277327592229052,0.07994880668128342,126.04801829268287
5.828208616780046,0.22718364928410745,0.08050020185264477,126.04801829268287
5.839818594104308,0.22228247139527074,0.08127918444604418,126.04801829268287
5.851428571428571,0.2175336463207914,0.08199073701887637,126.04801829268287
5.863038548752835,0.21296520515261488,0.08276216635973882,126.04801829268287
5.874648526077097,0.20810067222202389,0.08358481840919209,126.04801829268287
5.88625850340136,0.20292467109879198,0.08448680148267478,126.04801829268287
5.897868480725624,0.19729934576985345,0.08546561708132372,126.04801829268287
5.909478458049887,0.19113895823652063,0.08649996729209888,126.04801829268287
5.921088435374149,0.1851079148902414,0.08767245980604532,126.04801829268287
5.932698412698413,0.17980167245840037,0.0887880714945356,126.04801829268287
5.944308390022676,0.17542590626162619,0.0896409816605879,126.04801829268287
5.955918367346939,0.17214875287267428,0.09000468760633723,126.04801829268287
5.9675283446712015,0.16954007832390278,0.09048415239730594,126.04801829268287
5.979138321995465,0.16751385473890676,0.09086137033851846,126.04801829268287
5.990748299319728,0.16634473042587297,0.09106182913022842,126.04801829268287
6.002358276643991,0.16576190212127606,0.09088198556135803,126.04801829268287
6.013968253968254,0.16602353841848905,0.09045605388453737,126.04801829268287
6.025578231292517,0.16691888905437918,0.08996148772316832,126.04801829268287
6.03718820861678,0.1680929179651092,0.08940982516179684,126.04801829268287
6.048798185941043,0.16947019572006014,0.08896982655371723,126.04801829268287
6.060408163265306,0.17028797907716778,0.08832491630782574,126.04801829268287
6.072018140589569,0.1706414095683047,0.08806273343088569,126.04801829268287
6.0836281179138325,0.17059054061035442,0.0881507883717089,126.04801829268287
6.095238095238095,0.17020416901519328,0.08816730144987067,126.04801829268287
6.106848072562358,0.17019277298919433,0.08822579038053488,126.04801829268287
6.1184580498866215,0.1707615459729307,0.08809469503758027,126.04801829268287
6.130068027210885,0.17179187841768287,0.08788251794348534,126.04801829268287
6.141678004535147,0.17401936668390516,0.08730360203420356,126.04801829268287
6.15328798185941,0.1777556122413498,0.08654706079392281,126.04801829268287
6.164897959183674,0.182444546746916,0.08545680687840215,126.04801829268287
6.176507936507937,0.18765207915222906,0.08423169414215559,126.04801829268287
6.188117913832199,0.19274518940906354,0.08286507011550993,126.04801829268287
6.199727891156463,0.19685070919074307,0.08145793414163105,126.04801829268287
6.211337868480726,0.20041017723721877,0.08034274206385608,126.04801829268287
6.222947845804988,0.20363082362992105,0.07930276425812584,126.04801829268287
6.2345578231292516,0.20636675199755347,0.07835004960476888,126.04801829268287
6.246167800453515,0.20906035030516082,0.07742821586426141,126.04801829268287
6.257777777777778,0.211192642479193,0.07657569816238215,126.04801829268287
6.2693877551020405,0.21284200254144686,0.0758118729871364,126.04801829268287
6.280997732426304,0.21409192443724853,0.07548817123145544,126.04801829268287
6.292607709750567,0.2151104855976352,0.07526029790594795,126.04801829268287
6.30421768707483,0.21641648217205678,0.07528289053996695,126.04801829268287
6.315827664399093,0.2182566042626747,0.0750557843710619,126.04801829268287
6.327437641723356,0.22105522618346746,0.07455382840848764,126.04801829268287
6.339047619047619,0.22454870664967866,0.07375281080035849,126.04801829268287
6.350657596371882,0.22871916570384404,0.07298253111792415,126.04801829268287
6.362267573696145,0.23339850925528763,0.07231100774314063,126.04801829268287
6.373877551020408,0.23841527380136296,0.07152976559388925,126.04801829268287
6.3854875283446715,0.24361088581854223,0.0704486419087601,126.04801829268287
6.397097505668934,0.248576172496865,0.069511225024563,126.04801829268287
6.408707482993197,0.25295749551619884,0.06884092480472312,126.04801829268287
6.42031746031746,0.25644960489412744,0.06832728783051277,126.04801829268287
6.431927437641724,0.2595121837998339,0.06787423456923727,126.04801829268287
6.443537414965986,0.2617222681577739,0.06752604364109364,126.04801829268287
6.455147392290249,0.26299300627239836,0.06742076555796264,126.04801829268287
6.466757369614513,0.26315305459046107,0.06753650117918092,126.04801829268287
6.478367346938776,0.26243386214346326,0.06776567889979304,126.04801829268287
6.489977324263038,0.2610926654179807,0.06811061380927697,126.04801829268287
6.501587301587302,0.2600283277347687,0.06852100058019579,125.93258970450276
6.513197278911565,0.2591589611376924,0.06881337132204828,125.81716111632265
6.524807256235827,0.2584643583177313,0.0692359951029182,125.70173252814254
6.5364172335600905,0.25796140381892446,0.06954774057118504,125.58630393996243
6.548027210884354,0.2569914954680216,0.06976093631437355,125.47087535178233
6.559637188208617,0.25610146342185464,0.07003473400303384,125.35544676360222
6.5712471655328795,0.2550316122311442,0.07037397547994638,125.24001817542211
6.582857142857143,0.2538125598132677,0.07059905610933459,125.124589587242
6.594467120181406,0.2521265685369702,0.0709226841930436,125.00916099906189
6.606077097505669,0.2500258888607589,0.07134712873911937,124.89373241088178
6.617687074829932,0.2473712212138562,0.07203546756566832,124.77830382270167
6.629297052154195,0.24415924491373567,0.07268529847952923,124.66287523452155
6.640907029478458,0.24069592672377785,0.07322465160082668,124.54744664634144
6.6525170068027215,0.23676496663863683,0.07356464817121433,124.43201805816133
6.664126984126984,0.23283364503933143,0.0739389778580355,124.31658946998122
6.675736961451247,0.22937940052170805,0.07431175425512364,124.20116088180112
6.6873469387755105,0.22681500562720547,0.0746646546109366,124.08573229362099
6.698956916099773,0.22560028554842856,0.07485590914909489,123.97030370544088
6.710566893424036,0.22567071916982825,0.07473972853283262,123.85487511726078
6.722176870748299,0.22656547505660918,0.07440725895016914,123.73944652908065
6.733786848072563,0.22795452576188954,0.0739392383052979,123.62401794090054
6.745396825396825,0.22921830014744796,0.07351297226185105,123.50858935272043
6.757006802721088,0.22997209882937947,0.07322167839311142,123.39316076454033
6.768616780045352,0.23031233696895154,0.0730453402650163,123.27773217636022
6.780226757369615,0.22993115276885714,0.07310218565267164,123.1623035881801
6.791836734693877,0.22938840672250477,0.07339080566681737,123.04687499999999
6.8034467120181406,0.22843075320198689,0.0737815358061178,123.04687499999999
6.815056689342404,0.22759433270682647,0.07420822685122754,123.04687499999999
6.826666666666667,0.2267277807557446,0.07433918581293526,123.04687499999999
6.8382766439909295,0.22587628995122275,0.07457588121865816,123.04687499999999
6.849886621315193,0.22557354932691775,0.07489666257123925,123.04687499999999
6.861496598639456,0.22550364631501751,0.07522492730223715,123.04687499999999
6.873106575963718,0.22619514794319484,0.07534284553605289,123.04687499999999
6.884716553287982,0.22748180267683749,0.07515733507187176,123.04687499999999
6.896326530612245,0.22928147266522703,0.0747559935546799,123.04687499999999
6.907936507936508,0.2312357999125267,0.07410375070046468,123.04687499999999
6.919546485260771,0.23347687286481028,0.07341519105553897,123.04687499999999
6.931156462585034,0.235886236908,0.07279632713102895,123.04687499999999
6.942766439909297,0.23836846896232575,0.07230635815913966,123.04687499999999
6.9543764172335605,0.24108584099115404,0.07207760618833964,123.04687499999999
6.965986394557823,0.24329936223260198,0.07198980293347733,123.04687499999999
6.977596371882086,0.24448782588746884,0.07201627582918604,123.04687499999999
6.989206349206349,0.24438974392932786,0.07227352435394407,123.04687499999999
7.000816326530612,0.2429740028165438,0.07275044454098842,123.04687499999999
7.012426303854875,0.2406271211655911,0.07332420929103871,123.04687499999999
7.024036281179138,0.23777718422501615,0.07381618401238818,123.04687499999999
7.035646258503402,0.23473983217753489,0.07446971506541694,123.04687499999999
7.047256235827664,0.23170847260217087,0.07502731231214689,123.04687499999999
7.058866213151927,0.22911697664006528,0.07545418732599517,123.04687499999999
7.070476190476191,0.2274264031300846,0.07585817323568529,123.04687499999999
7.082086167800454,0.22684580388517434,0.07602746422729147,123.04687499999999
7.093696145124716,0.22714714260086474,0.07584148156392126,123.04687499999999
7.1053061224489795,0.2285064191994784,0.07536832948670498,123.04687499999999
7.116916099773243,0.2303461681141847,0.07469238928732226,123.04687499999999
7.128526077097506,0.23268019851967928,0.07416341344414257,123.04687499999999
7.1401360544217685,0.2355181580128572,0.07358618294296232,123.04687499999999
7.151746031746032,0.23830306155398637,0.07304057932501451,123.04687499999999
7.163356009070295,0.2413100522425292,0.07244161617701432,123.04687499999999
7.174965986394557,0.24376977795766436,0.07190134714029509,123.04687499999999
7.186575963718821,0.24578445308096528,0.07153955680666774,123.04687499999999
7.198185941043084,0.24751757364276786,0.07134398838193147,123.04687499999999
7.209795918367347,0.248861704963645,0.07110055721236629,123.04687499999999
7.22140589569161,0.24980687125181508,0.07098897317720253,123.04687499999999
7.233015873015873,0.25016609138396556,0.07109019229068259,123.04687499999999
7.244625850340136,0.24987770303858486,0.07153543303124281,123.04687499999999
7.2562358276643995,0.24877362128779817,0.07203524328201541,123.04687499999999
7.267845804988662,0.24777593465497044,0.07222030318802762,123.04687499999999
7.279455782312925,0.24698336399539497,0.0720556040817429,123.04687499999999
7.291065759637188,0.2466694980642234,0.07169160627084913,123.04687499999999
7.302675736961452,0.2465511030083549,0.07137382158215018,123.04687499999999
7.314285714285714,0.24604546880662875,0.07123285739575025,123.04687499999999
7.325895691609977,0.24511749193388987,0.07170418259619658,123.04687499999999
7.337505668934241,0.24339754914646805,0.07247504600424948,123.04687499999999
7.349115646258503,0.24148554987673856,0.07328762790724529,123.04687499999999
7.360725623582766,0.239441881983836,0.07401968071488624,123.04687499999999
7.3723356009070296,0.2372087531803685,0.07448844073127833,123.04687499999999
7.383945578231293,0.23529493551105155,0.07479536966182809,123.04687499999999
7.395555555555555,0.23440310672282777,0.07523887780498278,123.04687499999999
7.4071655328798185,0.2342371817171383,0.07553639153589856,123.04687499999999
7.418775510204082,0.23534833881657163,0.07557352929794234,123.04687499999999
7.430385487528345,0.23714725828822805,0.07525616651925453,123.04687499999999
7.441995464852607,0.2391849278781397,0.0749653811861844,123.04687499999999
7.453605442176871,0.24151165386495252,0.07478295438694518,123.04687499999999
7.465215419501134,0.2434687466123119,0.07468630114471449,123.04687499999999
7.476825396825397,0.24490996864281464,0.07452947792834093,123.04687499999999
7.48843537414966,0.245457929156147,0.07440665626334947,123.04687499999999
7.500045351473923,0.24494860734334736,0.0746132275514218,123.04687499999999
7.511655328798186,0.2434703009566226,0.07519001900057455,123.04687499999999
7.523265306122449,0.24202436008339756,0.07574220327460263,123.04687499999999
7.534875283446712,0.24059447493717565,0.07588897824313771,123.04687499999999
7.546485260770975,0.23961135965752384,0.07588347957183275,123.04687499999999
7.558095238095238,0.23924511248967956,0.0757772798972053,123.04687499999999
7.569705215419501,0.23917665053654533,0.07569604005282114,123.04687499999999
7.581315192743764,0.23954301098993422,0.07579737084607382,123.04687499999999
7.592925170068027,0.2404342516929043,0.07589276548435848,123.04687499999999
7.604535147392291,0.24186619763645986,0.07590616892618049,123.04687499999999
7.616145124716553,0.24410127894960804,0.07572508040756533,123.04687499999999
7.627755102040816,0.2471580761276295,0.0749806806291522,123.04687499999999
7.63936507936508,0.25074192680512847,0.07377799737635513,123.04687499999999
7.650975056689342,0.25431861966876806,0.0726602954606756,123.04687499999999
7.662585034013605,0.25740226218893514,0.0718275664511999,123.04687499999999
7.6741950113378685,0.25954365302476007,0.07117549281807187,123.04687499999999
7.685804988662132,0.26089841236228223,0.07086863049840363,123.04687499999999
7.697414965986394,0.2610653444431441,0.0706856058648704,123.04687499999999
7.7090249433106575,0.26038984439814344,0.07081226100805608,123.04687499999999
7.720634920634921,0.2587314831329845,0.07126670236410665,123.04687499999999
7.732244897959184,0.2562323598707641,0.07198630579522436,123.04687499999999
7.743854875283446,0.25316966851249506,0.07243226918830649,123.04687499999999
7.75546485260771,0.24921018129466,0.07261095002541919,123.04687499999999
7.767074829931973,0.24543177518901635,0.07275827973805081,123.04687499999999
7.778684807256236,0.24209220396392808,0.07302874385592287,123.04687499999999
7.790294784580499,0.24036974640401224,0.0732415842270139,123.04687499999999
7.801904761904762,0.24038033860243357,0.07313800800291084,123.04687499999999
7.813514739229025,0.24193170083772303,0.07266688918171513,123.04687499999999
7.825124716553288,0.24386577579497715,0.07220167626649777,123.04687499999999
7.836734693877551,0.2452946030541281,0.0722249442708555,123.04687499999999
7.848344671201814,0.2459956564862766,0.07219601365340128,123.04687499999999
7.859954648526077,0.2453600829318967,0.07207283027643628,123.04687499999999
7.87156462585034,0.24375474596547247,0.07233680706219027,123.04687499999999
7.883174603174603,0.24176802738223271,0.07278993083115982,123.04687499999999
7.894784580498866,0.23957692168494324,0.07306039091562277,123.04687499999999
7.90639455782313,0.23781952219836966,0.07318010068179778,123.04687499999999
7.918004535147392,0.23637283830524908,0.07325590850380109,123.1623035881801
7.929614512471655,0.23472455029075925,0.0735034193131332,123.2777321763602
7.9412244897959186,0.23368072062305012,0.07375790766478472,123.39316076454031
7.952834467120182,0.23303591096485643,0.07394845703194915,123.50858935272042
7.964444444444444,0.2332213010926528,0.07402535020965009,123.62401794090053
7.9760544217687075,0.2344255397596071,0.07408498881484951,123.73944652908064
7.987664399092971,0.23610093633853738,0.07397088644643116,123.85487511726075
7.999274376417233,0.23822906276985914,0.07354582122087377,123.97030370544086
8.010884353741497,0.24046643561633996,0.07300403025032048,124.08573229362096
8.02249433106576,0.24262431449679786,0.07249877229965523,124.20116088180107
8.034104308390022,0.24453775066038366,0.07201460385790162,124.31658946998118
8.045714285714286,0.2460165176861244,0.07180915825684825,124.4320180581613
8.057324263038549,0.24758867448270605,0.07171434565989991,124.54744664634141
8.068934240362811,0.24913049740875345,0.07165578582745522,124.66287523452152
8.080544217687075,0.25117745141543174,0.0715157623415762,124.77830382270163
8.092154195011338,0.2530143506989019,0.07145050161635842,124.89373241088174
8.103764172335602,0.25483866279219064,0.0712408669895865,125.00916099906186
8.115374149659864,0.2563440136037461,0.0709505100480247,125.12458958724197
8.126984126984127,0.2572249469881202,0.07061884585937635,125.24001817542208
8.13859410430839,0.2586569620691772,0.07023372596207522,125.3554467636022
8.150204081632653,0.2598976795144791,0.06991774544755822,125.47087535178231
8.161814058956915,0.26175152748159813,0.06962983114922418,125.58630393996242
8.17342403628118,0.2638700712886167,0.06916547102916287,125.70173252814253
8.185034013605442,0.2654292468945567,0.06887207282347439,125.81716111632264
8.196643990929704,0.26620741446330937,0.06916366365396605,125.93258970450276
8.208253968253969,0.2656528667287505,0.07002362143354654,126.04801829268287
8.219863945578231,0.26408713805384376,0.0710248786843999,126.04801829268287
8.231473922902495,0.2620244606799586,0.07177479047677231,126.04801829268287
8.243083900226758,0.25925853579948,0.07249720707294574,126.04801829268287
8.25469387755102,0.25648924067404916,0.07323634989066075,126.04801829268287
8.266303854875284,0.25362146209317954,0.0738172963733006,126.04801829268287
8.277913832199546,0.25053762965312887,0.0742359784545983,126.04801829268287
8.289523809523809,0.24751245830063942,0.0746808577499217,126.04801829268287
8.301133786848073,0.24402735846578383,0.07526195552184314,126.04801829268287
8.312743764172335,0.2404181793062623,0.07588090776441964,126.04801829268287
8.324353741496598,0.2366859870389654,0.07642675519613264,126.04801829268287
8.335963718820862,0.23305798665238106,0.07689388630604967,126.04801829268287
8.347573696145124,0.2295220732528746,0.07734971578455527,126.04801829268287
8.359183673469389,0.22587836824117727,0.07787367082123317,126.04801829268287
8.370793650793651,0.22161648108865306,0.0787072031310653,126.04801829268287
8.382403628117913,0.21647376467449791,0.07995731924126234,126.04801829268287
8.394013605442177,0.21070082328303613,0.08139838778074715,126.04801829268287
8.40562358276644,0.2043902907539929,0.08272508961501006,126.04801829268287
8.417233560090702,0.19866933701523448,0.08392061829088825,126.04801829268287
8.428843537414966,0.1943633476335958,0.08493150179471831,126.04801829268287
8.440453514739229,0.19102298257671335,0.08564173774389351,126.04801829268287
8.452063492063493,0.18899112386885483,0.08605420226108741,126.04801829268287
8.463673469387755,0.18762675525160719,0.08641830751859668,126.04801829268287
8.475283446712018,0.1862791820493305,0.08672029664251656,126.04801829268287
8.486893424036282,0.18521972813926607,0.08677425789294306,126.04801829268287
8.498503401360544,0.18465486642225565,0.08657813829271466,126.04801829268287
8.510113378684807,0.18464421674808004,0.08617343601812547,126.04801829268287
8.52172335600907,0.18541963714237578,0.08552725367668441,126.04801829268287
8.533333333333333,0.18689712387486596,0.0848688647605435,126.04801829268287
8.544943310657596,0.18808561168620924,0.0841362664267433,126.04801829268287
8.55655328798186,0.1885801480694729,0.08358807758083844,126.04801829268287
8.568163265306122,0.18794046666462785,0.08354409902679047,126.04801829268287
8.579773242630386,0.18644356853736627,0.08393291221343828,126.04801829268287
8.591383219954649,0.18452076091040048,0.08459031288687258,126.04801829268287
8.602993197278911,0.18303932834243358,0.08516862516111867,126.04801829268287
8.614603174603175,0.18233794338347065,0.08540807331797999,126.04801829268287
8.626213151927438,0.18240332330340578,0.08552655067025128,126.04801829268287
8.6378231292517,0.18347252143627088,0.08554294776048275,126.04801829268287
8.649433106575964,0.18545966317433904,0.08537323762988444,126.04801829268287
8.661043083900227,0.188135644746777,0.08514762447119711,126.04801829268287
8.672653061224489,0.19141578187705838,0.0846276189991523,126.04801829268287
8.684263038548753,0.1949478793862717,0.08377727646218903,126.04801829268287
8.695873015873016,0.1982492234039084,0.08273334468905286,126.04801829268287
8.70748299319728,0.2010909475589898,0.08211533869926559,126.04801829268287
8.719092970521542,0.20307035714214708,0.0819203038149498,126.04801829268287
8.730702947845804,0.20378206607934482,0.08182367278934015,126.04801829268287
8.742312925170069,0.2036159744772662,0.08195266788166634,126.04801829268287
8.753922902494331,0.2030188172172395,0.0823769234522668,126.04801829268287
8.765532879818593,0.2026944365549675,0.08285307995017752,126.04801829268287
8.777142857142858,0.20329470250361548,0.08300214502943185,126.04801829268287
8.78875283446712,0.2049697300715438,0.08299795808181208,126.04801829268287
8.800362811791382,0.207058418139665,0.08277571573684499,126.04801829268287
8.811972789115647,0.2093925526679028,0.08226900739445814,126.04801829268287
8.823582766439909,0.2115330272235875,0.0819489494471188,126.04801829268287
8.835192743764173,0.213630085094299,0.08199220297814457,126.04801829268287
8.846802721088435,0.21626324264841817,0.08215343054147693,126.04801829268287
8.858412698412698,0.21962661300067668,0.08211409059503101,126.04801829268287
8.870022675736962,0.224109123334845,0.08175832066405249,126.04801829268287
8.881632653061224,0.22943723362521526,0.08114069856158926,126.04801829268287
8.893242630385487,0.23565189826212918,0.08028501035095088,126.04801829268287
8.904852607709751,0.24157297799579414,0.07962406070357159,126.04801829268287
8.916462585034013,0.24670589437735824,0.07937607222938488,126.04801829268287
8.928072562358278,0.25058956940937027,0.07912862228162602,126.04801829268287
8.93968253968254,0.25284354941690224,0.07879502686422021,126.04801829268287
8.951292517006802,0.25403175568034786,0.07865902307951554,126.04801829268287
8.962902494331066,0.2547774669405687,0.07873160884371513,126.04801829268287
8.974512471655329,0.25539555203899894,0.07895454827516678,126.04801829268287
8.986122448979591,0.2562522514796271,0.07910957764274744,126.04801829268287
8.997732426303855,0.2575429086915189,0.07930507644604293,126.04801829268287
9.009342403628118,0.2592908563319547,0.0792715733071247,126.04801829268287
9.02095238095238,0.26139642811113306,0.07922696799947326,126.04801829268287
9.032562358276644,0.2634249790476853,0.07915277706080211,126.04801829268287
9.044172335600907,0.2649746578264625,0.07897256144435333,126.04801829268287
9.05578231292517,0.265846797420436,0.07877816247358024,126.04801829268287
9.067392290249433,0.26562986976319397,0.07853557080922022,126.04801829268287
9.079002267573696,0.26476727114442633,0.07850055738974113,126.04801829268287
9.09061224489796,0.26370249697867476,0.07883127798590095,126.04801829268287
9.102222222222222,0.2622986291905445,0.07933688561646239,126.04801829268287
9.113832199546485,0.26100694241296796,0.07990839981218718,126.04801829268287
9.125442176870749,0.2598205029042292,0.08064016775619273,126.04801829268287
9.137052154195011,0.2580737689184882,0.08117492631003698,126.04801829268287
9.148662131519274,0.25600564467566017,0.08181257929423762,126.04801829268287
9.160272108843538,0.2532801477409336,0.08245559181403013,126.04801829268287
9.1718820861678,0.24964511615374574,0.08299701319032736,126.04801829268287
9.183492063492064,0.24554062260582332,0.08363678771013933,126.04801829268287
9.195102040816327,0.2408318364745274,0.0843278392721302,126.04801829268287
9.206712018140589,0.2365510814479514,0.08455495981747198,126.04801829268287
9.218321995464853,0.2323734704108003,0.08447345467480878,126.04801829268287
9.229931972789116,0.229415228324665,0.08472970874161523,126.04801829268287
9.241541950113378,0.22734130569451308,0.08512623062510162,126.04801829268287
9.253151927437642,0.22637943728534993,0.08530412974822671,126.04801829268287
9.264761904761905,0.22570154824812907,0.08524917532323617,126.04801829268287
9.276371882086167,0.22542892741799828,0.08485188083676762,126.04801829268287
9.287981859410431,0.22527834677273031,0.0847529097910028,126.04801829268287
9.299591836734693,0.22500295711061202,0.08445608305302578,126.04801829268287
9.311201814058958,0.2251270231075668,0.08431135540979373,126.04801829268287
9.32281179138322,0.22530885556947314,0.08411254508801774,126.04801829268287
9.334421768707482,0.22618208886874133,0.08388594951785926,126.04801829268287
9.346031746031747,0.22722872485262546,0.08378097900910812,126.04801829268287
9.357641723356009,0.22872078293829157,0.0837234429397341,126.04801829268287
9.369251700680271,0.23048813239420643,0.08404261205866972,126.04801829268287
9.380861678004536,0.23190820751205393,0.08408237412831795,126.04801829268287
9.392471655328798,0.23321761264859728,0.0837583584219244,126.04801829268287
9.404081632653062,0.23440381059257184,0.08327695502017138,126.04801829268287
9.415691609977324,0.23534033885796515,0.08291521036330007,126.04801829268287
9.427301587301587,0.23613408985295772,0.08245398297663242,126.04801829268287
9.438911564625851,0.23661660297481726,0.08184818027011571,126.04801829268287
9.450521541950113,0.2371584918827475,0.08173690529395686,126.04801829268287
9.462131519274376,0.23750286077978827,0.08167731352608064,126.04801829268287
9.47374149659864,0.23798434183701725,0.08166183073611402,126.04801829268287
9.485351473922902,0.23885873548013575,0.08196357830387971,126.04801829268287
9.496961451247165,0.23921229216803747,0.08221852933895582,126.04801829268287
9.508571428571429,0.23952425057055343,0.08268344320917412,126.04801829268287
9.520181405895691,0.23995125294257036,0.08326963683083839,126.04801829268287
9.531791383219955,0.23999734266660733,0.08374327058687171,126.04801829268287
9.543401360544218,0.2404451121115122,0.08416979133983893,126.04801829268287
9.55501133786848,0.24020722163062494,0.08441426279494135,126.04801829268287
9.566621315192744,0.24035909506387257,0.08497837963260722,126.04801829268287
9.578231292517007,0.24023451678302127,0.08575783073149822,126.04801829268287
9.58984126984127,0.24065091696083354,0.08620293638313319,126.04801829268287
9.601451247165533,0.24212155324980245,0.08643915987197362,126.04801829268287
9.613061224489796,0.24384080716115517,0.08652290198536187,126.04801829268287
9.624671201814058,0.24696167647745704,0.08673845092350595,126.04801829268287
9.636281179138322,0.25007263830649684,0.08678696234031665,126.04801829268287
9.647891156462585,0.25451227131150184,0.08663952165565253,126.04801829268287
9.659501133786849,0.2594229730994146,0.0866309473851804,126.04801829268287
9.671111111111111,0.2644292737262882,0.08657559629887865,126.04801829268287
9.682721088435374,0.26968189044642965,0.08691845186737525,126.04801829268287
9.694331065759638,0.2739752726463204,0.0871714450759995,126.04801829268287
9.7059410430839,0.2778120108116568,0.08757122905647188,126.04801829268287
9.717551020408163,0.28104847553150764,0.08777503071151228,126.04801829268287
9.729160997732427,0.28420024597904864,0.08809017167723697,126.04801829268287
9.740770975056689,0.28763411076038886,0.08839470593767215,126.04801829268287
9.752380952380953,0.29141664345859153,0.08817645770289956,126.04801829268287
9.763990929705216,0.29606239201518353,0.08783350124894956,126.04801829268287
9.775600907029478,0.3017222352829694,0.08740934631256003,126.04801829268287
9.787210884353742,0.3081077715888573,0.08660057407690257,126.04801829268287
9.798820861678005,0.3152217072911887,0.08555104109993163,126.04801829268287
9.810430839002267,0.32243782155687,0.08461477178398982,126.04801829268287
9.822040816326531,0.32981507034907115,0.08395735793035697,126.04801829268287
9.833650793650794,0.3365491362968185,0.08323458657637926,126.04801829268287
9.845260770975056,0.34255447215428986,0.08276528387588983,126.04801829268287
9.85687074829932,0.34786798068764313,0.08260982487538143,126.04801829268287
9.868480725623582,0.3528017369168667,0.0824656440386422,126.04801829268287
9.880090702947847,0.357642033404766,0.08207692180195561,126.04801829268287
9.891700680272109,0.36207505586505,0.081741774816148,126.04801829268287
9.903310657596371,0.365906538747291,0.08169600381063012,126.04801829268287
9.914920634920636,0.36886233519843376,0.08180532233004247,126.04801829268287
9.926530612244898,0.37030974795075683,0.08172375523094164,126.04801829268287
9.93814058956916,0.3712047795545618,0.08206385328860374,126.04801829268287
9.949750566893425,0.37055305531323696,0.0825937517561191,126.04801829268287
9.961360544217687,0.3683657013666308,0.08312525687360936,126.04801829268287
9.97297052154195,0.364994698400804,0.0838693721275095,126.04801829268287
9.984580498866213,0.3606834787255283,0.08455523062141841,126.04801829268287
9.996190476190476,0.35618489558822697,0.08539056679840644,126.04801829268287
10.00780045351474,0.3519581744345039,0.08642669726824187,126.04801829268287
10.019410430839002,0.34826278747447725,0.08717086061555496,126.04801829268287
10.031020408163265,0.3449056594889197,0.08770938796813352,126.04801829268287
10.042630385487529,0.34233914298940143,0.08829377942202615,126.04801829268287
10.054240362811791,0.34007005768726634,0.08901864870566314,126.04801829268287
10.065850340136054,0.3380862103927934,0.0898712180653004,126.04801829268287
10.077460317460318,0.3359954307070066,0.09076956008288599,126.04801829268287
10.08907029478458,0.33325004382938095,0.09142745443669134,126.04801829268287
10.100680272108843,0.33021300081820154,0.09234100244274417,126.04801829268287
10.112290249433107,0.3261209861728075,0.09349677949679251,126.04801829268287
10.12390022675737,0.32146980157603794,0.09449041464046264,126.04801829268287
10.135510204081633,0.31677454723644977,0.09533787556814585,126.04801829268287
10.147120181405896,0.31197507602669067,0.09593753893039768,126.04801829268287
10.158730158730158,0.30785773373225594,0.09690427803243065,126.04801829268287
10.170340136054422,0.30341753929741966,0.09767665190493156,126.04801829268287
10.181950113378685,0.29897933902136126,0.09871748184583373,126.04801829268287
10.193560090702947,0.2945801189684333,0.09976367152792585,126.04801829268287
10.205170068027211,0.2902699796707412,0.10062734266079675,126.04801829268287
10.216780045351474,0.2868014753351895,0.10110180879688441,126.04801829268287
10.228390022675738,0.28428428969245884,0.10120836288058194,126.04801829268287
10.24,0.28277364111572884,0.10086339449444841,126.04801829268287
10.251609977324263,0.2831662130120027,0.10037649601836682,126.04801829268287
10.263219954648527,0.28614958949536723,0.099520465085095,126.04801829268287
10.27482993197279,0.29038496949641573,0.09828035664273595,126.04801829268287
10.286439909297052,0.2948980023715289,0.09696477342990242,126.04801829268287
10.298049886621316,0.29908536179639045,0.09591243443801316,126.04801829268287
10.309659863945578,0.3015495506287905,0.09489026231365558,126.04801829268287
10.32126984126984,0.30322941032498585,0.09431250899587204,126.04801829268287
10.332879818594105,0.3045673717485913,0.09388787336214299,126.04801829268287
10.344489795918367,0.3049656170848973,0.09368457913470489,126.04801829268287
10.356099773242631,0.30488929927903324,0.09346291741029061,126.04801829268287
10.367709750566894,0.3047113485129939,0.09323912151143143,126.04801829268287
10.379319727891156,0.30448291904104574,0.0931007798127159,126.04801829268287
10.39092970521542,0.3046231049046134,0.0930638663711336,126.04801829268287
10.402539682539683,0.3048740107284021,0.09280813358180588,126.04801829268287
10.414149659863945,0.30590068013504806,0.09239710381262334,126.04801829268287
10.425759637188209,0.30731832960946975,0.0918270889224963,126.04801829268287
10.437369614512471,0.30883501480636016,0.09171024006313418,126.04801829268287
10.448979591836734,0.31007780471074287,0.09191318863315874,126.04801829268287
10.460589569160998,0.3102801410232423,0.09161183786963734,126.04801829268287
10.47219954648526,0.3102301187914398,0.09117403723182786,126.04801829268287
10.483809523809525,0.31016789587307875,0.09054677596635048,126.04801829268287
10.495419501133787,0.31000079802880975,0.08969598347894393,126.04801829268287
10.50702947845805,0.3097889482295087,0.08911219707016292,126.04801829268287
10.518639455782314,0.3086610806792629,0.08882175267441482,126.04801829268287
10.530249433106576,0.30635676523871685,0.08896709332420591,126.04801829268287
10.541859410430838,0.30296801725850103,0.0895053641119239,126.04801829268287
10.553469387755102,0.2981894747201273,0.09024742819183826,126.04801829268287
10.565079365079365,0.2920712073353692,0.09115692046393693,126.04801829268287
10.576689342403627,0.28637032887799285,0.0919386225700801,126.04801829268287
10.588299319727891,0.2822644775694989,0.09273890247431776,126.04801829268287
10.599909297052154,0.27998820613211833,0.09315843710335137,126.04801829268287
10.611519274376418,0.27982999204030007,0.09321196295818651,126.04801829268287
10.62312925170068,0.2799803777677927,0.0932884589930413,126.04801829268287
10.634739229024943,0.27934627942443857,0.09337829694725817,126.04801829268287
10.646349206349207,0.27832446463657207,0.09350448697405932,126.04801829268287
10.65795918367347,0.2768408113387379,0.0935271263927152,126.04801829268287
10.669569160997732,0.27528380231883864,0.09358777263629295,126.04801829268287
10.681179138321996,0.273332082305029,0.09355443460900144,126.04801829268287
10.692789115646258,0.27083754877332933,0.09362726271969747,126.04801829268287
10.704399092970522,0.2688793306673613,0.09393592761913834,126.04801829268287
10.716009070294785,0.26683116383897015,0.09400803418772812,126.04801829268287
10.727619047619047,0.26488463746759183,0.09423316730360562,126.04801829268287
10.739229024943311,0.26348154185372524,0.09412664642362174,126.04801829268287
10.750839002267574,0.26293420940877993,0.09372658841571894,126.04801829268287
10.762448979591836,0.2632417355143629,0.09343025492931407,126.04801829268287
10.7740589569161,0.26382825059705145,0.09309343403579973,126.04801829268287
10.785668934240363,0.26383288447561537,0.09309826668359185,126.04801829268287
10.797278911564625,0.2624607882848576,0.09365491059316838,126.04801829268287
10.80888888888889,0.26038647498617307,0.09452314346994169,126.04801829268287
10.820498866213152,0.2587364635320377,0.0953119111234763,126.04801829268287
10.832108843537416,0.2580743711644349,0.09556400760738606,126.04801829268287
10.843718820861678,0.2588315559179756,0.09571303315280913,126.04801829268287
10.85532879818594,0.26067787872619724,0.09569711734797233,126.04801829268287
10.866938775510205,0.2636172962533419,0.0954192834862603,126.04801829268287
10.878548752834467,0.2675856005850721,0.09499164621962455,126.04801829268287
10.89015873015873,0.2716553787774259,0.09439063672275314,126.04801829268287
10.901768707482994,0.2760937831340611,0.09384076410961098,126.04801829268287
10.913378684807256,0.28067105391086183,0.09333399944695246,126.04801829268287
10.924988662131518,0.28536039657758144,0.09277943731782956,126.04801829268287
10.936598639455783,0.2902092652826838,0.09209537747794122,126.04801829268287
10.948208616780045,0.2949553073644826,0.09135336579386964,126.04801829268287
10.95981859410431,0.29909249045588165,0.09061055196747463,126.04801829268287
10.971428571428572,0.30179113538460695,0.08984042995590479,126.04801829268287
10.983038548752834,0.3035220793645855,0.0892616660955507,126.04801829268287
10.994648526077098,0.30414949136186153,0.08905909191243781,126.04801829268287
11.00625850340136,0.30367491156005266,0.08908937134643234,126.04801829268287
11.017868480725623,0.30280092524510555,0.08918758202963702,126.04801829268287
11.029478458049887,0.3021562988429399,0.08927857941175554,126.04801829268287
11.04108843537415,0.3016308171803939,0.0893883708889556,126.04801829268287
11.052698412698414,0.30091742978457553,0.08952166809431605,126.04801829268287
11.064308390022676,0.3001721891591541,0.08965449185584368,126.04801829268287
11.075918367346938,0.29944252113120723,0.08989890353780643,126.04801829268287
11.087528344671203,0.29903857819839275,0.09005543904928652,126.04801829268287
11.099138321995465,0.2997969024712352,0.0899027306811061,126.04801829268287
11.110748299319727,0.3012825857460709,0.0894045509409494,126.04801829268287
11.122358276643991,0.30276078551110663,0.08907112466094429,126.04801829268287
11.133968253968254,0.3039179498693642,0.08935040637071458,126.04801829268287
11.145578231292516,0.30450175276283764,0.08947575456227523,126.04801829268287
11.15718820861678,0.304431763953797,0.08947244210263022,126.04801829268287
11.168798185941043,0.3032808461271501,0.08968507980648743,126.04801829268287
11.180408163265307,0.3008886885755214,0.09016674199034357,126.04801829268287
11.19201814058957,0.29766164154954855,0.09075181203531957,126.04801829268287
11.203628117913832,0.2930807289756812,0.09137090727600632,126.04801829268287
11.215238095238096,0.2877321902195839,0.09197523348198074,126.04801829268287
11.226848072562358,0.28261274482204546,0.0924745102743124,126.04801829268287
11.23845804988662,0.2774631996218996,0.0929299714730629,126.04801829268287
11.250068027210885,0.27311248910556074,0.09340100749404966,126.04801829268287
11.261678004535147,0.2705424957394012,0.09354255621354826,126.04801829268287
11.27328798185941,0.268548928378604,0.0935619683182385,126.04801829268287
11.284897959183674,0.2674637819734068,0.09347162578739393,126.04801829268287
11.296507936507936,0.26823481338583066,0.09303117559986536,126.04801829268287
11.3081179138322,0.2693726275734899,0.09222616991573082,126.04801829268287
11.319727891156463,0.27089910530613387,0.09153208747982902,126.04801829268287
11.331337868480725,0.27187798987048345,0.09089393934915597,126.04801829268287
11.34294784580499,0.27208678262604397,0.09047374664383523,126.04801829268287
11.354557823129252,0.27104032823222396,0.09019683518444425,126.04801829268287
11.366167800453514,0.26960666884480616,0.08996539559650836,126.04801829268287
11.377777777777778,0.26799166845482997,0.0899943734906977,126.04801829268287
11.38938775510204,0.2667174351479614,0.08973319604582707,126.04801829268287
11.400997732426303,0.26571220419765157,0.08916390472021284,126.04801829268287
11.412607709750567,0.2646056259999738,0.08852378070441952,126.04801829268287
11.42421768707483,0.2630051353225095,0.0878754416921042,126.04801829268287
11.435827664399094,0.2598429830044884,0.08740305729037579,126.04801829268287
11.447437641723356,0.25620702180944915,0.08714854323748412,126.04801829268287
11.459047619047618,0.2525960867239862,0.08715015228632887,126.04801829268287
11.470657596371883,0.249780555269696,0.0867466470859243,126.04801829268287
11.482267573696145,0.2479822638664266,0.08634983519308506,126.04801829268287
11.493877551020407,0.24657850020103958,0.085821518165746,126.04801829268287
11.505487528344672,0.2457712315750324,0.08547173806016012,126.04801829268287
11.517097505668934,0.24487207671059627,0.08513811068242386,126.04801829268287
11.528707482993198,0.2434723330160791,0.0850501424887942,126.04801829268287
11.54031746031746,0.24238867681558263,0.08502465812121654,126.04801829268287
11.551927437641723,0.24234922179274312,0.08499425490278453,126.04801829268287
11.563537414965987,0.2420752823521923,0.08478787549791864,126.04801829268287
11.57514739229025,0.24342381681563435,0.08478429322929684,126.04801829268287
11.586757369614512,0.24498570710973536,0.08471330351825193,126.04801829268287
11.598367346938776,0.2453329864456944,0.08479024202167713,126.04801829268287
11.609977324263038,0.24578804115069633,0.08499074747196887,126.04801829268287
11.6215873015873,0.24595110736234824,0.08529340355887832,126.04801829268287
11.633197278911565,0.24658187710984733,0.08554051423589658,126.04801829268287
11.644807256235827,0.24825756023456694,0.08579693228919529,126.04801829268287
11.656417233560092,0.2516097977831213,0.0855550758562672,126.04801829268287
11.668027210884354,0.2558738048746973,0.08543233008851843,126.04801829268287
11.679637188208616,0.26096099054744304,0.08489838426231104,126.04801829268287
11.69124716553288,0.26619924415989504,0.0845905819854543,126.04801829268287
11.702857142857143,0.2719970367347245,0.08431226302790792,126.04801829268287
11.714467120181405,0.2779221072848913,0.08421525643383834,126.04801829268287
11.72607709750567,0.2843279758470915,0.08382927709405227,126.04801829268287
11.737687074829932,0.2915047188046188,0.0833376597327748,126.04801829268287
11.749297052154194,0.298259169486541,0.08255007204547268,126.04801829268287
11.760907029478458,0.30347793798531947,0.0818964401899363,126.04801829268287
11.77251700680272,0.30778035637335704,0.08169066412924623,126.04801829268287
11.784126984126985,0.31029857158177254,0.08184923226294293,126.04801829268287
11.795736961451247,0.31306500291527417,0.0821110202801747,126.04801829268287
11.80734693877551,0.3157787964536638,0.08222589932970363,126.04801829268287
11.818956916099774,0.32003723922584254,0.08206841895892403,126.04801829268287
11.830566893424036,0.3255340496012545,0.08173528613565402,126.04801829268287
11.842176870748299,0.33217967868881,0.08124111689640628,126.04801829268287
11.853786848072563,0.33819307781151564,0.08057036429777718,126.04801829268287
11.865396825396825,0.3442655944958888,0.08025345239310859,126.04801829268287
11.877006802721088,0.3495041804681371,0.08021709436634271,126.04801829268287
11.888616780045352,0.35476073386095397,0.0800184484485611,126.04801829268287
11.900226757369614,0.3610781955503124,0.07958569920611147,126.04801829268287
11.911836734693878,0.36835527493161674,0.07912846724971258,126.04801829268287
11.92344671201814,0.37645123554023296,0.07858387289723652,126.04801829268287
11.935056689342403,0.38524940909186617,0.07774806312024748,126.04801829268287
11.946666666666667,0.39327445378253634,0.07682582040571546,126.04801829268287
11.95827664399093,0.4002296639421349,0.07631792898851822,126.04801829268287
11.969886621315192,0.40645657882803304,0.07612679280924325,126.04801829268287
11.981496598639456,0.41074639170028643,0.07583502910170006,126.04801829268287
11.993106575963719,0.41475213024065577,0.07569600488405076,126.04801829268287
12.004716553287983,0.41734760035962415,0.07554648119044996,126.04801829268287
12.016326530612245,0.4197968921429076,0.07526189328105633,126.04801829268287
12.027936507936507,0.42258505097748067,0.07476679870711014,126.04801829268287
12.039546485260772,0.42609148347996534,0.07425992658933177,126.04801829268287
12.051156462585034,0.43035010034537075,0.07383487703472301,126.04801829268287
12.062766439909296,0.4356540412480959,0.07356122706655348,126.04801829268287
12.07437641723356,0.4401360072285627,0.07317173435860566,126.04801829268287
12.085986394557823,0.445255193568716,0.07275870812261248,126.04801829268287
12.097596371882085,0.44896497778869193,0.07233830361662742,126.04801829268287
12.10920634920635,0.4526033871176696,0.07225585136823079,126.04801829268287
12.120816326530612,0.45499450510783007,0.0721756518903574,126.04801829268287
12.132426303854876,0.4572441711018654,0.07224804364119411,126.04801829268287
12.144036281179138,0.4584444497726498,0.07212585956087579,126.04801829268287
12.1556462585034,0.46049888312421844,0.07227571291372328,126.04801829268287
12.167256235827665,0.46207084833495243,0.07230946878627255,126.04801829268287
12.178866213151927,0.46385955711391863,0.07215531107386496,126.04801829268287
12.19047619047619,0.46577849762220164,0.07215199079219524,126.04801829268287
12.202086167800454,0.4660711508351443,0.07234854681649444,126.04801829268287
12.213696145124716,0.46556147750396354,0.07251288338360726,126.04801829268287
12.225306122448979,0.4629816024729823,0.07276316160366252,126.04801829268287
12.236916099773243,0.4594339940069584,0.0733615856373572,126.04801829268287
12.248526077097505,0.45528656357166347,0.0740168864031592,126.04801829268287
12.26013605442177,0.45148805927763414,0.07446273371035783,126.04801829268287
12.271746031746032,0.4484797766340935,0.07465214615017923,126.04801829268287
12.283356009070294,0.44630739303901545,0.07478329640312652,126.04801829268287
12.294965986394558,0.4444283940150282,0.07470522191914652,126.04801829268287
12.30657596371882,0.44375809177736864,0.07514551418753596,126.04801829268287
12.318185941043083,0.44317773992809634,0.07568122712509423,126.04801829268287
12.329795918367347,0.4421608688880774,0.07626489069877647,126.04801829268287
12.34140589569161,0.441185232120334,0.07674650149372238,126.04801829268287
12.353015873015874,0.4385581086874295,0.07719880116424391,126.04801829268287
12.364625850340136,0.4357347663614346,0.07750703099326363,126.04801829268287
12.376235827664399,0.4334620700825647,0.07790117848125531,126.04801829268287
12.387845804988663,0.43077288949470643,0.07804494950096756,126.04801829268287
12.399455782312925,0.42956970538289535,0.07838559810813747,126.04801829268287
12.411065759637188,0.427758607715193,0.0785268509320575,126.04801829268287
12.422675736961452,0.426523980200896,0.07887570504108811,126.04801829268287
12.434285714285714,0.4248351193017956,0.07904681075635363,126.04801829268287
12.445895691609977,0.4228831194060522,0.0792439568997301,126.04801829268287
12.45750566893424,0.4191473936293417,0.07959095695549671,126.04801829268287
12.469115646258503,0.41398728205321483,0.08035270294631146,126.04801829268287
12.480725623582767,0.40661883454825176,0.08145420370929958,126.04801829268287
12.49233560090703,0.3980255012528468,0.08287578479037287,126.04801829268287
12.503945578231292,0.3898346956539305,0.08405030225377016,126.04801829268287
12.515555555555556,0.3819107716395392,0.08466948881557262,126.04801829268287
12.527165532879819,0.37606634706942615,0.08549525531367529,126.04801829268287
12.538775510204081,0.37014780793069557,0.08589371970993626,126.04801829268287
12.550385487528345,0.36505954854422173,0.08627119150165591,126.04801829268287
12.561995464852608,0.3598722617650986,0.086909550781196,126.04801829268287
12.57360544217687,0.35369285017359914,0.08764111026732559,126.04801829268287
12.585215419501134,0.34776157057600926,0.08856102129277171,126.04801829268287
12.596825396825396,0.34067655850577794,0.08957929735758972,126.04801829268287
12.60843537414966,0.3325892217592453,0.09025565898803287,126.04801829268287
12.620045351473923,0.32426345475952467,0.09111691482058931,126.04801829268287
12.631655328798185,0.31558900984715815,0.09225652611609973,126.04801829268287
12.64326530612245,0.3076574490542888,0.0934965280501559,126.04801829268287
12.654875283446712,0.30151432215634355,0.09466507764029863,126.04801829268287
12.666485260770974,0.2965543219979391,0.09533579923226014,126.04801829268287
12.678095238095239,0.29272948547864275,0.09584094060394206,126.04801829268287
12.689705215419501,0.29037721443450143,0.09637488420200234,126.04801829268287
12.701315192743763,0.28770357062589397,0.09657852970512461,126.04801829268287
12.712925170068027,0.28570753014170003,0.09672084429313604,126.04801829268287
12.72453514739229,0.283075949422404,0.0968377746632558,126.04801829268287
12.736145124716554,0.27942581170763103,0.09698017250916693,126.04801829268287
12.747755102040816,0.27550205858228416,0.0975118672325358,126.04801829268287
12.759365079365079,0.2710100535034079,0.09781002552025662,126.04801829268287
12.770975056689343,0.26742649436958993,0.09792098053215215,126.04801829268287
12.782585034013605,0.2652415219183666,0.09788324269022744,126.04801829268287
12.794195011337868,0.2642058846280933,0.09760611449265004,126.04801829268287
12.805804988662132,0.26411154025994266,0.09764668240853255,126.04801829268287
12.817414965986394,0.2642496028525308,0.09792764763619766,126.04801829268287
12.829024943310658,0.2636984037053936,0.09795109391040177,126.04801829268287
12.84063492063492,0.26387256940147186,0.098536719126504,126.04801829268287
12.852244897959183,0.2639836108927238,0.09887139301851289,126.04801829268287
12.863854875283447,0.2651037983494303,0.09881094310246727,126.04801829268287
12.87546485260771,0.2674020263579173,0.09863216796710059,126.04801829268287
12.887074829931972,0.2697363499730568,0.09833614329111035,126.04801829268287
12.898684807256236,0.27310476986187004,0.09829759563427161,126.04801829268287
12.910294784580499,0.27636870799225366,0.09832085986501396,126.04801829268287
12.921904761904761,0.27935969626463786,0.09810685784998353,126.04801829268287
12.933514739229025,0.2830182579258276,0.09766808524747427,126.04801829268287
12.945124716553288,0.2858972559405237,0.09670267275361423,126.04801829268287
12.956734693877552,0.28898849275708954,0.0956945201442847,126.04801829268287
12.968344671201814,0.2912962650727102,0.09487474948645166,126.04801829268287
12.979954648526077,0.2932269472944996,0.09416827501958089,126.04801829268287
12.99156462585034,0.29355192770377253,0.09356113076521974,126.04801829268287
13.003174603174603,0.2931085797270353,0.0932710615128724,126.04801829268287
13.014784580498866,0.29180261980381933,0.09324924454663777,126.04801829268287
13.02639455782313,0.29072572575075806,0.09311239119055059,126.04801829268287
13.038004535147392,0.2910505853776488,0.09327087658033101,126.04801829268287
13.049614512471654,0.2921762147054065,0.09330852399380278,126.04801829268287
13.061224489795919,0.2952717796961622,0.09358045048570325,126.04801829268287
13.072834467120181,0.298755204404325,0.09355967816306515,126.04801829268287
13.084444444444445,0.30265475690520394,0.0933794989468655,126.04801829268287
13.096054421768708,0.3060484236438091,0.09302305015901025,126.04801829268287
13.10766439909297,0.3083317229498654,0.0926191897115117,126.04801829268287
13.119274376417234,0.3097918353449324,0.09235592487936896,126.04801829268287
13.130884353741497,0.3110153966940808,0.09219068341411422,126.04801829268287
13.142494331065759,0.31266200291802226,0.09159620079128357,126.04801829268287
13.154104308390023,0.3145520272910426,0.09118665126823634,126.04801829268287
13.165714285714285,0.3164290471499268,0.0908077097806274,126.04801829268287
13.177324263038548,0.3182111362213706,0.0903775397175512,126.04801829268287
13.188934240362812,0.32034129096373015,0.09005914381012334,126.04801829268287
13.200544217687074,0.3225971660051885,0.08938840475511327,126.04801829268287
13.212154195011339,0.32513547690304384,0.08857048067033677,126.04801829268287
13.223764172335601,0.32786646985264806,0.08791334849969289,126.04801829268287
13.235374149659863,0.33013460638834696,0.08728664274982673,126.04801829268287
13.246984126984128,0.3328972551508332,0.08693711027943349,126.04801829268287
13.25859410430839,0.3349844105321743,0.08673526388038469,126.04801829268287
13.270204081632652,0.3376741642116114,0.08685729134783703,126.04801829268287
13.281814058956916,0.33942780611662793,0.08694589416502463,126.04801829268287
13.293424036281179,0.3422203122839754,0.08697450904932547,126.04801829268287
13.305034013605443,0.34549712498331164,0.08666249247266364,126.04801829268287
13.316643990929705,0.34929133109050114,0.08624800365987252,126.04801829268287
13.328253968253968,0.35343353956197854,0.08596819239238614,126.04801829268287
13.339863945578232,0.357123807014967,0.08567061677727773,126.04801829268287
13.351473922902494,0.36055414411776715,0.08536721711651213,126.04801829268287
13.363083900226757,0.36284903353461573,0.08520179298684182,126.04801829268287
13.374693877551021,0.36463222630713754,0.08495245408003702,126.04801829268287
13.386303854875283,0.3651513556493658,0.08486119557026174,126.04801829268287
13.397913832199546,0.3649778971549595,0.08493046944634988,126.04801829268287
13.40952380952381,0.3653275121722942,0.08517901493320877,126.04801829268287
13.421133786848072,0.36517132056064006,0.08547319673286512,126.04801829268287
13.432743764172336,0.3655662964428091,0.0857732647464255,126.04801829268287
13.444353741496599,0.36451336311541555,0.086018147676665,126.04801829268287
13.455963718820861,0.36246611340014656,0.08615692859573124,126.04801829268287
13.467573696145125,0.35913803899187263,0.08671755643017663,126.04801829268287
13.479183673469388,0.3535903817325321,0.08714567493643169,126.04801829268287
13.49079365079365,0.3470015811722573,0.088128928636537,126.04801829268287
13.502403628117914,0.3395063446523591,0.0890698208479054,126.04801829268287
13.514013605442177,0.3329146719703356,0.0899372703431755,126.04801829268287
13.525623582766439,0.327699156266055,0.09037274132524338,126.04801829268287
13.537233560090703,0.32441008707037,0.09101643270167924,126.04801829268287
13.548843537414966,0.32147280697489794,0.09122068273743325,126.04801829268287
13.56045351473923,0.31937255045351504,0.09138816205360029,126.04801829268287
13.572063492063492,0.3165403002185929,0.09112238341003139,126.04801829268287
13.583673469387755,0.3143364390687691,0.09097361446634288,126.04801829268287
13.595283446712019,0.31162025403921345,0.09066609419540347,126.04801829268287
13.606893424036281,0.30891872949190186,0.09073002369255462,126.04801829268287
13.618503401360543,0.306910173453974,0.09049285233062061,126.04801829268287
13.630113378684808,0.30407302028731953,0.09015435224123491,126.04801829268287
13.64172335600907,0.30124823856852245,0.08972401816005711,126.04801829268287
13.653333333333334,0.2982203183756122,0.08926342988388293,126.04801829268287
13.664943310657597,0.29494698754080906,0.08847241561180418,126.04801829268287
13.676553287981859,0.29229353521456514,0.08809265741819977,126.04801829268287
13.688163265306123,0.2900219842858708,0.08732217504880353,126.04801829268287
13.699773242630386,0.28850927907671686,0.08674239038080898,126.04801829268287
13.711383219954648,0.2871916998883405,0.08601622375060418,126.04801829268287
13.722993197278912,0.2866477176967807,0.08545672284937335,126.04801829268287
13.734603174603174,0.28618216991820894,0.08477501774166907,126.04801829268287
13.746213151927437,0.28609603042222337,0.08410861036525476,126.04801829268287
13.757823129251701,0.2866761107193815,0.08360684818433702,126.04801829268287
13.769433106575963,0.2874554986066845,0.08281615774561707,126.04801829268287
13.781043083900228,0.2904040955948707,0.08213045463123275,126.04801829268287
13.79265306122449,0.2942674258758412,0.08094415308740759,126.04801829268287
13.804263038548752,0.29917823595140697,0.0796783471439819,126.04801829268287
13.815873015873017,0.30431786783341724,0.07861750072750073,126.04801829268287
13.827482993197279,0.3080782698672868,0.07759671262663183,126.04801829268287
13.839092970521541,0.3115044912062933,0.07652313277042105,126.04801829268287
13.850702947845805,0.31424067446640114,0.07572996172690218,126.04801829268287
13.862312925170068,0.3164908660720441,0.07525837141360635,126.04801829268287
13.87392290249433,0.3190298400235281,0.07503895049036925,126.04801829268287
13.885532879818594,0.32046013916177707,0.07507660195574989,126.04801829268287
13.897142857142857,0.3215452647424256,0.0752358262644475,126.04801829268287
13.908752834467121,0.32165234373856194,0.07525407775420818,126.04801829268287
13.920362811791383,0.3210684542149662,0.07544339332998345,126.04801829268287
13.931972789115646,0.3209042618117237,0.07598918830097576,126.04801829268287
13.94358276643991,0.3207982581952793,0.07635273685795976,126.04801829268287
13.955192743764172,0.321092966374682,0.0767505832077565,126.04801829268287
13.966802721088435,0.3221785226069965,0.07679204389194853,125.93258970450276
13.978412698412699,0.32380376534297683,0.07692203033306698,125.81716111632265
13.990022675736961,0.32673445405231266,0.07685819680073883,125.70173252814254
14.001632653061224,0.33087475832706226,0.07646621779944925,125.58630393996243
14.013242630385488,0.3355224160782737,0.07564458724003723,125.47087535178233
14.02485260770975,0.3402826813267951,0.07464726942901856,125.35544676360222
14.036462585034014,0.3442797193707418,0.07364165083596343,125.24001817542211
14.048072562358277,0.3473187365491325,0.07312541037562025,125.124589587242
14.05968253968254,0.34914518357514807,0.07285635067425232,125.00916099906189
14.071292517006803,0.3497972784934388,0.07293899768202335,124.89373241088178
14.082902494331066,0.34893210929238677,0.07306505323157321,124.77830382270167
14.094512471655328,0.34760018198999587,0.0736391415671015,124.66287523452155
14.106122448979592,0.34589133785401843,0.07422989047551157,124.54744664634144
14.117732426303855,0.343951072174944,0.07488943890971755,124.43201805816133
14.129342403628119,0.3427404770227621,0.07555364669637375,124.31658946998122
14.140952380952381,0.3403886541229076,0.07607154430923575,124.20116088180112
14.152562358276644,0.33773803143633313,0.07680644334672894,124.08573229362099
14.164172335600908,0.3345271450930885,0.07734288198640904,123.97030370544088
14.17578231292517,0.3306564012728014,0.07767292864639552,123.85487511726078
14.187392290249432,0.32780872088031726,0.07774757684682762,123.73944652908065
14.199002267573697,0.3251491178153864,0.07753556315958798,123.62401794090054
14.210612244897959,0.3238808928072921,0.07765623554908327,123.50858935272043
14.222222222222221,0.3227745536754326,0.07759926573109223,123.39316076454033
14.233832199546486,0.32166886260352695,0.07759976473976551,123.27773217636022
14.245442176870748,0.32058779197898996,0.07773203901401084,123.1623035881801
14.257052154195012,0.3188324757802625,0.0779430581952191,123.04687499999999
14.268662131519275,0.3164246540031452,0.07832620483089792,123.04687499999999
14.280272108843537,0.31276162589276274,0.07858812496314711,123.04687499999999
14.291882086167801,0.3081121680675666,0.0793830272187279,123.04687499999999
14.303492063492063,0.3022884905787748,0.08030781201779476,123.04687499999999
14.315102040816326,0.2961631919934132,0.08160727615168875,123.04687499999999
14.32671201814059,0.290852933755612,0.08287551619646862,123.04687499999999
14.338321995464852,0.2864864848783913,0.08363087047404666,123.04687499999999
14.349931972789115,0.2836927100795405,0.08419751034320899,123.04687499999999
14.361541950113379,0.28244631169736906,0.08428458875236897,123.04687499999999
14.373151927437641,0.28220414801910043,0.08413399349354161,123.04687499999999
14.384761904761906,0.2825689424664314,0.08409660418035703,123.04687499999999
14.396371882086168,0.2822542510501516,0.08385382112564409,123.04687499999999
14.40798185941043,0.28114580197502376,0.08397501069678896,123.04687499999999
14.419591836734694,0.27846462384471754,0.08410970597052404,123.04687499999999
14.431201814058957,0.27447593227986666,0.08474753629813482,123.04687499999999
14.44281179138322,0.26974668228111104,0.08549375355550239,123.04687499999999
14.454421768707483,0.26471141887198585,0.08627337634816047,123.04687499999999
14.466031746031746,0.2599949593110063,0.08706544350849878,123.04687499999999
14.477641723356008,0.2563433305585506,0.08829939680093256,123.04687499999999
14.489251700680272,0.2531713469711155,0.08972365981702114,123.04687499999999
14.500861678004535,0.25070585618793423,0.09095767244961205,123.04687499999999
14.512471655328799,0.24785901210932368,0.09150513685836627,123.04687499999999
14.524081632653061,0.24502976560729772,0.09222089859321071,123.04687499999999
14.535691609977324,0.24220400513471452,0.09272818400902869,123.04687499999999
14.547301587301588,0.2394507374149006,0.09303444730576518,123.04687499999999
14.55891156462585,0.2376108044111843,0.09310373029267659,123.04687499999999
14.570521541950113,0.23631138006431424,0.09337828471166071,123.04687499999999
14.582131519274377,0.23580987245514706,0.09369268890049944,123.04687499999999
14.59374149659864,0.23562174848060496,0.09365230789685527,123.04687499999999
14.605351473922903,0.23515446976555004,0.09358646662556876,123.04687499999999
14.616961451247166,0.23396162295968495,0.09353616296327591,123.04687499999999
14.628571428571428,0.23099156835657783,0.09363532375961536,123.04687499999999
14.640181405895692,0.2265521544258246,0.09441083933023718,123.04687499999999
14.651791383219955,0.22113479136944675,0.09581505023594569,123.04687499999999
14.663401360544217,0.2152865046785426,0.09741402485893837,123.04687499999999
14.675011337868481,0.2105104348470747,0.09875569697254322,123.04687499999999
14.686621315192744,0.20669329924586616,0.09939449634595217,123.04687499999999
14.698231292517006,0.20431888337669873,0.09976165189494583,123.04687499999999
14.70984126984127,0.2030680310400637,0.09981910725624259,123.04687499999999
14.721451247165533,0.2030301836723794,0.0997618635698052,123.04687499999999
14.733061224489797,0.20384264177590822,0.09948292076812582,123.04687499999999
14.744671201814059,0.20499485988737234,0.09910146755957132,123.04687499999999
14.756281179138321,0.20611986947656247,0.09875959203930798,123.04687499999999
14.767891156462586,0.20701092942245036,0.09839511741071115,123.04687499999999
14.779501133786848,0.20695694969342388,0.0976603903582565,123.04687499999999
14.79111111111111,0.20636418141526902,0.09696015422177426,123.04687499999999
14.802721088435375,0.20519325952719641,0.09675093593825163,123.04687499999999
14.814331065759637,0.2036448552107962,0.09718088037581797,123.04687499999999
14.8259410430839,0.2021674534424644,0.09737555335880468,123.04687499999999
14.837551020408164,0.20127604281117734,0.09743796493091744,123.04687499999999
14.849160997732426,0.20107184145210155,0.09725038802925179,123.04687499999999
14.86077097505669,0.20118269052452403,0.09701087344600264,123.04687499999999
14.872380952380952,0.20191981790579452,0.09661998172675265,123.04687499999999
14.883990929705215,0.2026753683487578,0.0961717260647068,123.04687499999999
14.895600907029479,0.20361880619939057,0.09560527046076696,123.04687499999999
14.907210884353741,0.20518300801839084,0.09521491331434961,123.04687499999999
14.918820861678004,0.2070569475100399,0.09466738209113922,123.04687499999999
14.930430839002268,0.21012981290979366,0.09435328008297926,123.04687499999999
14.94204081632653,0.2140152805189528,0.0937779311887138,123.04687499999999
14.953650793650795,0.2182529978673409,0.09267273608901855,123.04687499999999
14.965260770975057,0.22243992539106358,0.09122847193458777,123.04687499999999
14.97687074829932,0.2256113862823278,0.0900629289354123,123.04687499999999
14.988480725623583,0.2278560193994472,0.08951433562589364,123.04687499999999
15.000090702947846,0.22923943331590105,0.08936680320330094,123.04687499999999
15.011700680272108,0.2301799382371031,0.08951621285178302,123.04687499999999
15.023310657596372,0.23053963150299872,0.08954401700763347,123.04687499999999
15.034920634920635,0.2308491076193165,0.08917379267235687,123.04687499999999
15.046530612244897,0.23116268700469877,0.08908542262563886,123.04687499999999
15.058140589569161,0.2314373236511382,0.08899272905331687,123.04687499999999
15.069750566893424,0.23173478983376308,0.08894161371119925,123.04687499999999
15.081360544217688,0.23203433847125213,0.08902676331009417,123.04687499999999
15.09297052154195,0.23228508852741692,0.08889144506798931,123.04687499999999
15.104580498866213,0.23284637092100666,0.08860881773560526,123.04687499999999
15.116190476190477,0.2341188166486198,0.08802757861188053,123.04687499999999
15.12780045351474,0.2358620987571778,0.08737317811135602,123.04687499999999
15.139410430839002,0.23756296709102528,0.08681305715006664,123.04687499999999
15.151020408163266,0.2385527262346759,0.08671017789059203,123.04687499999999
15.162630385487528,0.23847556878301068,0.08712873936845318,123.04687499999999
15.17424036281179,0.23720168782750514,0.08783300652203024,123.04687499999999
15.185850340136055,0.23520372648694446,0.08860653071722266,123.04687499999999
15.197460317460317,0.23265972548941818,0.0895203931833211,123.04687499999999
15.209070294784581,0.22954578574992257,0.0902503254516358,123.04687499999999
15.220680272108844,0.22638068342634077,0.09114618102677073,123.04687499999999
15.232290249433106,0.2228548840936188,0.09201498566643748,123.04687499999999
15.24390022675737,0.21987254050786692,0.09265893267305893,123.04687499999999
15.255510204081633,0.2173973771383323,0.09282608502036856,123.04687499999999
15.267120181405895,0.21525334574973956,0.09320256241254801,123.04687499999999
15.27873015873016,0.21369988106801918,0.09355229398555291,123.04687499999999
15.290340136054422,0.21253775463631114,0.0937444296399811,123.04687499999999
15.301950113378684,0.21217761156016485,0.09368224187384161,123.04687499999999
15.313560090702948,0.21222580789554243,0.09330126471212777,123.04687499999999
15.32517006802721,0.21290134292578478,0.09312737465899343,123.04687499999999
15.336780045351475,0.21339774768755268,0.09323601052659795,123.04687499999999
15.348390022675737,0.21360776159464553,0.09321894131708594,123.04687499999999
15.36,0.21391907027124388,0.09308556303765216,123.04687499999999
15.371609977324264,0.21410439292750263,0.09273610829288374,123.04687499999999
15.383219954648526,0.21466689397367897,0.09230553393639648,123.04687499999999
15.394829931972788,0.21552445721658484,0.09189636103772071,123.04687499999999
15.406439909297053,0.21649924684168947,0.0912690020432009,123.04687499999999
15.418049886621315,0.2171983252736448,0.09069216483699573,123.04687499999999
15.429659863945579,0.21763331427655697,0.09054831606708535,123.04687499999999
15.441269841269841,0.21760504536826616,0.09028373819444152,123.04687499999999
15.452879818594104,0.21734014461480794,0.09010234041594416,123.04687499999999
15.464489795918368,0.21692585937815584,0.08964939525432757,123.04687499999999
15.47609977324263,0.21627765281958763,0.08931555389010395,123.04687499999999
15.487709750566893,0.21556307592555085,0.08923041657822783,123.04687499999999
15.499319727891157,0.21443673023331983,0.08933365381425382,123.04687499999999
15.51092970521542,0.2133001355312291,0.08976699973322551,123.04687499999999
15.522539682539682,0.21189172799149483,0.09008850701005738,123.04687499999999
15.534149659863946,0.21038115938103158,0.09035095783088314,123.04687499999999
15.545759637188208,0.20863090979498883,0.09067624822020312,123.04687499999999
15.557369614512472,0.20695873643969742,0.0910261336697829,123.04687499999999
15.568979591836735,0.20581009515270812,0.09137136497439642,123.04687499999999
15.580589569160997,0.20514000365948085,0.09157270761736941,123.04687499999999
15.592199546485261,0.20484231923558618,0.09155458019605589,123.04687499999999
15.603809523809524,0.20470224332563525,0.09137381608916824,123.04687499999999
15.615419501133786,0.20432071427101534,0.09130957266336649,123.04687499999999
15.62702947845805,0.20369286162629005,0.09135365496571951,123.04687499999999
15.638639455782313,0.20314019309900075,0.09136140437143124,123.04687499999999
15.650249433106575,0.20284771731121243,0.09126033212607731,123.04687499999999
15.66185941043084,0.20258049920198135,0.09109012997977456,123.04687499999999
15.673469387755102,0.202082107778273,0.09117596191519477,123.04687499999999
15.685079365079366,0.20106094938017965,0.09136736953166907,123.04687499999999
15.696689342403628,0.19904085445984912,0.09193412892318939,123.04687499999999
15.70829931972789,0.19604226481071949,0.09293956480494515,123.04687499999999
15.719909297052155,0.1927035015781186,0.09422291698247588,123.04687499999999
15.731519274376417,0.18939525380611613,0.09500408733476798,123.04687499999999
15.74312925170068,0.18706989974056779,0.0955267979063787,123.04687499999999
15.754739229024944,0.1858027817654793,0.0955396446762627,123.04687499999999
15.766349206349206,0.18592647208757654,0.09533606917405711,123.04687499999999
15.777959183673469,0.18691836033308026,0.0949310079302516,123.04687499999999
15.789569160997733,0.18818468364339258,0.09438545398186603,123.04687499999999
15.801179138321995,0.18997228705531682,0.09395878150085088,123.04687499999999
15.81278911564626,0.19153255553356957,0.09338804026757144,123.04687499999999
15.824399092970522,0.1935328508895421,0.0926717390538911,123.04687499999999
15.836009070294784,0.19562984045573403,0.09167032937396313,123.04687499999999
15.847619047619048,0.19762990382623466,0.0908207239049679,123.04687499999999
15.85922902494331,0.19905970775671683,0.09022635023612033,123.04687499999999
15.870839002267573,0.19955688969064006,0.08968636670275605,123.04687499999999
15.882448979591837,0.1991238531974085,0.08965441473927514,123.04687499999999
15.8940589569161,0.19810754108827525,0.09005705074363159,123.04687499999999
15.905668934240364,0.19692871836644782,0.09040344875026039,123.04687499999999
15.917278911564626,0.19619424070074654,0.09063027990507459,123.04687499999999
15.928888888888888,0.19603619487128132,0.09042233455805866,123.04687499999999
15.940498866213153,0.1964235198142793,0.08988652549258125,123.04687499999999
15.952108843537415,0.19705276770376365,0.08961171379833542,123.04687499999999
15.963718820861677,0.19768551411741986,0.08960248329412253,123.04687499999999
15.975328798185942,0.1987739116511511,0.08968274740613738,123.04687499999999
15.986938775510204,0.20029776382470224,0.08977234009097289,123.04687499999999
15.998548752834466,0.20261812874488686,0.08940862541167303,123.04687499999999
16.01015873015873,0.2054959884897542,0.08860870339139525,123.04687499999999
16.021768707482995,0.2082869694671591,0.08749497561862463,123.04687499999999
16.033378684807257,0.2102859237221991,0.08669647936049538,123.04687499999999
16.04498866213152,0.21104484357713268,0.08647051140777146,123.04687499999999
16.056598639455782,0.21110046594655604,0.08663330647593785,123.04687499999999
16.068208616780044,0.21038639134063247,0.08694257876998317,123.04687499999999
16.07981859410431,0.2097957105152335,0.08698151951880913,123.04687499999999
16.091428571428573,0.20959841707543325,0.08695396799187094,123.04687499999999
16.103038548752835,0.20950716057135532,0.08669060559906938,123.04687499999999
16.114648526077097,0.20977566730365638,0.08638189996235633,123.04687499999999
16.12625850340136,0.20989450633890191,0.08617777196151825,123.04687499999999
16.137868480725622,0.21040447121376363,0.08605558690876865,123.04687499999999
16.149478458049888,0.21100116616881046,0.08589773595615022,123.04687499999999
16.16108843537415,0.21256709475938418,0.08556137131680079,123.04687499999999
16.172698412698413,0.21490631547538241,0.08520083214345385,123.04687499999999
16.184308390022675,0.21785901240070524,0.08462221754852653,123.04687499999999
16.195918367346938,0.22171087501922945,0.08378243829826516,123.04687499999999
16.207528344671204,0.22568260957061193,0.08305989462592632,123.04687499999999
16.219138321995466,0.22970931093462646,0.0822241318860019,123.04687499999999
16.23074829931973,0.2336319003841952,0.08160435934164056,123.04687499999999
16.24235827664399,0.23730348655108768,0.08129921324197371,123.04687499999999
16.253968253968253,0.24114382902930304,0.08087087565901772,123.04687499999999
16.265578231292515,0.24563937178250267,0.08033036985925211,123.04687499999999
16.27718820861678,0.25039812600177463,0.07940522531338605,123.04687499999999
16.288798185941044,0.25523238753547733,0.0780977341261649,123.04687499999999
16.300408163265306,0.2600680393160475,0.07681817993858679,123.04687499999999
16.31201814058957,0.2644621257012441,0.07573976628246755,123.04687499999999
16.32362811791383,0.26896821233991225,0.07498093354641104,123.04687499999999
16.335238095238097,0.27399712842661134,0.07452678670604156,123.04687499999999
16.34684807256236,0.2789786903226799,0.07399691259914908,123.04687499999999
16.35845804988662,0.2839665279047273,0.07329127359863788,123.04687499999999
16.370068027210884,0.2886824268688574,0.07268262432862058,123.04687499999999
16.381678004535146,0.2929735675143323,0.07203540035885973,123.04687499999999
16.39328798185941,0.29731387741809717,0.07135631238874948,123.04687499999999
16.404897959183675,0.3017002887076463,0.070725759661606,123.04687499999999
16.416507936507937,0.30618629298458583,0.06996812567885816,123.04687499999999
16.4281179138322,0.3109479393171732,0.0692470802469324,123.04687499999999
16.439727891156462,0.3157146618417375,0.06843561630043499,123.04687499999999
16.451337868480724,0.3206834333000301,0.06762441882422544,123.04687499999999
16.46294784580499,0.3251581481726597,0.06710178778589627,123.04687499999999
16.474557823129253,0.32880029925653737,0.06663631740903159,123.04687499999999
16.486167800453515,0.3311881719490373,0.06624754579060406,123.04687499999999
16.497777777777777,0.33201836007328017,0.06612745658609993,123.04687499999999
16.50938775510204,0.3314743337336773,0.06610936989359933,123.04687499999999
16.520997732426302,0.33043651569667015,0.06624571557091694,123.04687499999999
16.532607709750568,0.3291587555442435,0.06644728935747753,123.04687499999999
16.54421768707483,0.3277081216507365,0.06680975177335961,123.04687499999999
16.555827664399093,0.3263432024324227,0.06707400756174856,123.04687499999999
16.567437641723355,0.3243692268069881,0.0672499940762417,123.04687499999999
16.579047619047618,0.3218890971990933,0.06770209190728421,123.04687499999999
16.590657596371884,0.31906837126938986,0.06863896836223075,123.04687499999999
16.602267573696146,0.3158888167090504,0.06971670510736205,123.04687499999999
16.61387755102041,0.3127533727076448,0.07064377465325057,123.04687499999999
16.62548752834467,0.3100823161409607,0.07118289867169539,123.04687499999999
16.637097505668933,0.3075162794390432,0.07138093833119907,123.04687499999999
16.648707482993196,0.30544421269266625,0.0714832715472776,123.04687499999999
16.66031746031746,0.3035176470676525,0.07168216249704856,123.04687499999999
16.671927437641724,0.3012841442552914,0.07199621036686704,123.04687499999999
16.683537414965986,0.2989627893360643,0.07255325756256713,123.04687499999999
16.69514739229025,0.2961713960325963,0.07295822471377941,123.04687499999999
16.70675736961451,0.2934430003206987,0.07319506681852074,123.04687499999999
16.718367346938777,0.29098354032680424,0.07341369226589098,123.04687499999999
16.72997732426304,0.28885527562047947,0.07363596923467161,123.04687499999999
16.741587301587302,0.2867918452309155,0.07394626866310539,123.04687499999999
16.753197278911564,0.28458880456830815,0.07437716585974934,123.04687499999999
16.764807256235827,0.2823428361811298,0.07469271674522657,123.04687499999999
16.77641723356009,0.2802617507392269,0.07495331831809868,123.04687499999999
16.788027210884355,0.27931558487272196,0.07502457906982113,123.04687499999999
16.799637188208617,0.27929062373573743,0.07492973634606193,123.04687499999999
16.81124716553288,0.28027938913192685,0.07480407599286462,123.04687499999999
16.822857142857142,0.2812994238373755,0.0747011934288404,123.04687499999999
16.834467120181404,0.28171278196512206,0.07467662110339439,123.04687499999999
16.84607709750567,0.2813686704595025,0.07465748120889439,123.04687499999999
16.857687074829933,0.28008538430484825,0.07481764710604294,123.04687499999999
16.869297052154195,0.27864934508801154,0.07504875931656922,123.04687499999999
16.880907029478458,0.2771979290244575,0.07533011210184806,123.04687499999999
16.89251700680272,0.2764394406541718,0.07530421480870514,123.04687499999999
16.904126984126986,0.27626331911648516,0.07512494494874318,123.04687499999999
16.91573696145125,0.27677547390088203,0.07501267240179683,123.04687499999999
16.92734693877551,0.27732210580801103,0.07509999327956808,123.04687499999999
16.938956916099773,0.27735254046936064,0.07523687885232092,123.04687499999999
16.950566893424035,0.27688357746481157,0.07532240485433991,123.04687499999999
16.962176870748298,0.2756021463609504,0.0754022045305652,123.04687499999999
16.973786848072564,0.2740472439523917,0.07543789868350993,123.04687499999999
16.985396825396826,0.2725624244798336,0.07532402834568384,123.04687499999999
16.99700680272109,0.27140327762454525,0.07535879472110611,123.04687499999999
17.00861678004535,0.27033871337024407,0.07552803684576764,123.04687499999999
17.020226757369613,0.2697179310762737,0.07562663543997236,123.04687499999999
17.03183673469388,0.2690023129548048,0.07561179683045714,123.04687499999999
17.04344671201814,0.2680572416265765,0.07565390036481878,123.04687499999999
17.055056689342404,0.2669056390887703,0.07593218417137099,123.04687499999999
17.066666666666666,0.2648769640379081,0.07650780930202383,123.04687499999999
17.07827664399093,0.2625707152462662,0.07715135000142297,123.04687499999999
17.08988662131519,0.25997488111418743,0.07768379994560418,123.04687499999999
17.101496598639457,0.2572553674887768,0.0781418034208096,123.04687499999999
17.11310657596372,0.2547528506581097,0.07859299347164532,123.04687499999999
17.124716553287982,0.2522784836193152,0.07909401013692371,123.04687499999999
17.136326530612244,0.24986582471603924,0.07949809210400759,123.04687499999999
17.147936507936507,0.2478211764033866,0.07970689678783277,123.04687499999999
17.159546485260773,0.24593901787887948,0.07989332902639129,123.04687499999999
17.171156462585035,0.24416907285122186,0.0801554033524317,123.04687499999999
17.182766439909297,0.24281292493279621,0.08037582203540453,123.04687499999999
17.19437641723356,0.24166599625668725,0.08038621279095784,123.04687499999999
17.205986394557822,0.2407612679100526,0.0802865974847181,123.04687499999999
17.217596371882085,0.24001037050423793,0.07990736410793206,123.04687499999999
17.22920634920635,0.2388429946203081,0.07921254673672307,123.04687499999999
17.240816326530613,0.23759957081666475,0.07862562043340451,123.04687499999999
17.252426303854875,0.23654294571328788,0.07840932300029545,123.04687499999999
17.264036281179138,0.23561041159632418,0.0782238773883315,123.04687499999999
17.2756462585034,0.23561327288930758,0.07804914954622738,123.04687499999999
17.287256235827666,0.23565045387143532,0.0780978734145773,123.04687499999999
17.29886621315193,0.23532236144161334,0.07816994488437584,123.04687499999999
17.31047619047619,0.23470921259419336,0.07828614597656539,123.04687499999999
17.322086167800453,0.23298184460570767,0.07864900068573413,123.04687499999999
17.333696145124716,0.2313854205461023,0.0790030619146798,123.04687499999999
17.345306122448978,0.2298482573210591,0.07913601476017801,123.04687499999999
17.356916099773244,0.22886157854464362,0.07909113118906134,123.04687499999999
17.368526077097506,0.22889257213687883,0.07871740382912372,123.04687499999999
17.38013605442177,0.22983888210926035,0.0781765474512283,123.04687499999999
17.39174603174603,0.23143673889781227,0.07769337378392976,123.04687499999999
17.403356009070293,0.23362350559214662,0.07698200926796557,123.04687499999999
17.41496598639456,0.23607916302345902,0.07603115940131114,123.04687499999999
17.426575963718822,0.23814895073123254,0.0750084657768943,123.04687499999999
17.438185941043084,0.24010399267704163,0.07420456507300704,123.04687499999999
17.449795918367347,0.241625571642863,0.07371055637563252,123.04687499999999
17.46140589569161,0.2425562557069253,0.07340609000066148,123.04687499999999
17.47301587301587,0.2430932025329718,0.07312016314503472,123.04687499999999
17.484625850340137,0.24280078255497387,0.07284245743907941,123.04687499999999
17.4962358276644,0.24155745204530843,0.07283579683655353,123.04687499999999
17.507845804988662,0.23968575993894886,0.07290927713785868,123.04687499999999
17.519455782312924,0.23724202581120704,0.07337341552525369,123.04687499999999
17.531065759637187,0.23500492534982254,0.07431358898097981,123.04687499999999
17.542675736961453,0.23345213455049624,0.07531308276881256,123.04687499999999
17.554285714285715,0.23274536103132665,0.07575401186624446,123.04687499999999
17.565895691609978,0.2334310384497397,0.07587739899204286,123.04687499999999
17.57750566893424,0.23474953308527438,0.07550025052329513,123.04687499999999
17.589115646258502,0.23688841581246087,0.07472187542663458,123.04687499999999
17.600725623582765,0.23905560493212574,0.07385200433151293,123.04687499999999
17.61233560090703,0.24097094945734915,0.07306029254122948,123.04687499999999
17.623945578231293,0.24278533657075504,0.07241605678268548,123.04687499999999
17.635555555555555,0.24342426121150243,0.07204393283758488,123.04687499999999
17.647165532879818,0.2437185212466183,0.07203948298085984,123.04687499999999
17.65877551020408,0.24317511048067333,0.07195554453056278,123.04687499999999
17.670385487528346,0.24182355145978648,0.07204262682369657,123.04687499999999
17.68199546485261,0.23980220415110054,0.07228653258709376,123.04687499999999
17.69360544217687,0.2372539366200484,0.07268376914946637,123.04687499999999
17.705215419501133,0.23433846982278808,0.07333158977809427,123.04687499999999
17.716825396825396,0.2308693274230661,0.07416438709333106,123.04687499999999
17.728435374149658,0.22764158485716854,0.07509451507780901,123.04687499999999
17.740045351473924,0.22468982586951652,0.07594754165593073,123.04687499999999
17.751655328798186,0.22266883341113947,0.07652758590679651,123.04687499999999
17.76326530612245,0.22251606868720988,0.07661334176452511,123.04687499999999
17.77487528344671,0.22378421539500135,0.07625288385529103,123.04687499999999
17.786485260770974,0.22672442009008467,0.0756613612394042,123.04687499999999
17.79809523809524,0.2306215669391043,0.0750939793316665,123.04687499999999
17.809705215419502,0.2353992615018573,0.07462233869180142,123.04687499999999
17.821315192743764,0.2409062059356204,0.07413537446245212,123.04687499999999
17.832925170068027,0.2467429754016525,0.07348539794777487,123.04687499999999
17.84453514739229,0.25264014522154843,0.07264929562666096,123.04687499999999
17.856145124716555,0.2575391602727632,0.07213514902229383,123.04687499999999
17.867755102040817,0.2609697081199956,0.07175924830422871,123.04687499999999
17.87936507936508,0.2628246464604816,0.07168479315238273,123.04687499999999
17.890975056689342,0.26357524899068746,0.0718426840612247,123.04687499999999
17.902585034013605,0.2645517345670335,0.0721061763761072,123.04687499999999
17.914195011337867,0.26688031810358526,0.07235655613681262,123.04687499999999
17.925804988662133,0.2700288174310256,0.07247240387480963,123.04687499999999
17.937414965986395,0.2744157001883559,0.07250202301268892,123.04687499999999
17.949024943310658,0.2787276728793105,0.07237268414129741,123.04687499999999
17.96063492063492,0.28264265470476935,0.0723078599120319,123.04687499999999
17.972244897959182,0.28680482059068346,0.07228229324426232,123.04687499999999
17.98385487528345,0.2904153550118306,0.07216315769097816,123.04687499999999
17.99546485260771,0.29357359439716185,0.07175267686811888,123.04687499999999
18.007074829931973,0.29560447601719814,0.07152656116337211,123.04687499999999
18.018684807256236,0.29660064329095687,0.0715122375788896,123.04687499999999
18.030294784580498,0.2962793771481798,0.07166239306725632,123.04687499999999
18.04190476190476,0.2949775721389089,0.07199709307990841,123.04687499999999
18.053514739229026,0.2927919253888005,0.07258901019869596,123.04687499999999
18.06512471655329,0.2897527595231325,0.07347254107157675,123.04687499999999
18.07673469387755,0.2861408765042153,0.07434049091573298,123.04687499999999
18.088344671201813,0.2821769644862849,0.07518500641083684,123.04687499999999
18.099954648526076,0.278193441574407,0.07617769955143006,123.04687499999999
18.11156462585034,0.27411991329733354,0.07680075174987501,123.04687499999999
18.123174603174604,0.26963152919097516,0.07730199645623094,123.04687499999999
18.134784580498867,0.2650501543121279,0.07787030783629548,123.04687499999999
18.14639455782313,0.2604796115305024,0.07849963693567998,123.04687499999999
18.15800453514739,0.25589256154565926,0.07889516985212505,123.04687499999999
18.169614512471654,0.2520786654112376,0.07944909870453751,123.04687499999999
18.18122448979592,0.2493411310544139,0.08027807735613735,123.04687499999999
18.192834467120182,0.24713258521412756,0.08113603465115393,123.04687499999999
18.204444444444444,0.24563314690842264,0.08170606103313698,123.04687499999999
18.216054421768707,0.24368310951814323,0.08194364859899105,123.04687499999999
18.22766439909297,0.24131528420213008,0.08206571591884,123.04687499999999
18.239274376417235,0.23839186159430648,0.08216989745013438,123.04687499999999
18.250884353741498,0.23513359273904527,0.08244467879966354,123.04687499999999
18.26249433106576,0.23176122784773717,0.0826763557186617,123.04687499999999
18.274104308390022,0.22801551545047985,0.08293716986644721,123.04687499999999
18.285714285714285,0.22429851427492647,0.08335874235407006,123.04687499999999
18.297324263038547,0.2211675700419915,0.08397026520130767,123.04687499999999
18.308934240362813,0.21959508421754137,0.0845006160582618,123.04687499999999
18.320544217687075,0.21967931201996163,0.08457358450703381,123.04687499999999
18.332154195011338,0.2220023020827481,0.08410060414568758,123.04687499999999
18.3437641723356,0.22551234472898538,0.08360265577259653,123.04687499999999
18.355374149659863,0.22965706755646587,0.08315929084139809,123.04687499999999
18.36698412698413,0.23386010245207228,0.08268292391909911,123.04687499999999
18.37859410430839,0.2375872426838686,0.08252208820375974,123.04687499999999
18.390204081632653,0.2409900189130317,0.08255872612727505,123.04687499999999
18.401814058956916,0.24432186672951953,0.08221247854419741,123.04687499999999
18.413424036281178,0.24738477716204035,0.08202177257401433,123.04687499999999
18.42503401360544,0.2504703230459533,0.08203218647637633,123.04687499999999
18.436643990929706,0.2536670778504893,0.08208516166842361,123.04687499999999
18.44825396825397,0.25727700835972583,0.08200873304283834,123.04687499999999
18.45986394557823,0.2623906020590958,0.08191345661357913,123.04687499999999
18.471473922902494,0.26957755862475025,0.08165598561819926,123.04687499999999
18.483083900226756,0.277609248845383,0.0811482380119877,123.04687499999999
18.494693877551022,0.2860790825715564,0.080529444568326,123.04687499999999
18.506303854875284,0.2941186194821176,0.0799308675631611,123.04687499999999
18.517913832199547,0.30057522414164767,0.07962759198400293,123.04687499999999
18.52952380952381,0.3068973705214687,0.07949760361142169,123.04687499999999
18.54113378684807,0.3135147157070584,0.07895472591547488,123.04687499999999
18.552743764172334,0.3197137898373858,0.07830037790442589,123.04687499999999
18.5643537414966,0.3256714749626541,0.07801109329988556,123.04687499999999
18.575963718820862,0.3306380123633683,0.07813240139235914,123.04687499999999
18.587573696145125,0.33474079080146457,0.07819135149727581,123.04687499999999
18.599183673469387,0.33813434841943485,0.07817577459773146,123.04687499999999
18.61079365079365,0.3417743637376038,0.07806307237118168,123.04687499999999
18.622403628117915,0.34556205426001413,0.07825242852213872,123.04687499999999
18.634013605442178,0.349731462923946,0.07862263014830533,123.04687499999999
18.64562358276644,0.35515648691527846,0.07854584123761915,123.04687499999999
18.657233560090702,0.36170916271453263,0.0779816787913182,123.04687499999999
18.668843537414965,0.3700066008312624,0.07712563986384771,123.04687499999999
18.68045351473923,0.37880000556125654,0.07604489543676395,123.04687499999999
18.692063492063493,0.3876689609207427,0.07500499548178208,123.04687499999999
18.703673469387756,0.3958068005296605,0.07437587246827995,123.04687499999999
18.715283446712018,0.40210454220443675,0.07427352369436614,123.04687499999999
18.72689342403628,0.4069605728883081,0.0741602583895126,123.04687499999999
18.738503401360543,0.4096691702853205,0.07392782009161968,123.04687499999999
18.75011337868481,0.4099009150254125,0.074174514197907,123.04687499999999
18.76172335600907,0.4081041638057607,0.07499327280500044,123.04687499999999
18.773333333333333,0.4044152399526507,0.07597850119605633,123.04687499999999
18.784943310657596,0.40044432338953884,0.07655427576702296,123.04687499999999
18.796553287981858,0.39750313910768725,0.07692183060725599,123.04687499999999
18.808163265306124,0.39592993108789015,0.07733809518616466,123.04687499999999
18.819773242630387,0.39650048040562563,0.07754472160009997,123.04687499999999
18.83138321995465,0.3986051142471333,0.07758398776705099,123.04687499999999
18.84299319727891,0.4012002295157928,0.07782329349763363,123.04687499999999
18.854603174603174,0.404978490682578,0.07797487477947072,123.04687499999999
18.866213151927436,0.4104836683616343,0.07783667149371341,123.04687499999999
18.877823129251702,0.4174675056117602,0.07712942630515907,123.04687499999999
18.889433106575964,0.425361393130172,0.07627954597586332,123.04687499999999
18.901043083900227,0.4328852734002365,0.07565547641838274,122.83175808566432
18.91265306122449,0.43730490400977967,0.0752798533430669,122.61664117132865
18.92426303854875,0.4389906387276378,0.07505304203207107,122.40152425699299
18.935873015873018,0.4384590071593869,0.07541212998305923,122.18640734265732
18.94748299319728,0.436906210529187,0.07613601480839986,121.97129042832165
18.959092970521542,0.4353256222893512,0.07684332420100118,121.75617351398598
18.970702947845805,0.4332130834491791,0.0776590264790288,121.54105659965032
18.982312925170067,0.43173848050018476,0.07843522966601006,121.32593968531465
18.99392290249433,0.4298824934354291,0.07897236492360286,121.11082277097898
19.005532879818595,0.42825553309067677,0.07939361022182542,120.89570585664332
19.017142857142858,0.4279428416640486,0.07963873125270031,120.68058894230765
19.02875283446712,0.4289040561823845,0.07961828357806372,120.465472027972
19.040362811791383,0.43198699233386156,0.07955247432631306,120.25035511363633
19.051972789115645,0.4368232155400464,0.07894720836305441,120.03523819930066
19.06358276643991,0.44212737718298706,0.07812591867762898,119.820121284965
19.075192743764173,0.4460975707177701,0.07737174526086586,119.60500437062933
19.086802721088436,0.44771270438485755,0.07719257616643431,119.38988745629366
19.098412698412698,0.44654993322512343,0.07747369512032398,119.174770541958
19.11002267573696,0.4433130086992386,0.07804447747664998,118.95965362762234
19.121632653061223,0.43947524180119935,0.07866318454455684,118.74453671328668
19.13324263038549,0.4353756228636231,0.07894965454193974,118.52941979895101
19.14485260770975,0.431633188250322,0.07947895212718344,118.31430288461534
19.156462585034014,0.42767044324009745,0.08012676706183257,118.09918597027968
19.168072562358276,0.4233915699197367,0.08059341751038755,117.88406905594402
19.17968253968254,0.4198231968797706,0.08117288049514375,117.66895214160836
19.191292517006804,0.4183622081876967,0.08178822963809022,117.45383522727269
19.202902494331067,0.41999059126561233,0.08200284293567901,117.45383522727269
19.21451247165533,0.4256374241883885,0.08186607687729909,117.45383522727269
19.22612244897959,0.4338295483977248,0.08158320047230759,117.45383522727269
19.237732426303854,0.44256422790054795,0.08082262506499442,117.45383522727269
19.249342403628116,0.4496688275412322,0.07998397588666284,117.45383522727269
19.260952380952382,0.45365938248669563,0.07933647424719197,117.45383522727269
19.272562358276645,0.4553151806664077,0.07891495422223382,117.45383522727269
19.284172335600907,0.4555034112626388,0.07877408839150035,117.45383522727269
19.29578231292517,0.4559381878551548,0.07882249610651701,117.45383522727269
19.30739229024943,0.4574402442231151,0.07876302984880656,117.45383522727269
19.319002267573698,0.4592833717125931,0.07847532936172721,117.45383522727269
19.33061224489796,0.46074703927460425,0.07845614714810038,117.45383522727269
19.342222222222222,0.4617010401692903,0.07853892310691786,117.45383522727269
19.353832199546485,0.46156181889881576,0.07891749436103758,117.45383522727269
19.365442176870747,0.461599897835481,0.07939379381012472,117.45383522727269
19.37705215419501,0.464511457947416,0.07968983830826128,117.45383522727269
19.388662131519276,0.4707590674367728,0.07975446403787569,117.45383522727269
19.400272108843538,0.4806542282319613,0.07938228037663114,117.45383522727269
19.4118820861678,0.4931108984721925,0.07852939494831818,117.45383522727269
19.423492063492063,0.5053964417344833,0.07756896098930137,117.45383522727269
19.435102040816325,0.5158751496976879,0.07697267387205393,117.45383522727269
19.44671201814059,0.5240233790904142,0.07633338967429078,117.45383522727269
19.458321995464853,0.53059072703366,0.07571058624139475,117.45383522727269
19.469931972789116,0.5354531208666145,0.07524609625338387,117.45383522727269
19.481541950113378,0.5396257839910081,0.07480038091945011,117.45383522727269
19.49315192743764,0.542260619170766,0.07465518523513537,117.45383522727269
19.504761904761907,0.5427932711419003,0.07469787648196581,117.45383522727269
19.51637188208617,0.5423240407501468,0.07473124863947508,117.45383522727269
19.52798185941043,0.5411170782322301,0.0747206808674554,117.45383522727269
19.539591836734694,0.5402182257402403,0.0746519327333565,117.45383522727269
19.551201814058956,0.540788401882064,0.07460312622595425,117.45383522727269
19.56281179138322,0.543117639309443,0.0746547697193707,117.45383522727269
19.574421768707484,0.5463914316162443,0.07461569183388542,117.45383522727269
19.586031746031747,0.5495091231064232,0.0746542935348594,117.45383522727269
19.59764172335601,0.5516176103224115,0.07486643665297647,117.45383522727269
19.60925170068027,0.5518758180659361,0.07524696196648356,117.45383522727269
19.620861678004534,0.552096185105632,0.07552940138803,117.45383522727269
19.6324716553288,0.5533837036415523,0.07569538709778907,117.45383522727269
19.644081632653062,0.5549321554379235,0.07590771257030603,117.45383522727269
19.655691609977325,0.5584286421359766,0.07592774659574554,117.45383522727269
19.667301587301587,0.5620872354504802,0.07563842105838631,117.45383522727269
19.67891156462585,0.5631344736803112,0.07539012334047762,117.45383522727269
19.690521541950112,0.5622635044259713,0.07518552052373624,117.45383522727269
19.702131519274378,0.5584271277747993,0.07513243120855508,117.45383522727269
19.71374149659864,0.5526685319984063,0.07523256531170554,117.45383522727269
19.725351473922903,0.5470737921005495,0.07549800387382169,117.45383522727269
19.736961451247165,0.5423498382010046,0.0757319862773069,117.45383522727269
19.748571428571427,0.5386078167467486,0.07611831186761263,117.45383522727269
19.760181405895693,0.5357546020222174,0.07660557245372211,117.45383522727269
19.771791383219956,0.5335923641472377,0.07704724096405156,117.45383522727269
19.783401360544218,0.5305156903540282,0.07737603700123555,117.45383522727269
19.79501133786848,0.5271611870945815,0.07757832162039158,117.45383522727269
19.806621315192743,0.5239406889726657,0.07779011587963933,117.45383522727269
19.818231292517005,0.5214311326115755,0.07789012871226064,117.45383522727269
19.82984126984127,0.5211962766839164,0.07772130757768775,117.45383522727269
19.841451247165534,0.5223951009682237,0.07744445055453392,117.45383522727269
19.853061224489796,0.5241123448941415,0.07702777245398579,117.45383522727269
19.86467120181406,0.5261787981751864,0.07652606283804277,117.45383522727269
19.87628117913832,0.5276790819575663,0.07607860099652779,117.45383522727269
19.887891156462587,0.5294379483253464,0.07568892020502595,117.45383522727269
19.89950113378685,0.531554941952964,0.07525986362231805,117.45383522727269
19.91111111111111,0.5333344596091414,0.07489017600087236,117.45383522727269
19.922721088435374,0.5344286480333591,0.07502257240621994,117.45383522727269
19.934331065759636,0.5344782671018998,0.07517836048904253,117.45383522727269
19.9459410430839,0.5338932505537316,0.07542077262943138,117.45383522727269
19.957551020408165,0.53315426895465,0.07556285171382782,117.45383522727269
19.969160997732427,0.5333731599503381,0.0756751271957545,117.45383522727269
19.98077097505669,0.5345190082488634,0.07575305609954762,117.45383522727269
19.99238095238095,0.5371428847181438,0.07570773738105864,117.45383522727269
20.003990929705214,0.541461288029719,0.07562004139573367,117.66895214160836
20.01560090702948,0.5457722894637248,0.07564108278579441,117.88406905594402
20.027210884353742,0.5497955589421232,0.07558627187259567,118.09918597027969
20.038820861678005,0.5527584140822738,0.07547410934119143,118.31430288461536
20.050430839002267,0.5543927663088122,0.07528092626103376,118.52941979895103
20.06204081632653,0.5555840920896444,0.07510687025803281,118.74453671328669
20.073650793650792,0.5563380457062178,0.07505223628664409,118.95965362762236
20.085260770975058,0.5566621523174297,0.07495735949038689,119.17477054195803
20.09687074829932,0.5568902744190398,0.07473957897188692,119.38988745629369
20.108480725623583,0.5566084999503079,0.07453403261270138,119.60500437062936
20.120090702947845,0.5544278581722202,0.07434800938917148,119.82012128496503
20.131700680272107,0.5496958643309355,0.0743845008555933,120.0352381993007
20.143310657596373,0.5424352055227265,0.07483947315449871,120.25035511363635
20.154920634920636,0.5333919620188162,0.07582844459656533,120.46547202797201
20.166530612244898,0.5243818462068859,0.07686486611983219,120.68058894230768
20.17814058956916,0.5181331238536495,0.0776564750175892,120.89570585664335
20.189750566893423,0.5127974929857826,0.07806833931769885,121.11082277097901
20.201360544217685,0.5072600839033198,0.07837395765587292,121.32593968531467
20.21297052154195,0.5024764085301967,0.0787749829947337,121.54105659965033
20.224580498866214,0.49771962014831667,0.07870374260149615,121.756173513986
20.236190476190476,0.49431149950699,0.07831493867828969,121.97129042832167
20.24780045351474,0.49294156240543546,0.07762259698178652,122.18640734265733
20.259410430839,0.4914305015026423,0.07705295000321724,122.401524256993
20.271020408163267,0.4886861158693153,0.07653711970302716,122.61664117132867
20.28263038548753,0.48475355146094695,0.07612086372841123,122.83175808566432
20.29424036281179,0.47782070769957213,0.07604786427734685,123.04687499999999
20.305850340136054,0.4685877309000004,0.07622272480723628,123.04687499999999
20.317460317460316,0.45841375771987886,0.07676570811373591,123.04687499999999
20.329070294784582,0.44783931014376466,0.0774083557172215,123.04687499999999
20.340680272108845,0.43908547622110045,0.0780582528856156,123.04687499999999
20.352290249433107,0.43292396874354167,0.07851627245031546,123.04687499999999
20.36390022675737,0.42822744160754056,0.078904823971295,123.04687499999999
20.375510204081632,0.42512831395300305,0.07906312574044416,123.04687499999999
20.387120181405894,0.4236925279626779,0.07913855772256427,123.04687499999999
20.39873015873016,0.42212427285352994,0.07914186199422651,123.04687499999999
20.410340136054423,0.42067375974240495,0.07923664933543391,123.04687499999999
20.421950113378685,0.41910947629117384,0.07948741118476411,123.04687499999999
20.433560090702947,0.4178345807636585,0.07973257333764404,123.04687499999999
20.44517006802721,0.4177516107639763,0.07988234005062772,123.04687499999999
20.456780045351476,0.41925909817422247,0.07965344531301564,123.04687499999999
20.468390022675738,0.42064160663930134,0.07943712945135498,123.04687499999999
20.48,0.4200602918628998,0.0794975907208827,123.04687499999999
20.491609977324263,0.41938507669772457,0.07980590778107423,123.04687499999999
20.503219954648525,0.4192717694955803,0.08008148267431418,123.04687499999999
20.514829931972788,0.41972715572739666,0.08008300168674147,123.04687499999999
20.526439909297054,0.4208121013839448,0.08007280698612508,123.04687499999999
20.538049886621316,0.4215560258978921,0.08025312252527432,123.04687499999999
20.54965986394558,0.4215113097610837,0.0803234587184567,123.04687499999999
20.56126984126984,0.4225066298922038,0.08037205785782951,123.04687499999999
20.572879818594103,0.42422364058317674,0.08031677161791964,123.04687499999999
20.58448979591837,0.4275821904689155,0.080117783331667,123.04687499999999
20.59609977324263,0.432948196856414,0.07981954540627602,123.04687499999999
20.607709750566894,0.44023504628295923,0.0794270951510966,123.04687499999999
20.619319727891156,0.449664120360257,0.07861208804302408,123.04687499999999
20.63092970521542,0.45932145648013195,0.0776532336767341,123.04687499999999
20.64253968253968,0.4673944092944264,0.07674894998356323,123.04687499999999
20.654149659863947,0.47283901752428387,0.07611907113389596,123.04687499999999
20.66575963718821,0.47666402397189717,0.07555976032218904,123.04687499999999
20.67736961451247,0.4789592540783616,0.07524246756994862,123.04687499999999
20.688979591836734,0.481614017518188,0.0750641088506178,123.04687499999999
20.700589569160996,0.48462713812086916,0.07501984843581071,123.04687499999999
20.712199546485262,0.48867744785918843,0.07493530895234149,123.04687499999999
20.723809523809525,0.4937033577140455,0.07476857230907216,123.04687499999999
20.735419501133787,0.49894317066869986,0.0745434496171895,123.04687499999999
20.74702947845805,0.5047098596976772,0.0742585423514638,123.04687499999999
20.758639455782312,0.5093273268512493,0.0738851252202331,123.04687499999999
20.770249433106574,0.5140022630952182,0.0735421755869329,123.04687499999999
20.78185941043084,0.5183564379834692,0.07317307318615866,123.04687499999999
20.793469387755103,0.5223726054577987,0.07278097637349787,123.04687499999999
20.805079365079365,0.5260262608553282,0.07242101983747828,123.04687499999999
20.816689342403627,0.5290697819670993,0.07213430793647571,123.04687499999999
20.82829931972789,0.5308746139446062,0.07214808234637043,123.04687499999999
20.839909297052156,0.5315306472015361,0.07236898258375143,123.04687499999999
20.851519274376418,0.5308785639449927,0.07286314989494963,123.04687499999999
20.86312925170068,0.5287780750216469,0.07329122636469124,123.04687499999999
20.874739229024943,0.5271631879172152,0.07363012603752095,123.04687499999999
20.886349206349205,0.5252647704181101,0.07396798975949294,123.04687499999999
20.897959183673468,0.5241309553767722,0.0741819680382933,123.04687499999999
20.909569160997734,0.5230721803469935,0.07430401203709115,123.04687499999999
20.921179138321996,0.5215717316341884,0.07454009170962393,123.04687499999999
20.93278911564626,0.520379579535266,0.07491361899309239,123.04687499999999
20.94439909297052,0.5203129942904554,0.07541310478274289,123.04687499999999
20.956009070294783,0.5212716099051206,0.07590524400345458,123.04687499999999
20.96761904761905,0.5233779880108225,0.07629978628678817,123.04687499999999
20.97922902494331,0.5260694876204177,0.0764979919528771,123.04687499999999
20.990839002267574,0.5275145980106428,0.07661714804483771,123.04687499999999
21.002448979591836,0.5295639201849928,0.07658308947963857,123.04687499999999
21.0140589569161,0.5307663496151609,0.07641540556562054,123.04687499999999
21.02566893424036,0.5325561612622233,0.07634765423277187,123.04687499999999
21.037278911564627,0.5355761373063174,0.07646877410457355,123.04687499999999
21.04888888888889,0.5392685580176356,0.07646243521840668,123.04687499999999
21.060498866213152,0.5444100924304098,0.07617069924143932,123.04687499999999
21.072108843537414,0.5500998522447751,0.07569930894675844,123.04687499999999
21.083718820861677,0.5552333617094846,0.07527470251732499,123.04687499999999
21.095328798185943,0.5602944150726302,0.07496283214953742,123.04687499999999
21.106938775510205,0.5653513784944224,0.07471829764692184,123.04687499999999
21.118548752834467,0.5702269184484438,0.07449145847779128,123.04687499999999
21.13015873015873,0.5768237056396139,0.07421483750487319,123.04687499999999
21.141768707482992,0.58321954593217,0.07388567120760556,123.04687499999999
21.153378684807254,0.5896042759115344,0.07352917122022316,123.04687499999999
21.16498866213152,0.5945415614852619,0.07334836548935993,123.04687499999999
21.176598639455783,0.5971080138451703,0.07340075349113699,123.04687499999999
21.188208616780045,0.597696920419025,0.07381078184095456,123.04687499999999
21.199818594104308,0.5962193620500874,0.07446396195644148,123.04687499999999
21.21142857142857,0.5941599124812418,0.07516107474945992,123.04687499999999
21.223038548752836,0.5919431459421335,0.0758141583282295,123.04687499999999
21.2346485260771,0.5904119535316769,0.07623409987950673,123.04687499999999
21.24625850340136,0.5898060607899858,0.07638234958957855,123.04687499999999
21.257868480725623,0.5915065117998785,0.07618506966408922,123.04687499999999
21.269478458049885,0.5944768354561539,0.07584647933256641,123.04687499999999
21.28108843537415,0.5989149332754331,0.07555620527276233,123.04687499999999
21.292698412698414,0.6034563408475443,0.07524728444488021,123.04687499999999
21.304308390022676,0.6063490039310594,0.0751594602253204,123.04687499999999
21.31591836734694,0.606985167236657,0.07538823090943705,123.04687499999999
21.3275283446712,0.6049444897489393,0.07587753780546405,123.04687499999999
21.339138321995463,0.6002508547262535,0.07666022396969872,123.04687499999999
21.35074829931973,0.5930941520648666,0.07758137642349369,123.04687499999999
21.36235827664399,0.5845670325043244,0.07872775851135809,123.04687499999999
21.373968253968254,0.5748042658595838,0.08019754573641887,123.04687499999999
21.385578231292516,0.566321369310538,0.08154905492337103,123.04687499999999
21.39718820861678,0.559227486815567,0.08241991425092696,123.04687499999999
21.408798185941045,0.5543695677616248,0.0830006227496744,123.04687499999999
21.420408163265307,0.5515987182918833,0.08346285885271258,123.04687499999999
21.43201814058957,0.5496621002407489,0.08373505806865308,123.04687499999999
21.443628117913832,0.5486986533307988,0.08389609041120287,123.04687499999999
21.455238095238094,0.548433806721167,0.08374994067940923,123.04687499999999
21.466848072562357,0.5495298743526542,0.08331128278438242,123.04687499999999
21.478458049886623,0.5516058103001689,0.08288963163082107,123.04687499999999
21.490068027210885,0.5547844060982888,0.08239362228054359,123.04687499999999
21.501678004535147,0.5577862547892809,0.0820139704935187,123.04687499999999
21.51328798185941,0.5587957556050444,0.08176640042160808,123.04687499999999
21.524897959183672,0.5575423360180527,0.08156223974882347,123.04687499999999
21.536507936507938,0.5540609612784582,0.08169520966809356,123.04687499999999
21.5481179138322,0.5485337912100718,0.08210855543190607,123.04687499999999
21.559727891156463,0.5414796086346324,0.08279857693312079,123.04687499999999
21.571337868480725,0.5337041086752516,0.08332420225954763,123.04687499999999
21.582947845804988,0.5261001613475855,0.0835855719509307,123.04687499999999
21.59455782312925,0.52070368281455,0.0837417867760568,123.04687499999999
21.606167800453516,0.518195032737817,0.0836016388532791,123.04687499999999
21.61777777777778,0.5197438327206413,0.08303208537776578,123.04687499999999
21.62938775510204,0.5245119879741523,0.08217239378132482,123.04687499999999
21.640997732426303,0.5305845829588285,0.08107365011194057,123.04687499999999
21.652607709750566,0.5373222873717145,0.08008629123131612,123.04687499999999
21.66421768707483,0.5431242915032615,0.07919315130161252,123.04687499999999
21.675827664399094,0.5479702972494164,0.07803393058322705,123.04687499999999
21.687437641723356,0.5513662296989138,0.07688527572277842,123.04687499999999
21.69904761904762,0.5527714985626767,0.07622901172337077,123.04687499999999
21.71065759637188,0.5519614102927833,0.07593487147527082,123.04687499999999
21.722267573696143,0.5492909034941833,0.07569953078937851,123.04687499999999
21.73387755102041,0.5456290732118387,0.07550442312567052,123.04687499999999
21.745487528344672,0.5423173535710865,0.07530018886367687,123.04687499999999
21.757097505668934,0.5395570529847051,0.07529370417383921,123.04687499999999
21.768707482993197,0.5365004240690369,0.07545122858583071,123.04687499999999
21.78031746031746,0.5336771217261753,0.07567608776822292,123.04687499999999
21.791927437641725,0.5306238797150981,0.07571804092118069,123.04687499999999
21.803537414965987,0.5286085815213017,0.07555407209779852,123.04687499999999
21.81514739229025,0.5288012619070868,0.0750606439132324,123.04687499999999
21.826757369614512,0.5309439480298372,0.07444411819967439,123.04687499999999
21.838367346938774,0.5346674189761629,0.07377637373615425,123.04687499999999
21.849977324263037,0.5391350843225862,0.0730690684828697,123.04687499999999
21.861587301587303,0.5426013104525164,0.07219757451004351,123.04687499999999
21.873197278911565,0.5452901711753075,0.07152079266959302,123.04687499999999
21.884807256235828,0.5457131344178698,0.07099410920934336,123.04687499999999
21.89641723356009,0.5441877062424775,0.07071536466529263,123.04687499999999
21.908027210884352,0.541099054168889,0.07060788312553407,123.04687499999999
21.91963718820862,0.5358061536088721,0.07086387870810726,123.04687499999999
21.93124716553288,0.5286986118759558,0.07120910105287694,123.04687499999999
21.942857142857143,0.5208624575032178,0.07156064249669576,123.04687499999999
21.954467120181405,0.513343945801793,0.07191489036379053,123.04687499999999
21.966077097505668,0.5071089176717439,0.07230256996638172,123.04687499999999
21.97768707482993,0.5031139279304018,0.07290785997869198,123.04687499999999
21.989297052154196,0.500380765895811,0.07355466444258048,123.04687499999999
22.00090702947846,0.49847454835376653,0.07387232892103299,123.04687499999999
22.01251700680272,0.4971912313787802,0.07387601181811562,123.04687499999999
22.024126984126983,0.4959617300353771,0.07364052897803715,123.04687499999999
22.035736961451246,0.4934574197945809,0.07327037595903363,123.04687499999999
22.04734693877551,0.48959105412740034,0.07312405810505493,123.04687499999999
22.058956916099774,0.48363177467468793,0.0733600388749983,123.04687499999999
22.070566893424036,0.47710696711940864,0.07377227808407218,123.04687499999999
22.0821768707483,0.47054642297269544,0.07426567216353437,123.04687499999999
22.09378684807256,0.46411891520551024,0.07498802178056252,123.04687499999999
22.105396825396827,0.4573564437404329,0.07574378736501243,123.04687499999999
22.11700680272109,0.4496467326951227,0.07660583069258985,123.04687499999999
22.128616780045352,0.44090016737291654,0.07737419853822858,123.04687499999999
22.140226757369614,0.43199574947305647,0.07781817287807144,123.04687499999999
22.151836734693877,0.4235214159784124,0.0780952699010663,123.04687499999999
22.16344671201814,0.4169411259946768,0.07833153796143817,123.04687499999999
22.175056689342405,0.4118777902609999,0.07847605579444708,123.04687499999999
22.186666666666667,0.4091978241194247,0.07867698821635435,123.04687499999999
22.19827664399093,0.4070934485023203,0.0788943560316684,123.04687499999999
22.209886621315192,0.40532882456333186,0.07903789546081895,123.04687499999999
22.221496598639455,0.4036733312550119,0.07894953702683073,123.04687499999999
22.23310657596372,0.4013674872925956,0.0789914284036861,123.04687499999999
22.244716553287983,0.3992571925057851,0.07896730889495329,123.04687499999999
22.256326530612245,0.39641493899067726,0.07888100422023947,123.04687499999999
22.267936507936508,0.39364214950598425,0.07889833794256244,123.04687499999999
22.27954648526077,0.3907377413770349,0.07884041853358845,123.04687499999999
22.291156462585032,0.38884617432145113,0.07845864179964686,123.04687499999999
22.3027664399093,0.3871836189921956,0.07793410454655339,123.04687499999999
22.31437641723356,0.386033357555322,0.07748880359718364,123.04687499999999
22.325986394557823,0.3850852158556418,0.07742609965818907,123.04687499999999
22.337596371882086,0.38517851982934226,0.07778535077880798,123.04687499999999
22.349206349206348,0.38617667043311366,0.07802430564248189,123.04687499999999
22.360816326530614,0.3887181833135682,0.07793682597385233,123.04687499999999
22.372426303854876,0.3920275756027642,0.07768281716225926,123.04687499999999
22.38403628117914,0.3952836837028582,0.07719763263006524,123.04687499999999
22.3956462585034,0.3987540922351377,0.0764486557686793,123.04687499999999
22.407256235827663,0.40273382091425297,0.07568581661165563,123.04687499999999
22.418866213151926,0.4085269304645838,0.07505159351158429,123.04687499999999
22.430476190476192,0.41623967356417635,0.0744158877137153,123.04687499999999
22.442086167800454,0.42490016103106093,0.07381363691400517,123.04687499999999
22.453696145124717,0.433799561880662,0.07300660592441081,123.04687499999999
22.46530612244898,0.44135884721534613,0.07220921789649298,123.04687499999999
22.47691609977324,0.4475544719674365,0.07159472067477234,123.04687499999999
22.488526077097507,0.4525825042602912,0.07107669522906576,123.04687499999999
22.50013605442177,0.4568740672276123,0.07053751271853273,123.04687499999999
22.511746031746032,0.4605965519233143,0.07008809238281677,123.04687499999999
22.523356009070294,0.463879550346579,0.06985265485114019,123.04687499999999
22.534965986394557,0.4672809854748097,0.069509886766932,123.04687499999999
22.54657596371882,0.470508349033922,0.06908007705561736,123.04687499999999
22.558185941043085,0.4737689260821548,0.06845877610483336,123.04687499999999
22.569795918367348,0.4757734030074947,0.0678002837995974,123.04687499999999
22.58140589569161,0.4758977588821666,0.06727608381547975,123.04687499999999
22.593015873015872,0.4732452869756727,0.06718981822934045,123.04687499999999
22.604625850340135,0.4690888669992199,0.06751255494111492,123.04687499999999
22.6162358276644,0.4639073053050095,0.06798506687488187,123.04687499999999
22.627845804988663,0.4586296224921584,0.06833200891809058,123.04687499999999
22.639455782312925,0.4531597290953395,0.06840003528343551,123.04687499999999
22.651065759637188,0.4476083109225141,0.06831568754872755,123.04687499999999
22.66267573696145,0.4418539525252787,0.0683397099183823,123.04687499999999
22.674285714285713,0.43671517694870865,0.06840891264868042,123.04687499999999
22.68589569160998,0.4329019963457783,0.06850504958851272,123.04687499999999
22.69750566893424,0.4299658132875287,0.06857053190077016,123.04687499999999
22.709115646258503,0.42769711532199833,0.06836512763945525,123.04687499999999
22.720725623582766,0.42433838717812317,0.06790173404141478,123.04687499999999
22.732335600907028,0.4195856071053657,0.06748057746133929,123.04687499999999
22.743945578231294,0.41351226077097475,0.06718248404803355,123.04687499999999
22.755555555555556,0.40608636166823564,0.06734927209066695,123.04687499999999
22.76716553287982,0.39817351548074015,0.0677824094964842,123.04687499999999
22.77877551020408,0.38946581626313775,0.06826297629378593,123.04687499999999
22.790385487528344,0.3799335507164441,0.0688043922817989,123.04687499999999
22.801995464852606,0.3702901095684053,0.06960573184510943,123.04687499999999
22.813605442176872,0.3604148737013578,0.07048329061585945,123.04687499999999
22.825215419501134,0.3513228724322384,0.071107829351211,123.04687499999999
22.836825396825397,0.34331110797272835,0.07167203150381453,123.04687499999999
22.84843537414966,0.3367947618480534,0.07220998742609265,123.04687499999999
22.86004535147392,0.3324335807486573,0.07283656518373435,123.04687499999999
22.871655328798187,0.3304512994602422,0.07313061556987942,123.04687499999999
22.88326530612245,0.33060345527436946,0.07315024457227218,123.04687499999999
22.894875283446712,0.3324410942458074,0.07301996229457522,123.04687499999999
22.906485260770975,0.33480939186258374,0.07271838999363571,123.04687499999999
22.918095238095237,0.33653490313431245,0.07230233084354254,123.04687499999999
22.929705215419503,0.3376589731198678,0.07188902299161737,123.04687499999999
22.941315192743765,0.33825284176717296,0.07154804122272451,123.04687499999999
22.952925170068028,0.33853543005926584,0.07135477461878761,123.04687499999999
22.96453514739229,0.33858904910710985,0.07118498286657343,123.04687499999999
22.976145124716552,0.33781195691804916,0.07120176647534775,123.04687499999999
22.987755102040815,0.3354543997704805,0.07144023210390234,123.04687499999999
22.99936507936508,0.3318719651622893,0.07195810040191719,123.04687499999999
23.010975056689343,0.32687757701022097,0.0728430227045811,123.04687499999999
23.022585034013606,0.32055747060318496,0.07418505452750655,123.04687499999999
23.034195011337868,0.31370816410219743,0.07573288896455814,123.04687499999999
23.04580498866213,0.30696115028308624,0.0772630693012022,123.04687499999999
23.057414965986396,0.30118343257314784,0.07842760373035904,123.04687499999999
23.06902494331066,0.2967213931867858,0.07912032958784063,123.04687499999999
23.08063492063492,0.29381981802943374,0.07976787398160548,123.04687499999999
23.092244897959183,0.2917437821240856,0.08043234333073108,123.04687499999999
23.103854875283446,0.290068943643059,0.08082766116338644,123.04687499999999
23.11546485260771,0.288606697981229,0.0810778828346793,123.04687499999999
23.127074829931974,0.28676994696854524,0.08148235374946936,123.04687499999999
23.138684807256237,0.2845115763131776,0.08194091557831532,123.04687499999999
23.1502947845805,0.2814547366530769,0.08258549397592127,123.04687499999999
23.16190476190476,0.27693156722066664,0.08335339782579702,123.04687499999999
23.173514739229024,0.2711092491584103,0.08442505016152028,123.04687499999999
23.18512471655329,0.26412512036460334,0.08553959601779053,123.04687499999999
23.196734693877552,0.25674468208453216,0.08674841957953856,123.04687499999999
23.208344671201814,0.2500813612934321,0.08809573211742072,123.04687499999999
23.219954648526077,0.2446624197362671,0.08936665709503444,123.04687499999999
23.23156462585034,0.24042269823331772,0.09053380483032263,123.04687499999999
23.2431746031746,0.23681404052049415,0.09157288190096365,123.04687499999999
23.254784580498868,0.23369403167454222,0.09236835784819991,123.04687499999999
23.26639455782313,0.23085234791908518,0.09302726982863233,123.04687499999999
23.278004535147392,0.2279458173521382,0.09328128351123827,123.04687499999999
23.289614512471655,0.22555253610786488,0.09334339000440407,123.04687499999999
23.301224489795917,0.22333807526278224,0.09344072573527273,123.04687499999999
23.312834467120183,0.22152867604526705,0.09352984303892496,123.04687499999999
23.324444444444445,0.2208836098286341,0.09344193676403616,123.04687499999999
23.336054421768708,0.22142934294824365,0.09326596269257774,123.04687499999999
23.34766439909297,0.22289057903595544,0.09305317656338066,123.04687499999999
23.359274376417233,0.22499926949953847,0.09300896114845932,123.04687499999999
23.370884353741495,0.22741442068479592,0.09326438678032284,123.04687499999999
23.38249433106576,0.2296626647786499,0.09339835568596669,123.04687499999999
23.394104308390023,0.23188037675226658,0.09318839004981158,123.04687499999999
23.405714285714286,0.23348197529571857,0.09288357793581715,123.04687499999999
23.417324263038548,0.23452049720246984,0.09255439698969016,123.04687499999999
23.42893424036281,0.23526391692935802,0.0921481706489493,123.04687499999999
23.440544217687076,0.23607742542312032,0.09171721339745385,123.04687499999999
23.45215419501134,0.23748713074872596,0.09096124472699488,123.04687499999999
23.4637641723356,0.2395677772091435,0.09006610433173202,123.04687499999999
23.475374149659864,0.24222033407979582,0.08914594860550241,123.04687499999999
23.486984126984126,0.24559957357110163,0.08851210015650131,123.04687499999999
23.49859410430839,0.24964828148513935,0.08789161245048285,123.04687499999999
23.510204081632654,0.2541099943425787,0.08719774801589479,123.04687499999999
23.521814058956917,0.2586664988794735,0.08661420978496542,123.04687499999999
23.53342403628118,0.2625344363835857,0.08612463147170901,123.04687499999999
23.54503401360544,0.26534602616730885,0.08591643984638746,123.04687499999999
23.556643990929704,0.2668043859683622,0.08597981974269428,123.04687499999999
23.56825396825397,0.2672313658498666,0.08601224703018451,123.04687499999999
23.579863945578232,0.2679604158052098,0.08616110533441193,123.04687499999999
23.591473922902495,0.26971382780720937,0.08597267475313114,123.04687499999999
23.603083900226757,0.27316889364503116,0.08520270307203916,123.04687499999999
23.61469387755102,0.2777250733189672,0.08398936247294961,123.04687499999999
23.62630385487528,0.2822980425770005,0.08274321501491674,123.04687499999999
23.637913832199548,0.2862266586509463,0.08164310488104881,123.04687499999999
23.64952380952381,0.2885987155152435,0.08084791723075656,123.04687499999999
23.661133786848072,0.28934024853802476,0.08037234045825521,123.04687499999999
23.672743764172335,0.2884834083234477,0.08017358837198858,123.04687499999999
23.684353741496597,0.28627757550535843,0.08022906036333723,123.04687499999999
23.695963718820863,0.2834242891443799,0.0805668346655815,123.04687499999999
23.707573696145126,0.2807971782062044,0.0809111319247139,123.04687499999999
23.719183673469388,0.27900816872075584,0.08137955750726383,123.04687499999999
23.73079365079365,0.2779045734314255,0.08192126559599537,123.04687499999999
23.742403628117913,0.2771512828684809,0.08235824954513761,123.04687499999999
23.754013605442175,0.27605991908604105,0.08271482774427506,123.04687499999999
23.76562358276644,0.27451951972613886,0.08299568597067766,123.04687499999999
23.777233560090703,0.27247797260527,0.08320813041646967,123.04687499999999
23.788843537414966,0.26974636241604405,0.08320495538248929,123.04687499999999
23.800453514739228,0.2662238217086936,0.08328300650291416,123.04687499999999
23.81206349206349,0.2619292150253428,0.08350746877007617,123.04687499999999
23.823673469387757,0.25748019014890017,0.08368775526346363,123.04687499999999
23.83528344671202,0.25356164732562353,0.08364378464930687,123.04687499999999
23.84689342403628,0.2507623948374979,0.0833963642322507,123.04687499999999
23.858503401360544,0.24896155284351085,0.08302097934107015,123.04687499999999
23.870113378684806,0.24782003521812102,0.0827632244930589,123.04687499999999
23.881723356009072,0.2462249064454412,0.08271004128790721,123.04687499999999
23.893333333333334,0.24328822109907838,0.08328432781259835,123.04687499999999
23.904943310657597,0.2389136681405081,0.08438524360892437,123.04687499999999
23.91655328798186,0.23350188939509411,0.08564875197495052,123.04687499999999
23.92816326530612,0.227703906900381,0.08674356171423127,123.04687499999999
23.939773242630384,0.22192756860854476,0.08769824436205371,123.04687499999999
23.95138321995465,0.2169087370177712,0.08869365489138942,123.04687499999999
23.962993197278912,0.21265293271590538,0.08952145031928914,123.04687499999999
23.974603174603175,0.2093749142752029,0.08986536756175242,123.04687499999999
23.986213151927437,0.2070247723329148,0.09003164052220995,123.04687499999999
23.9978231292517,0.205284169927276,0.09008993871804565,123.04687499999999
24.009433106575965,0.20389718793265776,0.09016600772909732,123.04687499999999
24.021043083900228,0.20264628645008792,0.0901495688892679,123.04687499999999
24.03265306122449,0.201617085611309,0.09001765280675972,123.04687499999999
24.044263038548753,0.20125171640643547,0.08975796688467742,123.04687499999999
24.055873015873015,0.201949118878716,0.08955732087173178,123.04687499999999
24.067482993197277,0.2036665543904813,0.0892680735795794,123.04687499999999
24.079092970521543,0.2065668117703953,0.08885878408258144,123.04687499999999
24.090702947845806,0.2098101444263884,0.08844447922647097,123.04687499999999
24.102312925170068,0.21313919009161092,0.08777627064694535,123.04687499999999
24.11392290249433,0.2158443939201766,0.08702385496878424,123.04687499999999
24.125532879818593,0.21750519415647265,0.08657398954772433,123.04687499999999
24.13714285714286,0.2182317018509175,0.08640391654102482,123.04687499999999
24.14875283446712,0.21797677605625893,0.08615626365543869,123.04687499999999
24.160362811791384,0.21747674615706344,0.08608818488135536,123.04687499999999
24.171972789115646,0.2168528335169412,0.08602221707933477,123.04687499999999
24.18358276643991,0.2168170044645113,0.08602338428475706,123.04687499999999
24.19519274376417,0.21742661230568017,0.08580070746103223,123.04687499999999
24.206802721088437,0.21886234415217878,0.08534867931657102,123.04687499999999
24.2184126984127,0.22083573335832363,0.08490490271830134,123.04687499999999
24.23002267573696,0.22334081494040153,0.08453366276895553,123.04687499999999
24.241632653061224,0.22646624649881988,0.0841517410876838,123.04687499999999
24.253242630385486,0.2300313096850248,0.08354542808792031,123.04687499999999
24.264852607709752,0.2341772619938571,0.08268370260773314,123.04687499999999
24.276462585034015,0.23834964648579,0.0819067635179113,123.04687499999999
24.288072562358277,0.24247017160423914,0.08118035940323638,123.04687499999999
24.29968253968254,0.2461729679386727,0.08045017873576996,123.04687499999999
24.3112925170068,0.24961473313727672,0.07972117939270992,123.04687499999999
24.322902494331064,0.25269810993620306,0.07893285989006012,123.04687499999999
24.33451247165533,0.2555582842248905,0.07827676721624692,123.04687499999999
24.346122448979592,0.25757672525956793,0.07791812353628713,123.04687499999999
24.357732426303855,0.2583729710354878,0.07787383433272585,123.04687499999999
24.369342403628117,0.2583042758474088,0.07807011248541837,123.04687499999999
24.38095238095238,0.2571750988495444,0.07842430670928983,123.04687499999999
24.392562358276646,0.25598335324581156,0.07883651901850722,123.04687499999999
24.404172335600908,0.2552127324934869,0.07928660089879644,123.04687499999999
24.41578231292517,0.2558616704102034,0.07954587226451393,123.04687499999999
24.427392290249433,0.2579233148864759,0.07939157175448264,123.04687499999999
24.439002267573695,0.2611296648100443,0.07919518434604177,123.04687499999999
24.450612244897957,0.2648712972617317,0.07921630902851164,123.04687499999999
24.462222222222223,0.2682723933663104,0.07911375376437076,123.04687499999999
24.473832199546486,0.2711524759234998,0.0789268556319241,123.04687499999999
24.485442176870748,0.2725026355347179,0.07886571225157246,123.04687499999999
24.49705215419501,0.2725378348527968,0.07897105105148422,123.04687499999999
24.508662131519273,0.2706328118068625,0.07944996627632402,123.04687499999999
24.52027210884354,0.267054245566827,0.0803158158339042,123.04687499999999
24.5318820861678,0.2627022447614543,0.08180568092813732,123.04687499999999
24.543492063492064,0.2576445866327193,0.08350124678092301,123.04687499999999
24.555102040816326,0.2525894711813734,0.08521235137254835,123.04687499999999
24.56671201814059,0.24745022621947696,0.08662127897137736,123.04687499999999
24.57832199546485,0.24277296179096983,0.08780980087823927,123.04687499999999
24.589931972789117,0.23870545347441793,0.08884563355159925,123.04687499999999
24.60154195011338,0.23536181229954303,0.0898766726703542,123.04687499999999
24.61315192743764,0.23277808805899078,0.09089948757458904,123.04687499999999
24.624761904761904,0.2304062960829522,0.09195868122908674,123.04687499999999
24.636371882086166,0.2281043313174569,0.09289783863693907,123.04687499999999
24.647981859410432,0.22582597742521215,0.09364877734127124,123.04687499999999
24.659591836734695,0.22350797026042482,0.09411213233509846,123.04687499999999
24.671201814058957,0.22107764714200864,0.09427553734713022,123.04687499999999
24.68281179138322,0.21858470877073496,0.09458945960553806,123.04687499999999
24.694421768707482,0.2158065307258353,0.0951102674754428,123.04687499999999
24.706031746031748,0.21235439406902548,0.09600790564413325,123.04687499999999
24.71764172335601,0.20793414372091476,0.09742730074060839,123.04687499999999
24.729251700680273,0.2025975340992617,0.09922869127197452,123.04687499999999
24.740861678004535,0.19646649251987547,0.1008679209924925,123.04687499999999
24.752471655328797,0.19063776216260114,0.10228818462492457,123.04687499999999
24.76408163265306,0.1858880174760538,0.10341838978097824,123.04687499999999
24.775691609977326,0.18298028908106898,0.10432699112897238,123.04687499999999
24.787301587301588,0.18237306440124668,0.10471922107128337,123.04687499999999
24.79891156462585,0.18346001088042857,0.10483628306844887,123.04687499999999
24.810521541950113,0.1860551328129437,0.10461209798489624,123.04687499999999
24.822131519274375,0.1895726939542228,0.10399630216215026,123.04687499999999
24.83374149659864,0.1929569813161195,0.10282325243934204,123.04687499999999
24.845351473922904,0.1957809075624583,0.10154554599751753,123.04687499999999
24.856961451247166,0.19749505404501105,0.10059273339649877,123.04687499999999
24.86857142857143,0.19841155534197516,0.10026157545543771,123.04687499999999
24.88018140589569,0.198915659355867,0.10011417053586397,123.04687499999999
24.891791383219953,0.19936092485704318,0.09985085086838857,123.04687499999999
24.90340136054422,0.2001526633676549,0.09950938949667415,123.04687499999999
24.91501133786848,0.20086724192765562,0.09922909213640237,123.04687499999999
24.926621315192744,0.20170219220968197,0.09899550523198646,123.04687499999999
24.938231292517006,0.20262759516820866,0.09884767349053156,123.04687499999999
24.94984126984127,0.20367948227027838,0.09887222818059936,123.04687499999999
24.961451247165535,0.205225765814645,0.0989751945735748,123.04687499999999
24.973061224489797,0.20712910623704905,0.09924355058683182,123.04687499999999
24.98467120181406,0.2096514705285361,0.09913036192441911,123.04687499999999
24.99628117913832,0.2125152133118789,0.0986838223390885,123.04687499999999
25.007891156462584,0.21591203746854915,0.0978021023038921,123.04687499999999
25.019501133786846,0.2196153235963668,0.09639600389954325,123.04687499999999
25.031111111111112,0.22365493451457563,0.09474212494717005,123.04687499999999
25.042721088435375,0.2283537094523573,0.09332696800605081,123.04687499999999
25.054331065759637,0.23288667225350304,0.09207579968508024,123.04687499999999
25.0659410430839,0.23719008605496564,0.09114728120325795,123.04687499999999
25.077551020408162,0.24025653166286395,0.09042794597158359,123.04687499999999
25.089160997732428,0.2420061535970106,0.08999114811064308,123.04687499999999
25.10077097505669,0.24314626931378577,0.0896457938861325,123.04687499999999
25.112380952380953,0.2439462643414432,0.08924112553296394,123.04687499999999
25.123990929705215,0.245449554355665,0.08895739456159554,123.04687499999999
25.135600907029477,0.24778950976173936,0.0887499511118839,123.04687499999999
25.14721088435374,0.25092469303979587,0.08847246938508077,123.04687499999999
25.158820861678006,0.25475554452172205,0.08768856242687896,123.04687499999999
25.170430839002268,0.25851088619027157,0.08673121350478911,123.04687499999999
25.18204081632653,0.2619359305257889,0.08574290997198519,123.04687499999999
25.193650793650793,0.26495886865368196,0.08482981839271748,123.04687499999999
25.205260770975055,0.26760960545878293,0.0841049614378852,123.04687499999999
25.21687074829932,0.27040174428109237,0.08332581137714465,123.04687499999999
25.228480725623584,0.27331131606512304,0.08248413036656672,123.04687499999999
25.240090702947846,0.2758507714801717,0.08170368418719014,123.04687499999999
25.25170068027211,0.27760682570090295,0.08087312811551771,123.04687499999999
25.26331065759637,0.27830659384190937,0.08030304145503088,123.04687499999999
25.274920634920633,0.27814139769542223,0.07991447441232528,123.04687499999999
25.2865306122449,0.277677881559816,0.0797178255359595,123.04687499999999
25.29814058956916,0.2779594586118269,0.07960056625404706,123.04687499999999
25.309750566893424,0.27892383346366456,0.0794306838904229,123.04687499999999
25.321360544217686,0.2804665501793397,0.07926742339599975,123.04687499999999
25.33297052154195,0.28232242312556877,0.07904238964640445,123.04687499999999
25.344580498866215,0.2834737507793329,0.07868335969996869,123.04687499999999
25.356190476190477,0.284367293011419,0.07842511410168321,123.04687499999999
25.36780045351474,0.284445113516713,0.07832288559786715,123.04687499999999
25.379410430839002,0.28403614020592854,0.07836606233557962,123.04687499999999
25.391020408163264,0.2835394530632811,0.07866472002221535,123.04687499999999
25.402630385487527,0.2825688291808869,0.07898208376840747,123.04687499999999
25.414240362811793,0.28160300410748174,0.07931380011007483,123.04687499999999
25.425850340136055,0.2804433974461594,0.07974552852086841,123.04687499999999
25.437460317460317,0.27904871245099844,0.08015880824092134,123.04687499999999
25.44907029478458,0.2776754300939499,0.08067502467609342,123.04687499999999
25.460680272108842,0.27662998610723005,0.08123537591431389,123.04687499999999
25.472290249433108,0.27651843982891905,0.08150264936856935,123.04687499999999
25.48390022675737,0.2774252464655082,0.08170182037811682,123.04687499999999
25.495510204081633,0.27941074056528775,0.08190319206341674,123.04687499999999
25.507120181405895,0.2820419522735818,0.08186808452823476,123.04687499999999
25.518730158730158,0.2849076833848289,0.08187362608940188,123.04687499999999
25.530340136054424,0.28783383150957875,0.08200906053676907,123.04687499999999
25.541950113378686,0.2906764007248441,0.08220722861257143,123.04687499999999
25.55356009070295,0.2933907123780039,0.08252565111751647,123.04687499999999
25.56517006802721,0.2953939331665697,0.0828035066426364,123.04687499999999
25.576780045351473,0.29659913642661717,0.0829952668879332,123.04687499999999
25.588390022675735,0.29650883701879477,0.0832128396943852,123.04687499999999
25.6,0.2947547727919317,0.08344793303178843,123.04687499999999
25.611609977324264,0.29198425651496845,0.08375218663027759,123.04687499999999
25.623219954648526,0.28827561931113177,0.08414378530797743,123.04687499999999
25.63482993197279,0.284214013504647,0.08491735204110976,123.04687499999999
25.64643990929705,0.280525087985573,0.08565535347992491,123.04687499999999
25.658049886621317,0.27761132130446387,0.08609818143214563,123.04687499999999
25.66965986394558,0.2760490703291804,0.08624756522956967,123.04687499999999
25.68126984126984,0.2757659739181006,0.08613794284061851,123.04687499999999
25.692879818594104,0.2763856466801193,0.08581723332024138,123.04687499999999
25.704489795918366,0.2775938411783336,0.08562552840872599,123.04687499999999
25.71609977324263,0.27851114088849266,0.08564198443790767,123.04687499999999
25.727709750566895,0.2788205037192658,0.0855265458447958,123.04687499999999
25.739319727891157,0.27877016078941425,0.08531344061294459,123.04687499999999
25.75092970521542,0.27845485130053077,0.08478951495361942,123.04687499999999
25.762539682539682,0.2780438038647015,0.08432247475046284,123.04687499999999
25.774149659863944,0.2770881786552214,0.0839794673169522,123.04687499999999
25.78575963718821,0.2755209372851013,0.08367473464396828,123.04687499999999
25.797369614512473,0.2730868332616336,0.08341040738934238,123.04687499999999
25.808979591836735,0.2699180899739672,0.0834337852417527,123.04687499999999
25.820589569160997,0.2663701333214899,0.08370593589021191,123.04687499999999
25.83219954648526,0.2625086664211319,0.08408683226882521,123.04687499999999
25.843809523809522,0.2586024150794458,0.08444356493899034,123.04687499999999
25.855419501133788,0.2549453136356069,0.08487068794868873,123.04687499999999
25.86702947845805,0.25216410020449714,0.08545562760607442,123.04687499999999
25.878639455782313,0.25045425482422096,0.08606215958402519,123.04687499999999
25.890249433106575,0.2500546783827658,0.08623336093070455,123.04687499999999
25.901859410430838,0.25097067697512565,0.08601922153075886,123.04687499999999
25.913469387755104,0.25292715664777304,0.0858050673996499,123.04687499999999
25.925079365079366,0.25570402108014434,0.08554431671135804,123.04687499999999
25.93668934240363,0.25875867083070975,0.08489916653871474,123.04687499999999
25.94829931972789,0.2623818657444494,0.08420366124013705,123.04687499999999
25.959909297052153,0.265919970719455,0.08371945160769657,123.04687499999999
25.971519274376416,0.2690023837582702,0.08341631556311521,123.04687499999999
25.98312925170068,0.2715844511977325,0.08338081627081695,123.04687499999999
25.994739229024944,0.27329605000500434,0.08350541803316389,123.04687499999999
26.006349206349206,0.27434382217626246,0.08347756100809904,123.04687499999999
26.01795918367347,0.2753395121513663,0.08317520492644209,123.04687499999999
26.02956916099773,0.27644869841551617,0.08276303695899045,123.04687499999999
26.041179138321997,0.2780667441874858,0.08249586808247185,123.04687499999999
26.05278911564626,0.2802598073923476,0.08248718636104281,123.04687499999999
26.064399092970522,0.2830552814743676,0.0823891286977819,123.04687499999999
26.076009070294784,0.28678375531025896,0.08233849415179843,123.04687499999999
26.087619047619047,0.2903681074428892,0.0823862911447832,123.04687499999999
26.09922902494331,0.29339662071894473,0.0824412617326008,123.04687499999999
26.110839002267575,0.2955446587506963,0.08242040761243032,123.04687499999999
26.122448979591837,0.2964030091615409,0.08210613252992276,123.04687499999999
26.1340589569161,0.29697577337826997,0.0817109953685179,123.04687499999999
26.145668934240362,0.2981402529839746,0.0812837741690785,123.04687499999999
26.157278911564624,0.3006587822265837,0.08054253317307403,123.04687499999999
26.16888888888889,0.3048937932166302,0.07950864637212401,123.04687499999999
26.180498866213153,0.3102312932959833,0.07834283188138273,123.04687499999999
26.192108843537415,0.3158866101398763,0.07743900969907302,123.04687499999999
26.203718820861678,0.32095590252744677,0.07670608753176397,123.04687499999999
26.21532879818594,0.32508006028016107,0.07604568242866191,123.04687499999999
26.226938775510202,0.3284401778379216,0.07552305932293711,123.04687499999999
26.23854875283447,0.3310777010504181,0.0751675406509227,123.04687499999999
26.25015873015873,0.33271716945206703,0.0750327152041136,123.04687499999999
26.261768707482993,0.333307604547792,0.07493641299937912,123.04687499999999
26.273378684807255,0.3335503379857115,0.07487773610906479,123.04687499999999
26.284988662131518,0.3335509910435569,0.07468714670492269,123.04687499999999
26.296598639455784,0.33367153519284537,0.07425290854998289,123.04687499999999
26.308208616780046,0.3337266752657221,0.07396054213525609,123.04687499999999
26.31981859410431,0.33336259884882824,0.07397941136807966,123.04687499999999
26.33142857142857,0.3329379371560787,0.07438744517810399,123.04687499999999
26.343038548752833,0.33253290301691535,0.07473892925484979,123.04687499999999
26.354648526077096,0.33221126286524466,0.07478467443687152,123.04687499999999
26.36625850340136,0.33124122873406797,0.07471038730629342,123.04687499999999
26.377868480725624,0.3297180129587234,0.07470604669566616,123.04687499999999
26.389478458049886,0.3283169273302917,0.07478284682637822,123.04687499999999
26.40108843537415,0.32713477268068153,0.07496059829839144,123.04687499999999
26.41269841269841,0.32638516556390074,0.0751675017332944,123.04687499999999
26.424308390022677,0.32580645968695304,0.07571465155534453,123.04687499999999
26.43591836734694,0.32425073429223206,0.07645630817920006,123.04687499999999
26.447528344671202,0.321141631678895,0.0775182476184864,123.04687499999999
26.459138321995464,0.31600848456133196,0.07911708035314735,123.04687499999999
26.470748299319727,0.3090966573509378,0.0807537602836932,123.04687499999999
26.482358276643993,0.3012641531050858,0.08224689631593886,123.04687499999999
26.493968253968255,0.2932277815259182,0.08360226482350333,123.04687499999999
26.505578231292517,0.2860800992260211,0.08506510650298538,123.04687499999999
26.51718820861678,0.2795298124189871,0.08665734452497104,123.04687499999999
26.528798185941042,0.2740623713210164,0.08789856681957024,123.04687499999999
26.540408163265305,0.26970158422208057,0.08878098245037248,123.04687499999999
26.55201814058957,0.26585735255116083,0.08936282551493163,123.04687499999999
26.563628117913833,0.2626030112057735,0.08996760165261802,123.04687499999999
26.575238095238095,0.25853060745432677,0.09084744975931781,123.04687499999999
26.586848072562358,0.25374852890759364,0.0920148703365455,123.04687499999999
26.59845804988662,0.24867812948701737,0.09328577197221526,123.04687499999999
26.610068027210886,0.24402822018560666,0.09432075625909686,123.04687499999999
26.62167800453515,0.24123799805475427,0.09485710724155565,123.04687499999999
26.63328798185941,0.24003240162722847,0.09479949506173889,123.04687499999999
26.644897959183673,0.23943951839756514,0.09453561331904416,123.04687499999999
26.656507936507936,0.23900445692522362,0.09453096813426536,123.04687499999999
26.668117913832198,0.23835685177962018,0.09491136914660235,123.04687499999999
26.679727891156464,0.23726183037345674,0.09533735266796912,123.04687499999999
26.691337868480726,0.23607629548311093,0.09569132117343711,123.04687499999999
26.70294784580499,0.2352805903124738,0.09599303463105092,123.04687499999999
26.71455782312925,0.2359115599756399,0.09599094532777473,123.04687499999999
26.726167800453513,0.23835398298979923,0.09553486453664077,123.04687499999999
26.73777777777778,0.2435922749194207,0.09459913737157458,123.04687499999999
26.749387755102042,0.25146566941600457,0.09331091485482325,123.04687499999999
26.760997732426304,0.2614197811764714,0.09160384222216596,123.04687499999999
26.772607709750567,0.2725228061925328,0.08984030220999914,123.04687499999999
26.78421768707483,0.28350628788711346,0.0883713094096149,123.04687499999999
26.79582766439909,0.2935964580856071,0.08716870313363631,123.04687499999999
26.807437641723357,0.30184172237816864,0.08604810635223113,123.04687499999999
26.81904761904762,0.3088913418785096,0.08484578598475273,123.04687499999999
26.830657596371882,0.3146213871987142,0.08385817204731624,123.04687499999999
26.842267573696144,0.3200294533435962,0.08309738211961747,123.04687499999999
26.853877551020407,0.3264083466184673,0.0823485581150743,123.04687499999999
26.865487528344673,0.33356315841083756,0.08131597340487288,123.04687499999999
26.877097505668935,0.34215219435238475,0.08001403415473626,123.04687499999999
26.888707482993198,0.3512493492808021,0.07846741979765601,123.04687499999999
26.90031746031746,0.3600823931226458,0.07683873962686982,123.04687499999999
26.911927437641722,0.36804228946236167,0.07545762756039377,123.04687499999999
26.923537414965985,0.37409667962661464,0.07440021813555112,123.04687499999999
26.93514739229025,0.37876016403479423,0.07377857569967373,123.04687499999999
26.946757369614513,0.38236761142485065,0.07341215850615748,123.04687499999999
26.958367346938775,0.3855332568526611,0.07309482206407404,123.04687499999999
26.969977324263038,0.38950036335635335,0.07263096694722755,123.04687499999999
26.9815873015873,0.394824955547476,0.07192312229235745,123.04687499999999
26.993197278911566,0.4009046841895348,0.07110796950531043,123.04687499999999
27.00480725623583,0.4081015457435054,0.07024029812404378,123.04687499999999
27.01641723356009,0.415380030365352,0.06960023270112842,123.04687499999999
27.028027210884353,0.4223635952303817,0.06904031748500546,123.04687499999999
27.039637188208616,0.42882819151869894,0.06859974160214134,123.04687499999999
27.051247165532878,0.4339762281885411,0.06809310740339468,123.04687499999999
27.062857142857144,0.4377338097455426,0.06752067912702626,123.04687499999999
27.074467120181406,0.43957865984168437,0.0670787169255416,123.04687499999999
27.08607709750567,0.44034602613354723,0.06661456905083851,123.04687499999999
27.09768707482993,0.44050764795450525,0.0661181775634637,123.04687499999999
27.109297052154194,0.44040088299256247,0.06567881169489327,123.04687499999999
27.12090702947846,0.44082107073928173,0.06543573642913438,123.04687499999999
27.132517006802722,0.4407615758367929,0.06544095116606079,123.04687499999999
27.144126984126984,0.4398254190813474,0.06553790054994134,123.04687499999999
27.155736961451247,0.4371305300682152,0.06578253820257525,123.04687499999999
27.16734693877551,0.43334179082153523,0.06619537290198638,123.04687499999999
27.17895691609977,0.4288859488208491,0.06658653965605969,123.04687499999999
27.190566893424037,0.4249335827656677,0.06706222880971031,123.04687499999999
27.2021768707483,0.42233538796275494,0.06749412524171802,123.04687499999999
27.213786848072562,0.4211644002691086,0.06777205197342179,123.04687499999999
27.225396825396825,0.4214547527859174,0.0679765551580083,123.04687499999999
27.237006802721087,0.42237800165313255,0.06799677558424876,123.04687499999999
27.248616780045353,0.42392320981780723,0.06795988863585099,123.04687499999999
27.260226757369615,0.42497673206343634,0.06787783918266456,123.04687499999999
27.271836734693878,0.42506886319855736,0.06786201347464832,123.04687499999999
27.28344671201814,0.4237068460893423,0.06799200064087008,123.04687499999999
27.295056689342402,0.4215877100321604,0.06816464001327525,123.04687499999999
27.30666666666667,0.41895449583526895,0.06832370143151212,123.04687499999999
27.31827664399093,0.4159298884115567,0.06851007449041077,123.04687499999999
27.329886621315193,0.4130943395681296,0.06866695039737296,123.04687499999999
27.341496598639456,0.40970346331904256,0.06883204786537417,123.04687499999999
27.353106575963718,0.40650259524965865,0.06900463186968708,123.04687499999999
27.36471655328798,0.4041180111698803,0.06917812207942571,123.04687499999999
27.376326530612246,0.4031266443710745,0.06921373123620685,123.04687499999999
27.38793650793651,0.40362925734728355,0.06918327006985182,123.04687499999999
27.39954648526077,0.4051477018020433,0.06926809265880855,123.04687499999999
27.411156462585033,0.4072916640531346,0.06944144562834462,123.04687499999999
27.422766439909296,0.4085115611147039,0.0695615117792766,123.04687499999999
27.434376417233562,0.40960285909157007,0.06968955892997222,123.04687499999999
27.445986394557824,0.4106607211731363,0.06992016820641693,123.04687499999999
27.457596371882087,0.41224897367985447,0.07014378568620906,123.04687499999999
27.46920634920635,0.41478435664617064,0.07022482022251937,123.04687499999999
27.48081632653061,0.4182678338321961,0.07014652143550208,123.04687499999999
27.492426303854874,0.4226128475850083,0.06977926978902528,123.04687499999999
27.50403628117914,0.42748009520376024,0.06926562255456589,123.04687499999999
27.515646258503402,0.4329698443912185,0.06864996282150715,123.04687499999999
27.527256235827664,0.4380641987065889,0.06808653921857798,123.04687499999999
27.538866213151927,0.4423321799550277,0.0676654850839831,123.04687499999999
27.55047619047619,0.44548196457361033,0.06739017178171822,123.04687499999999
27.562086167800455,0.44783647300725765,0.06722557244173098,123.04687499999999
27.573696145124718,0.44983216780394414,0.06714588644913949,123.04687499999999
27.58530612244898,0.4513900089728071,0.0671838212974167,123.04687499999999
27.596916099773242,0.45243482822306774,0.06747900305093368,123.04687499999999
27.608526077097505,0.45225998697863157,0.06795717857103155,123.04687499999999
27.620136054421767,0.4507825802124082,0.06845876151843522,123.04687499999999
27.631746031746033,0.44873008937473685,0.06902032541896906,123.04687499999999
27.643356009070295,0.44622094617269187,0.06956403486257275,123.04687499999999
27.654965986394558,0.4440057989504859,0.07012021959126231,123.04687499999999
27.66657596371882,0.4415271328918697,0.0707157934755225,123.04687499999999
27.678185941043083,0.4388931290280937,0.07139133457502404,123.04687499999999
27.68979591836735,0.4356994862441067,0.07211466624805876,123.04687499999999
27.70140589569161,0.43155127447174685,0.07276541272149892,123.04687499999999
27.713015873015873,0.4274332757875389,0.07340373259805051,123.04687499999999
27.724625850340136,0.423247748089976,0.07415317783593413,123.04687499999999
27.736235827664398,0.41941671168605793,0.07485107371904277,123.04687499999999
27.74784580498866,0.4156640863716332,0.07539345097767156,123.04687499999999
27.759455782312926,0.41161251549864813,0.07593269792119783,123.04687499999999
27.77106575963719,0.406450183192654,0.0765933698269597,123.04687499999999
27.78267573696145,0.4004519118550641,0.07740939991593275,123.04687499999999
27.794285714285714,0.39366792446632964,0.07850030499225889,123.04687499999999
27.805895691609976,0.3861572427951945,0.079766729537219,123.04687499999999
27.817505668934242,0.3782396019636195,0.08108182719693849,123.04687499999999
27.829115646258504,0.3703764448151482,0.08236805720560259,123.04687499999999
27.840725623582767,0.3637305300147852,0.08346443984720531,123.04687499999999
27.85233560090703,0.35897313022415706,0.08432750837931122,123.04687499999999
27.86394557823129,0.3569136889851309,0.08499458139343714,123.04687499999999
27.875555555555554,0.35699174439133363,0.0853513440998124,123.04687499999999
27.88716553287982,0.3586282207218335,0.08542659321890245,123.04687499999999
27.898775510204082,0.3613439351165899,0.08519835067685541,123.04687499999999
27.910385487528345,0.36485521057610676,0.08479664397797047,123.04687499999999
27.921995464852607,0.3690755585849634,0.08435894943820652,123.04687499999999
27.93360544217687,0.37300638872492087,0.08402127202666497,123.04687499999999
27.945215419501135,0.3766224599770609,0.08376396747048216,123.04687499999999
27.956825396825398,0.37917045345705286,0.08374607616922901,123.04687499999999
27.96843537414966,0.38073458197364196,0.08389833307335792,123.04687499999999
27.980045351473922,0.3813062524850764,0.08406876862700245,123.04687499999999
27.991655328798185,0.38136760826923194,0.0841728150326281,123.04687499999999
28.003265306122447,0.38197497705493083,0.08426021098661218,123.04687499999999
28.014875283446713,0.3841043679528462,0.08402678357771783,122.83175808566432
28.026485260770976,0.3894735396717381,0.08336397445107341,122.61664117132865
28.038095238095238,0.39759512613693165,0.08246562334611787,122.40152425699299
28.0497052154195,0.4073994302593761,0.08145024457440121,122.18640734265732
28.061315192743763,0.4173014448300136,0.08043811025362896,121.97129042832165
28.07292517006803,0.4269573165676281,0.07951073425323846,121.75617351398598
28.08453514739229,0.4355196179536284,0.07847936277074126,121.54105659965032
28.096145124716553,0.4430674897696927,0.07744397195217338,121.32593968531465
28.107755102040816,0.4500619592013735,0.07649447917849035,121.11082277097898
28.11936507936508,0.4561705681604714,0.07573581291643139,120.89570585664332
28.130975056689344,0.46166221737974766,0.0752789144410488,120.68058894230765
28.142585034013607,0.4661785971763187,0.07498167568327561,120.465472027972
28.15419501133787,0.4703871884779939,0.07464575714609693,120.25035511363633
28.16580498866213,0.47377501767912356,0.07428075510235989,120.03523819930066
28.177414965986394,0.47660710964747593,0.07393357771860776,119.820121284965
28.189024943310656,0.4797107803855452,0.07352880641134475,119.60500437062933
28.200634920634922,0.4825612496015834,0.0731432554353252,119.38988745629366
28.212244897959184,0.4843894233991725,0.07287445219898951,119.174770541958
28.223854875283447,0.4852222404144359,0.07267393256070682,118.95965362762234
28.23546485260771,0.4843658000311928,0.07245429726851516,118.74453671328668
28.24707482993197,0.48187582540968193,0.07251610202968928,118.52941979895101
28.258684807256238,0.4782461582262243,0.0726342568748061,118.31430288461534
28.2702947845805,0.47373642562557994,0.07292752954497221,118.09918597027968
28.281904761904762,0.4691677162372168,0.07337555601226045,117.88406905594402
28.293514739229025,0.4647233685543993,0.0738492077304794,117.66895214160836
28.305124716553287,0.4609261137332885,0.07423682869961638,117.45383522727269
28.31673469387755,0.45662457580716764,0.07455716682298039,117.45383522727269
28.328344671201815,0.4508660266777634,0.07481147020167421,117.45383522727269
28.339954648526078,0.443205504049328,0.07518708448955218,117.45383522727269
28.35156462585034,0.4347660300161291,0.0758071395868275,117.45383522727269
28.363174603174603,0.42713029609741554,0.0764240534625906,117.45383522727269
28.374784580498865,0.4206898762770901,0.07688250749818996,117.45383522727269
28.38639455782313,0.41580350589181087,0.07729917474405268,117.45383522727269
28.398004535147393,0.4122270179417299,0.07744259313940491,117.45383522727269
28.409614512471656,0.409020630533974,0.07747480119009006,117.45383522727269
28.421224489795918,0.4058767734149171,0.0774258404744997,117.45383522727269
28.43283446712018,0.4031070418069467,0.07741563542629047,117.45383522727269
28.444444444444443,0.3998105857273673,0.0775178440884393,117.45383522727269
28.45605442176871,0.39497200934718585,0.07764597766413371,117.45383522727269
28.46766439909297,0.38884847501758507,0.07792545708040297,117.45383522727269
28.479274376417234,0.3816271704414002,0.07833342764178915,117.45383522727269
28.490884353741496,0.37347781902199306,0.07901162316390337,117.45383522727269
28.50249433106576,0.3651646433773633,0.07986219119745372,117.45383522727269
28.514104308390024,0.3571512987511024,0.08068534143408634,117.45383522727269
28.525714285714287,0.34968541068409664,0.0815148119522801,117.45383522727269
28.53732426303855,0.34375783452423725,0.08240314981121998,117.45383522727269
28.54893424036281,0.3397188258519751,0.08278763751214348,117.45383522727269
28.560544217687074,0.33792177975671456,0.08283631750883667,117.45383522727269
28.572154195011336,0.33819114695936553,0.08261649386521938,117.45383522727269
28.583764172335602,0.3397755402607293,0.08227198782033202,117.45383522727269
28.595374149659865,0.3424821210084512,0.0820794704354377,117.45383522727269
28.606984126984127,0.34531943743956706,0.08186775928269405,117.45383522727269
28.61859410430839,0.34785672960050273,0.08181317265243943,117.45383522727269
28.63020408163265,0.3498392816080501,0.08182961507174923,117.45383522727269
28.641814058956918,0.3509875114019582,0.08191590672944517,117.45383522727269
28.65342403628118,0.35107834725015363,0.08183133613409024,117.45383522727269
28.665034013605442,0.34991909127423043,0.08174116950019787,117.45383522727269
28.676643990929705,0.34696986371871136,0.08187117376478104,117.45383522727269
28.688253968253967,0.3426541592686401,0.08229012147612964,117.45383522727269
28.69986394557823,0.3370855791687878,0.08321841476059638,117.45383522727269
28.711473922902496,0.33125540108889195,0.08436729024172601,117.45383522727269
28.723083900226758,0.32647022968019446,0.08506957004015035,117.45383522727269
28.73469387755102,0.323258681116303,0.08530148115875398,117.45383522727269
28.746303854875283,0.3215041154343086,0.08518381029374116,117.45383522727269
28.757913832199545,0.32102852772434554,0.08511677317130954,117.45383522727269
28.76952380952381,0.3215602725781412,0.08501624335338914,117.45383522727269
28.781133786848073,0.3228076413842793,0.08501941288755968,117.45383522727269
28.792743764172336,0.3249944847129527,0.0848220876416889,117.45383522727269
28.804353741496598,0.32808785896119125,0.08436785479645867,117.45383522727269
28.81596371882086,0.3323036289012743,0.08372110618219007,117.45383522727269
28.827573696145123,0.33677062369723126,0.08294018675184645,117.45383522727269
28.83918367346939,0.34078213980037586,0.08199186385136545,117.45383522727269
28.85079365079365,0.34401412224437705,0.0813117207973021,117.45383522727269
28.862403628117914,0.34601622017328004,0.08102240113490938,117.45383522727269
28.874013605442176,0.3476507898081062,0.08090529386284,117.45383522727269
28.88562358276644,0.3493335949284615,0.08063448403024678,117.45383522727269
28.897233560090704,0.3509297699264651,0.07994946838236117,117.45383522727269
28.908843537414967,0.35242033114357485,0.07922009885157184,117.45383522727269
28.92045351473923,0.3545340561500376,0.07854727718252892,117.45383522727269
28.93206349206349,0.35726752305602044,0.07808713299884142,117.45383522727269
28.943673469387754,0.3618431895095939,0.07751631423083516,117.45383522727269
28.955283446712016,0.3680706641593596,0.07692261969128612,117.45383522727269
28.966893424036282,0.37497456346408564,0.07646378481315477,117.45383522727269
28.978503401360545,0.38326421653155096,0.07609276399058602,117.45383522727269
28.990113378684807,0.39161466561930436,0.0757769410878736,117.45383522727269
29.00172335600907,0.40035362664932833,0.07516538455195687,117.45383522727269
29.013333333333332,0.4092135633132886,0.07423469295949083,117.45383522727269
29.024943310657598,0.4173243485015923,0.0736736820898238,117.45383522727269
29.03655328798186,0.4246883503819111,0.07322425136592604,117.45383522727269
29.048163265306123,0.4315506197479375,0.07283692635264395,117.45383522727269
29.059773242630385,0.437701457559754,0.07251874280917324,117.45383522727269
29.071383219954647,0.4428233252687906,0.07222525242648016,117.45383522727269
29.082993197278913,0.44642243450957075,0.07194338561557835,117.45383522727269
29.094603174603176,0.4484513952732402,0.07207940366261346,117.45383522727269
29.106213151927438,0.4496917653650707,0.07223931775086122,117.45383522727269
29.1178231292517,0.45050536382088313,0.07234452104682532,117.45383522727269
29.129433106575963,0.45143126823454116,0.0723154096087058,117.45383522727269
29.141043083900225,0.4521907278617755,0.07224854609437709,117.45383522727269
29.15265306122449,0.45248206163131616,0.07226263415280818,117.45383522727269
29.164263038548754,0.4528231194251227,0.0721043379221962,117.45383522727269
29.175873015873016,0.4527336455024086,0.0716882453351381,117.45383522727269
29.18748299319728,0.45200868298947283,0.07120425037822756,117.45383522727269
29.19909297052154,0.45042698188575764,0.07109275699720409,117.45383522727269
29.210702947845807,0.4473563155583405,0.07132812343583095,117.45383522727269
29.22231292517007,0.44247676146432285,0.0719041293856888,117.45383522727269
29.23392290249433,0.43638976255584194,0.0726001068841359,117.45383522727269
29.245532879818594,0.428821165315987,0.0734120560610618,117.45383522727269
29.257142857142856,0.4204173045928941,0.07429914052867984,117.45383522727269
29.26875283446712,0.4123943065388646,0.07491850418200596,117.45383522727269
29.280362811791385,0.404867358396294,0.07504910132284175,117.45383522727269
29.291972789115647,0.39907521427203835,0.07485027611232292,117.45383522727269
29.30358276643991,0.3941795303156243,0.07456906004325181,117.45383522727269
29.31519274376417,0.3897067929421338,0.07440409093200821,117.45383522727269
29.326802721088434,0.3851582308880911,0.07400505128893725,117.45383522727269
29.3384126984127,0.3799086545520514,0.07355176348425797,117.45383522727269
29.350022675736962,0.37488790418736595,0.07313196511899742,117.45383522727269
29.361632653061225,0.3699390359996837,0.07274389681408677,117.45383522727269
29.373242630385487,0.3655162125703427,0.07250813446944196,117.45383522727269
29.38485260770975,0.36217126527977705,0.0724168403530465,117.45383522727269
29.396462585034012,0.35888990866392717,0.07199142675816,117.45383522727269
29.408072562358278,0.3550775443833036,0.07169279857023093,117.45383522727269
29.41968253968254,0.3510821014997829,0.07166941198201031,117.45383522727269
29.431292517006803,0.34657127352788,0.07170011899462526,117.45383522727269
29.442902494331065,0.34236174928642565,0.07190079445281829,117.45383522727269
29.454512471655327,0.33954262518100364,0.07208277967396964,117.45383522727269
29.466122448979593,0.3371822558863864,0.07217229139340703,117.45383522727269
29.477732426303856,0.3356090720230657,0.07233705710988231,117.45383522727269
29.489342403628118,0.33537588372526184,0.07268470465874732,117.45383522727269
29.50095238095238,0.3364511617933485,0.07263524450956224,117.45383522727269
29.512562358276643,0.339806601324502,0.07219716037577621,117.45383522727269
29.524172335600905,0.3454010871628654,0.07142762155327875,117.45383522727269
29.53578231292517,0.35189970076788046,0.07035659059610339,117.45383522727269
29.547392290249434,0.35922969865921245,0.06913354693332659,117.45383522727269
29.559002267573696,0.36632858154480336,0.06808917592965599,117.45383522727269
29.57061224489796,0.3725793522006441,0.06721667523890454,117.45383522727269
29.58222222222222,0.37906590589304956,0.06659607190795157,117.45383522727269
29.593832199546487,0.3856177478773761,0.0660293476619324,117.45383522727269
29.60544217687075,0.3923843042859151,0.065411255004634,117.45383522727269
29.61705215419501,0.3998229688369719,0.0648495610395087,117.45383522727269
29.628662131519274,0.40792185154625366,0.0646339950343835,117.45383522727269
29.640272108843536,0.4163385501870935,0.0644295545855367,117.45383522727269
29.6518820861678,0.42495400914893994,0.06435619273313116,117.45383522727269
29.663492063492065,0.43343556876196276,0.06407219496981346,117.45383522727269
29.675102040816327,0.4405694335573448,0.06356318537494368,117.45383522727269
29.68671201814059,0.4461583792327873,0.0630479027201167,117.45383522727269
29.698321995464852,0.45063732065580925,0.06280814451444207,117.45383522727269
29.709931972789114,0.4543762442502092,0.06268418861559492,117.45383522727269
29.72154195011338,0.45822079745216004,0.06273485199791622,117.45383522727269
29.733151927437643,0.46245152191711414,0.0626702505915453,117.45383522727269
29.744761904761905,0.46726877979035963,0.062450898677708824,117.45383522727269
29.756371882086167,0.472443638478853,0.06240313871704715,117.45383522727269
29.76798185941043,0.4775652129782446,0.06217433343690355,117.45383522727269
29.779591836734692,0.48214910679449563,0.062062185604025884,117.45383522727269
29.791201814058958,0.48513223504924036,0.06212194487435748,117.45383522727269
29.80281179138322,0.486134170722973,0.06242197787098193,117.45383522727269
29.814421768707483,0.4846924805566168,0.06309969352303921,117.45383522727269
29.826031746031745,0.4806903813143681,0.06403321763920841,117.45383522727269
29.837641723356008,0.47544594031202336,0.06518831261107609,117.45383522727269
29.849251700680274,0.46899658759331236,0.0665730328877743,117.45383522727269
29.860861678004536,0.46314974487661115,0.06767497087462586,117.45383522727269
29.8724716553288,0.45783769239569894,0.06851001575240702,117.45383522727269
29.88408163265306,0.4513548329782226,0.06926301642921866,117.45383522727269
29.895691609977323,0.4442623157406608,0.07025752489803071,117.45383522727269
29.90730158730159,0.4358835094485303,0.07115474428952562,117.45383522727269
29.91891156462585,0.4263723516643405,0.07203110732223392,117.45383522727269
29.930521541950114,0.41699256429578707,0.07308330696400647,117.45383522727269
29.942131519274376,0.408291672206645,0.07421776701492856,117.45383522727269
29.95374149659864,0.40107163293003556,0.07514322299346676,117.45383522727269
29.9653514739229,0.39608908311737934,0.07594578723470836,117.45383522727269
29.976961451247167,0.3941295197455691,0.07673202264754138,117.45383522727269
29.98857142857143,0.39425841703780884,0.07738217839456273,117.45383522727269
30.00018140589569,0.39616090615266447,0.07784879758858397,117.45383522727269
30.011791383219954,0.39886040572086595,0.07814807952293688,117.45383522727269
30.023401360544216,0.40098066463771076,0.07805596486624852,117.45383522727269
30.035011337868482,0.4031697745102584,0.07811966778580973,117.45383522727269
30.046621315192745,0.40471867944880807,0.07814885111117746,117.45383522727269
30.058231292517007,0.40542846669665705,0.07791221137798293,117.45383522727269
30.06984126984127,0.4052363644003423,0.07785832490294735,117.45383522727269
30.081451247165532,0.40437453129198286,0.0778839510506623,117.45383522727269
30.093061224489794,0.40415191186910593,0.07779259559560589,117.45383522727269
30.10467120181406,0.4042801927547059,0.07764977443405818,117.45383522727269
30.116281179138323,0.40673688808152264,0.0773794491551747,117.45383522727269
30.127891156462585,0.41119452849022947,0.07663861699427174,117.45383522727269
30.139501133786847,0.41680172979799374,0.07569927040761935,117.45383522727269
30.15111111111111,0.4243879895870251,0.07487226787996325,117.45383522727269
30.162721088435376,0.431074747991131,0.07424104718609931,117.45383522727269
30.174331065759638,0.4371810437593657,0.07388950828325337,117.45383522727269
30.1859410430839,0.4424621717855441,0.07385408683828765,117.45383522727269
30.197551020408163,0.44582362794529146,0.07366412104824283,117.45383522727269
30.209160997732425,0.44841177198804755,0.07365373814926948,117.45383522727269
30.220770975056688,0.44991647057473955,0.07370512446066185,117.45383522727269
30.232380952380954,0.44994347335047286,0.07350544150246045,117.45383522727269
30.243990929705216,0.4482517786467933,0.07332669726706866,117.45383522727269
30.25560090702948,0.4452957123095001,0.07336800623949424,117.45383522727269
30.26721088435374,0.4406417155656819,0.07350183612563047,117.45383522727269
30.278820861678003,0.43516240364200304,0.07365711689515987,117.45383522727269
30.29043083900227,0.4302968628032578,0.0736388429288293,117.45383522727269
30.30204081632653,0.4255515645743366,0.07332523665788261,117.45383522727269
30.313650793650794,0.42238868048167627,0.07313153823848517,117.45383522727269
30.325260770975056,0.41989832435443436,0.07313355572941496,117.45383522727269
30.33687074829932,0.4167403165380839,0.0734158376027209,117.45383522727269
30.34848072562358,0.41354198739767056,0.07410700339141299,117.45383522727269
30.360090702947847,0.40881300561910144,0.07488694727190076,117.45383522727269
30.37170068027211,0.403547458520217,0.07581386209657477,117.45383522727269
30.383310657596372,0.3984238940269571,0.07668397013071551,117.45383522727269
30.394920634920634,0.3930176521125361,0.0771299071225883,117.45383522727269
30.406530612244897,0.3896347008536803,0.07760363326451235,117.45383522727269
30.418140589569163,0.3869657500653549,0.07810136161768512,117.45383522727269
30.429750566893425,0.38470979005973793,0.0787901064987398,117.45383522727269
30.441360544217687,0.3826940986984633,0.07970198930958593,117.45383522727269
30.45297052154195,0.379649769594205,0.08032482569391433,117.45383522727269
30.464580498866212,0.3774275070402189,0.08061513729249277,117.45383522727269
30.476190476190474,0.37590773814416556,0.08053927824508858,117.45383522727269
30.48780045351474,0.37599594593432234,0.08026660740037553,117.45383522727269
30.499410430839003,0.37730420572069034,0.07992023781170905,117.45383522727269
30.511020408163265,0.3789116959454442,0.07971880657402004,117.45383522727269
30.522630385487528,0.38080437253297966,0.0797610208858709,117.45383522727269
30.53424036281179,0.38193751619086935,0.07968089428040478,117.45383522727269
30.545850340136056,0.3834688210538886,0.07976075961577958,117.45383522727269
30.55746031746032,0.38461793380865916,0.07989070182689928,117.45383522727269
30.56907029478458,0.38679207666160653,0.07998423095838611,117.45383522727269
30.580680272108843,0.3904535021147255,0.07985718188548242,117.45383522727269
30.592290249433105,0.39455377910803896,0.07966713623137558,117.45383522727269
30.603900226757368,0.3991285576028581,0.07985210673679805,117.45383522727269
30.615510204081634,0.40256548775775847,0.0800288364898786,117.45383522727269
30.627120181405896,0.4046911127442974,0.0802094828786775,117.45383522727269
30.63873015873016,0.405902708307796,0.08024049333437196,117.45383522727269
30.65034013605442,0.4059986261788421,0.07992541998454449,117.45383522727269
30.661950113378683,0.4065189383554332,0.07965231604436618,117.45383522727269
30.67356009070295,0.4075434853240815,0.0793402359205832,117.45383522727269
30.68517006802721,0.40880143133496605,0.07907799836153437,117.45383522727269
30.696780045351474,0.4107041345261816,0.07922689608759675,117.45383522727269
30.708390022675736,0.4123315063640152,0.07925162648527949,117.45383522727269
30.72,0.4145284929138412,0.07901910239169654,117.45383522727269
30.731609977324265,0.418047468458464,0.07863162645070612,117.45383522727269
30.743219954648527,0.42340255945054617,0.07793504932179843,117.45383522727269
30.75482993197279,0.4306996545550234,0.07702801733417285,117.45383522727269
30.766439909297052,0.4389378260063174,0.07646515820022176,117.45383522727269
30.778049886621314,0.4473998297022012,0.07629859437133249,117.45383522727269
30.789659863945577,0.4550645713841916,0.07595144105462957,117.45383522727269
30.801269841269843,0.46211322962336715,0.07570454162508639,117.45383522727269
30.812879818594105,0.46861042549311066,0.07534898625796974,117.45383522727269
30.824489795918367,0.4749257830700744,0.07468206384418992,117.45383522727269
30.83609977324263,0.4822988461279985,0.07413861412787534,117.45383522727269
30.847709750566892,0.48992486914318917,0.07324838114395678,117.45383522727269
30.859319727891158,0.4978196879354162,0.07215880939339445,117.45383522727269
30.87092970521542,0.5052425566498369,0.07142066502812706,117.45383522727269
30.882539682539683,0.5108492281810836,0.07098576323991976,117.45383522727269
30.894149659863945,0.51513610978987,0.07075999543665247,117.45383522727269
30.905759637188208,0.5189306824091158,0.07041274333412616,117.45383522727269
30.91736961451247,0.5231820489996658,0.07014109854330558,117.45383522727269
30.928979591836736,0.5292757067658205,0.06983548618858071,117.45383522727269
30.940589569161,0.537325117844366,0.06948692022205849,117.45383522727269
30.95219954648526,0.5470226436771564,0.06905759060455217,117.45383522727269
30.963809523809523,0.5575680068556549,0.06844187124934725,117.45383522727269
30.975419501133786,0.5682826327984993,0.06797479394775105,117.45383522727269
30.98702947845805,0.578787072406988,0.06738812281889803,117.45383522727269
30.998639455782314,0.5879816753942857,0.06648923688915381,117.45383522727269
31.010249433106576,0.5957448422229786,0.06563565002528224,117.45383522727269
31.02185941043084,0.6013256713223424,0.06502887166432088,117.45383522727269
31.0334693877551,0.6042081437047339,0.06472903445783272,117.45383522727269
31.045079365079363,0.6041499299284774,0.06456491341460115,117.45383522727269
31.05668934240363,0.6008378571033803,0.06462213654081982,117.45383522727269
31.068299319727892,0.595205626354112,0.06484320660809596,117.45383522727269
31.079909297052154,0.5889880575256445,0.06490724650775652,117.45383522727269
31.091519274376417,0.583542914521378,0.0649318823693269,117.45383522727269
31.10312925170068,0.57960540553218,0.06493867564076965,117.45383522727269
31.114739229024945,0.5769825386370178,0.06485850627387371,117.45383522727269
31.126349206349207,0.5750525611179544,0.06483846091300183,117.45383522727269
31.13795918367347,0.5731474864271394,0.06497207144905195,117.45383522727269
31.149569160997732,0.5709222751170657,0.06545292188004427,117.45383522727269
31.161179138321994,0.568165724615404,0.06597067367509968,117.45383522727269
31.172789115646257,0.5645058251852095,0.06623549920210382,117.45383522727269
31.184399092970523,0.5609395462618549,0.06644028317276719,117.45383522727269
31.196009070294785,0.5582347272709481,0.06662822582836808,117.45383522727269
31.207619047619048,0.55657267173086,0.06675883342114962,117.45383522727269
31.21922902494331,0.5557911980567649,0.06672051535278412,117.45383522727269
31.230839002267572,0.5549302495752317,0.06668574448473565,117.45383522727269
31.24244897959184,0.5543347641099701,0.06665955078209472,117.45383522727269
31.2540589569161,0.5540216611902609,0.06665559266247074,117.45383522727269
31.265668934240363,0.5543542525555715,0.06673317180956023,117.45383522727269
31.277278911564625,0.5550335509982445,0.06654398168474478,117.45383522727269
31.288888888888888,0.5553352987080702,0.06626414673305411,117.45383522727269
31.30049886621315,0.5552167637112347,0.0662845183793665,117.45383522727269
31.312108843537416,0.5545516109679635,0.06645034917879622,117.45383522727269
31.32371882086168,0.5537086832178433,0.06647877489903811,117.66895214160836
31.33532879818594,0.5522795527532641,0.06632814208345325,117.88406905594402
31.346938775510203,0.5506521775835027,0.06620560074823,118.09918597027969
31.358548752834466,0.5490696984746501,0.0663190672514691,118.31430288461536
31.37015873015873,0.5474656751207543,0.06625382092019032,118.52941979895103
31.381768707482994,0.5459185810849546,0.06622562055877904,118.74453671328669
31.393378684807256,0.5434694608959519,0.06647456798436326,118.95965362762236
31.40498866213152,0.5392419908914597,0.06669503744250761,119.17477054195803
31.41659863945578,0.5340475671230259,0.06725786234625816,119.38988745629369
31.428208616780044,0.5275760870719098,0.06800045292577371,119.60500437062936
31.43981859410431,0.5206667967080312,0.06867544920817172,119.82012128496503
31.451428571428572,0.5135597189460587,0.06903855385095845,120.0352381993007
31.463038548752834,0.5061243688301639,0.06943656281732305,120.25035511363635
31.474648526077097,0.49877701492701154,0.07004909377988679,120.46547202797201
31.48625850340136,0.4909780390374555,0.07074336639294532,120.68058894230768
31.497868480725625,0.4820519927613757,0.07131905807830857,120.89570585664335
31.509478458049887,0.4712360795458634,0.07191256969903648,121.11082277097901
31.52108843537415,0.45877427064000914,0.07280673091149438,121.32593968531467
31.532698412698412,0.4448813412757077,0.07383898278743495,121.54105659965033
31.544308390022675,0.42978969758071567,0.07467517899596997,121.756173513986
31.555918367346937,0.4144352189274908,0.07575270237020429,121.97129042832167
31.567528344671203,0.3987326879310613,0.07683719953222366,122.18640734265733
31.579138321995465,0.3837014362601137,0.0778185624498657,122.401524256993
31.590748299319728,0.3700760273774897,0.07880139870370113,122.61664117132867
31.60235827664399,0.35812684222486785,0.07943642325204911,122.83175808566432
31.613968253968252,0.34740791976114754,0.08012188861204031,123.04687499999999
31.62557823129252,0.336670490104558,0.08100461359601907,123.04687499999999
31.63718820861678,0.3261946401024091,0.08189745613691299,123.04687499999999
31.648798185941043,0.31563290299780417,0.08309476193346287,123.04687499999999
31.660408163265306,0.3050899404732731,0.08430692844044599,123.04687499999999
31.672018140589568,0.29460626585521743,0.08560770388329125,123.04687499999999
31.683628117913834,0.28402016527817403,0.08743472732008102,123.04687499999999
31.695238095238096,0.27342970487362694,0.08879409167045871,123.04687499999999
31.70684807256236,0.2650620763662257,0.09007798353864205,123.04687499999999
31.71845804988662,0.2593280568891582,0.09068788067367645,123.04687499999999
31.730068027210883,0.25694038911021677,0.09075393606755598,123.04687499999999
31.741678004535146,0.25677196349272635,0.09050000473725581,123.04687499999999
31.753287981859412,0.2574475576646868,0.09035491396818952,123.04687499999999
31.764897959183674,0.2579264173277327,0.09037019875461681,123.04687499999999
31.776507936507937,0.25740060163942635,0.0903653316317304,123.04687499999999
31.7881179138322,0.25599138360825896,0.0903786428348262,123.04687499999999
31.79972789115646,0.2542621988861497,0.09046428038599517,123.04687499999999
31.811337868480727,0.2530980999531943,0.090712432149807,123.04687499999999
31.82294784580499,0.2522980957627355,0.09086834271429307,123.04687499999999
31.834557823129252,0.25190913900810585,0.09054159685085457,123.04687499999999
31.846167800453514,0.25296795235505404,0.09047353487939326,123.04687499999999
31.857777777777777,0.255059957357283,0.09007632675445483,123.04687499999999
31.86938775510204,0.25926891017312254,0.08955544459144318,123.04687499999999
31.880997732426305,0.2650366662519724,0.08894775932788705,123.04687499999999
31.892607709750568,0.27177661305225637,0.0883940359761907,123.04687499999999
31.90421768707483,0.2789756803424191,0.08824108355667876,123.04687499999999
31.915827664399092,0.28579847636000316,0.08796009025316602,123.04687499999999
31.927437641723355,0.29231471503000717,0.08757536874159194,123.04687499999999
31.93904761904762,0.2981043652063175,0.08716949320116778,123.04687499999999
31.950657596371883,0.30333056973492506,0.08663050663688092,123.04687499999999
31.962267573696145,0.3085192209384752,0.08596393571999623,123.04687499999999
31.973877551020408,0.3142836105207916,0.08522147862669538,123.04687499999999
31.98548752834467,0.32009985322922707,0.0838851838611189,123.04687499999999
31.997097505668933,0.32665927909767817,0.08284235357435961,123.04687499999999
32.008707482993195,0.33278259018811746,0.0817920758391169,123.04687499999999
32.02031746031746,0.3385715364946837,0.08112260510851677,123.04687499999999
32.03192743764173,0.34444427245516673,0.0807554232474502,123.04687499999999
32.04353741496599,0.35075830225890886,0.08047597758128677,123.04687499999999
32.05514739229025,0.35798022074278774,0.08017122208225594,123.04687499999999
32.066757369614514,0.3659872480339726,0.0796776500150548,123.04687499999999
32.07836734693878,0.3749612982266005,0.0791995905561536,123.04687499999999
32.08997732426304,0.38434017347992344,0.07864138675519146,123.04687499999999
32.1015873015873,0.3935960281286332,0.07817296053194205,123.04687499999999
32.113197278911564,0.4029682037081669,0.07756766502585981,123.04687499999999
32.124807256235826,0.41233612608188586,0.0767503033473791,123.04687499999999
32.13641723356009,0.4216915520604558,0.07619242224523629,123.04687499999999
32.14802721088435,0.4296464080264183,0.07568968942513779,123.04687499999999
32.15963718820862,0.4360740682292997,0.07535437448469759,123.04687499999999
32.17124716553288,0.440221921819423,0.07499494342941215,123.04687499999999
32.182857142857145,0.4425962902086194,0.07475306060763211,123.04687499999999
32.19446712018141,0.4431643339166624,0.07451146713272042,123.04687499999999
32.20607709750567,0.44212194197579147,0.07440475243006173,123.04687499999999
32.21768707482993,0.43946120605541444,0.07461476980955578,123.04687499999999
32.229297052154195,0.4353486259187633,0.07499060707090127,123.04687499999999
32.24090702947846,0.43107601245772453,0.07547486996313892,123.04687499999999
32.25251700680272,0.4265613369422144,0.07613367711825293,123.04687499999999
32.26412698412698,0.42258992308888105,0.07668735990977261,123.04687499999999
32.275736961451244,0.4185645894812212,0.07718245996170957,123.04687499999999
32.287346938775514,0.41516516767035333,0.07793775179370423,123.04687499999999
32.298956916099776,0.4116813481287483,0.07857198930790328,123.04687499999999
32.31056689342404,0.4079214800363058,0.07937255285420872,123.04687499999999
32.3221768707483,0.4030787329155223,0.08013483628829667,123.04687499999999
32.33378684807256,0.3962652954500981,0.08067655684040581,123.04687499999999
32.345396825396826,0.3871420756836182,0.08132786300668139,123.04687499999999
32.35700680272109,0.37599410004633066,0.08235950836672916,123.04687499999999
32.36861678004535,0.36385423782950327,0.08371714950377568,123.04687499999999
32.38022675736961,0.35162678256319496,0.08535109854505495,123.04687499999999
32.391836734693875,0.34076543101552725,0.0866384349539638,123.04687499999999
32.40344671201814,0.3324761402952083,0.08740596431508746,123.04687499999999
32.41505668934241,0.32652207364351205,0.08806114430472746,123.04687499999999
32.42666666666667,0.3221654114711713,0.08863639735476503,123.04687499999999
32.43827664399093,0.31909356897324687,0.08910798990456438,123.04687499999999
32.449886621315194,0.31629428483180727,0.08933822235169805,123.04687499999999
32.46149659863946,0.3123894720499415,0.0897075304763716,123.04687499999999
32.47310657596372,0.30665527931262926,0.09048415571576338,123.04687499999999
32.48471655328798,0.2985098145869807,0.09145924397535099,123.04687499999999
32.496326530612244,0.2884320574854417,0.09296016765961872,123.04687499999999
32.507936507936506,0.27820406167772355,0.0943119235513179,123.04687499999999
32.51954648526077,0.2700363213488833,0.09500930507272498,123.04687499999999
32.53115646258503,0.2650412601474029,0.09525054821672765,123.04687499999999
32.5427664399093,0.2632891659228414,0.09556915512071061,123.04687499999999
32.55437641723356,0.2648889485656518,0.09520370805978015,123.04687499999999
32.565986394557825,0.268811133185995,0.09456730470865218,123.04687499999999
32.57759637188209,0.27432054991017285,0.09367896946232589,123.04687499999999
32.58920634920635,0.28034102271556127,0.09278666116671955,123.04687499999999
32.60081632653061,0.2862412978921508,0.09218730578781038,123.04687499999999
32.612426303854875,0.29122517547802834,0.0915281798022778,123.04687499999999
32.62403628117914,0.29499575072040063,0.09085239178502437,123.04687499999999
32.6356462585034,0.29736716702158167,0.09056040297621959,123.04687499999999
32.64725623582766,0.2995761651710645,0.09055196330571239,123.04687499999999
32.658866213151924,0.3023728179225377,0.09001298922651606,123.04687499999999
32.670476190476194,0.3058254289625655,0.08910157277125097,123.04687499999999
32.682086167800456,0.30941676398284645,0.0880355136652131,123.04687499999999
32.69369614512472,0.3112349786482928,0.08729924755271863,123.04687499999999
32.70530612244898,0.3098194032989159,0.08714882013453498,123.04687499999999
32.71691609977324,0.3046971915683358,0.08722083918455487,123.04687499999999
32.728526077097506,0.29701204682656784,0.08775762474915144,123.04687499999999
32.74013605442177,0.28856959904782287,0.08835462136412378,123.04687499999999
32.75174603174603,0.28096713442802,0.08869955363648824,123.04687499999999
32.76335600907029,0.2757309499427211,0.0889860816809493,123.04687499999999
32.774965986394555,0.27328268356021285,0.0890863318998401,123.04687499999999
32.78657596371882,0.27350224260742134,0.08898735790611728,123.04687499999999
32.79818594104309,0.27573539473438335,0.08836891813463937,123.04687499999999
32.80979591836735,0.27854790787859335,0.08787009856798204,123.04687499999999
32.82140589569161,0.28078516660654756,0.08784104515770357,123.04687499999999
32.833015873015874,0.28172821545461174,0.08788203792888276,123.04687499999999
32.84462585034014,0.28138328929264933,0.08749227900362729,123.04687499999999
32.8562358276644,0.28003610176101346,0.0872635543463683,123.04687499999999
32.86784580498866,0.27756798541873945,0.0872755547384225,123.04687499999999
32.879455782312924,0.2745822515964686,0.08742592455736878,123.04687499999999
32.891065759637186,0.2711792029822092,0.08734435896241934,123.04687499999999
32.90267573696145,0.26824731644483546,0.08725505080460806,123.04687499999999
32.91428571428571,0.266445115024313,0.08719021948819479,123.04687499999999
32.92589569160998,0.26635212425182414,0.0871725542106405,123.04687499999999
32.93750566893424,0.2679329307329298,0.08698997687604146,123.04687499999999
32.949115646258505,0.2699850975406242,0.086490276114057,123.04687499999999
32.96072562358277,0.27193338733478156,0.08662745273919883,123.04687499999999
32.97233560090703,0.273406837436763,0.08688094886603226,123.04687499999999
32.98394557823129,0.27494645879152796,0.08664694344591585,123.04687499999999
32.995555555555555,0.27734223731567453,0.08640810994288366,123.04687499999999
33.00716553287982,0.2811129966470568,0.08605115431436557,123.04687499999999
33.01877551020408,0.28653143508312656,0.08558316140930222,123.04687499999999
33.03038548752834,0.2931789875259947,0.08457714601251336,123.04687499999999
33.041995464852604,0.2994909190482157,0.08364051815539622,123.04687499999999
33.053605442176874,0.3046340211330117,0.08308119408637858,123.04687499999999
33.065215419501136,0.30799968301860275,0.08271652356366467,123.04687499999999
33.0768253968254,0.30960348063439136,0.08232823931828771,123.04687499999999
33.08843537414966,0.3109019020709988,0.08223105402251958,123.04687499999999
33.10004535147392,0.31286974611633117,0.08196525185285967,123.04687499999999
33.111655328798186,0.3162839217034211,0.08131036084212413,123.04687499999999
33.12326530612245,0.3214171362925217,0.08045937097644654,123.04687499999999
33.13487528344671,0.32758981738990006,0.07980198356586041,123.04687499999999
33.14648526077097,0.33388399973282235,0.07947101851913148,123.04687499999999
33.158095238095235,0.33923538395524605,0.07934425421532204,123.04687499999999
33.1697052154195,0.3430140457863471,0.07945170368739661,123.04687499999999
33.18131519274377,0.3451921111512768,0.07977289193979398,123.04687499999999
33.19292517006803,0.3466345918174995,0.080250612901393,123.04687499999999
33.20453514739229,0.3479810463250231,0.08050112796203761,123.04687499999999
33.216145124716554,0.3493995679315419,0.080509108661046,123.04687499999999
33.22775510204082,0.35059844136178403,0.08039730169462421,123.04687499999999
33.23936507936508,0.35132132974967495,0.08031894847232138,123.04687499999999
33.25097505668934,0.35135111968299854,0.08043326146275304,123.04687499999999
33.262585034013604,0.35094065200260355,0.08024938527091513,123.04687499999999
33.274195011337866,0.3505652428663386,0.07996645714763055,123.04687499999999
33.28580498866213,0.35035393783723,0.07976920630739844,123.04687499999999
33.29741496598639,0.35079228125843753,0.07950607980168159,123.04687499999999
33.30902494331066,0.3518134888024656,0.07930845098151111,122.93681518336314
33.32063492063492,0.3533422505716047,0.07919474219006747,122.82675536672629
33.332244897959185,0.35537087314460414,0.07933470586309933,122.71669555008944
33.34385487528345,0.3581964761835997,0.07940990553440773,122.60663573345259
33.35546485260771,0.36182210840251244,0.07941668460815131,122.49657591681574
33.36707482993197,0.36612923147257925,0.07907251361082802,122.3865161001789
33.378684807256235,0.371060008125383,0.07852549636203061,122.27645628354205
33.3902947845805,0.3754226994210468,0.07782216101083766,122.1663964669052
33.40190476190476,0.37854987191173156,0.07723535271269771,122.05633665026835
33.41351473922902,0.37969538535151476,0.07688657989461788,121.9462768336315
33.425124716553285,0.37846710515964405,0.07672386390081935,121.83621701699465
33.436734693877554,0.3751528874060367,0.07662932878553753,121.72615720035779
33.448344671201816,0.37016104234784863,0.07670187931769283,121.61609738372094
33.45995464852608,0.3647154636940244,0.07703072150210703,121.50603756708409
33.47156462585034,0.35991943769759266,0.077131329199105,121.39597775044724
33.483174603174604,0.3564805167158422,0.07703595207335037,121.2859179338104
33.494784580498866,0.35439105813942123,0.07667012723114221,121.17585811717353
33.50639455782313,0.35295717801178783,0.07649491850590705,121.06579830053668
33.51800453514739,0.3517501230328752,0.07645521872489516,120.95573848389984
33.52961451247165,0.3506802476856882,0.07649785077034273,120.84567866726297
33.541224489795916,0.350072529880554,0.07632654333396559,120.73561885062612
33.55283446712018,0.3501450176354317,0.07609397292089692,120.62555903398928
33.56444444444445,0.35025310787165015,0.07584899789897448,120.51549921735243
33.57605442176871,0.34931948004939173,0.07576574408548405,120.40543940071558
33.58766439909297,0.3464231651730266,0.07593464825433988,120.29537958407872
33.599274376417235,0.34135662745675055,0.07662797441232831,120.18531976744187
33.6108843537415,0.3345476689352483,0.07735564368759104,120.18531976744187
33.62249433106576,0.3269644970102895,0.07780854598429066,120.18531976744187
33.63410430839002,0.3191978791373958,0.07788757460966589,120.18531976744187
33.645714285714284,0.3116369794837009,0.0779960294445503,120.18531976744187
33.65732426303855,0.3045403298227064,0.07830568172454667,120.18531976744187
33.66893424036281,0.29832977470222155,0.07864915389800056,120.18531976744187
33.68054421768707,0.2933119680957321,0.07898973983545589,120.18531976744187
33.69215419501134,0.28918980700074165,0.07926660651102055,120.18531976744187
33.7037641723356,0.2859911180121278,0.07947282702827473,120.18531976744187
33.715374149659866,0.28356642085377276,0.07977788779910099,120.18531976744187
33.72698412698413,0.2817810731569574,0.08007884707420171,120.18531976744187
33.73859410430839,0.2807737081069027,0.08026597742470613,120.18531976744187
33.75020408163265,0.2805940638885677,0.08029013410269258,120.18531976744187
33.761814058956915,0.28152754593898566,0.08008018982926884,120.18531976744187
33.77342403628118,0.2836527452717503,0.07988256788352323,120.18531976744187
33.78503401360544,0.28653923929097563,0.07974188620118701,120.18531976744187
33.7966439909297,0.2897408953612801,0.0795446791310358,120.18531976744187
33.80825396825397,0.29296848799042746,0.0792101025789094,120.18531976744187
33.819863945578234,0.2960691691562936,0.0788673980447365,120.18531976744187
33.8314739229025,0.29927189310945246,0.07860475540281674,120.18531976744187
33.84308390022676,0.3027495285930927,0.0785051399054999,120.18531976744187
33.85469387755102,0.3067253580837202,0.07816397259939434,120.18531976744187
33.866303854875284,0.31164825222837195,0.07774880870616041,120.18531976744187
33.877913832199546,0.3180427014410787,0.07726322828493021,120.18531976744187
33.88952380952381,0.3261365471085349,0.0767125307253344,120.18531976744187
33.90113378684807,0.3360160836613681,0.07576776836320209,120.18531976744187
33.91274376417233,0.3473125374974927,0.0745768510138098,120.18531976744187
33.924353741496596,0.3590387550407842,0.07352894916230304,120.18531976744187
33.935963718820865,0.3704252475613822,0.07293544934963457,120.18531976744187
33.94757369614513,0.38077310322372043,0.0726333478971113,120.18531976744187
33.95918367346939,0.3902090743915285,0.07232947542736426,120.18531976744187
33.97079365079365,0.398897720813087,0.0720232896424001,120.18531976744187
33.982403628117915,0.40711580073985104,0.07183269585283236,120.18531976744187
33.99401360544218,0.415631668380271,0.0716265425512197,120.18531976744187
34.00562358276644,0.424801463499262,0.07150276310101304,120.18531976744187
34.0172335600907,0.4346700804917692,0.07106114787075028,120.18531976744187
34.028843537414964,0.4450006834320483,0.07062054695558893,120.18531976744187
34.04045351473923,0.4553369606453415,0.07014932090907826,120.18531976744187
34.05206349206349,0.4647834598719612,0.06964795379435945,120.18531976744187
34.06367346938776,0.4720417713370471,0.06921657071854637,120.18531976744187
34.07528344671202,0.4764040411438462,0.0689030620730399,120.18531976744187
34.08689342403628,0.4777047666085155,0.06872436733096474,120.18531976744187
34.098503401360546,0.47632978330233394,0.06901946894490427,120.18531976744187
34.11011337868481,0.4733247051403384,0.06952332150993183,120.18531976744187
34.12172335600907,0.46960696427681725,0.06988815177120267,120.18531976744187
34.13333333333333,0.4656744456824558,0.07014841896790441,120.18531976744187
34.144943310657595,0.4615500288723564,0.07042232769653209,120.18531976744187
34.15655328798186,0.45711131214749173,0.07080071694674409,120.18531976744187
34.16816326530612,0.4526141858956133,0.07116648138093541,120.18531976744187
34.17977324263038,0.44815212151979295,0.07155603870987616,120.18531976744187
34.19138321995465,0.4439080876693108,0.07196802541398693,120.18531976744187
34.202993197278914,0.4393919002915692,0.07238379469339389,120.18531976744187
34.21460317460318,0.43381744933496363,0.07291331228211313,120.18531976744187
34.22621315192744,0.42685419007082404,0.07344973858889221,120.18531976744187
34.2378231292517,0.41835091628444093,0.0738416861569367,120.18531976744187
34.249433106575964,0.4087611724845489,0.07428022888320159,120.18531976744187
34.261043083900226,0.3983064244140302,0.07479738022911364,120.18531976744187
34.27265306122449,0.3872189424245845,0.07534219762151928,120.18531976744187
34.28426303854875,0.3756625507414341,0.0759482813564327,120.18531976744187
34.29587301587301,0.3637366199457901,0.0766441843292259,120.18531976744187
34.307482993197276,0.3518074938314025,0.07720402696985891,120.18531976744187
34.319092970521545,0.34026842567377663,0.0776324623232062,120.18531976744187
34.33070294784581,0.3298195101428416,0.07787570282078782,120.18531976744187
34.34231292517007,0.3208209911055591,0.07804353298945077,120.18531976744187
34.35392290249433,0.3136874661668109,0.07812312471572064,120.18531976744187
34.365532879818595,0.3085306965142501,0.07805102064267412,120.18531976744187
34.37714285714286,0.30476054775863404,0.07792022689447257,120.18531976744187
34.38875283446712,0.3020887206836501,0.07775231442445775,120.18531976744187
34.40036281179138,0.30003159929934275,0.07758866313853365,120.18531976744187
34.411972789115644,0.29788664663271797,0.07754625861007718,120.18531976744187
34.42358276643991,0.2955348862065095,0.0777176983200871,120.18531976744187
34.43519274376417,0.2927848804439949,0.0780365094647664,120.18531976744187
34.44680272108844,0.2897214152454982,0.07837306035244564,120.18531976744187
34.4584126984127,0.287072967474784,0.07874563308281629,120.18531976744187
34.47002267573696,0.2851876802700888,0.07878039378136448,120.18531976744187
34.481632653061226,0.284509053210864,0.07852367853053131,120.18531976744187
34.49324263038549,0.2848653728998796,0.07824010624207364,120.18531976744187
34.50485260770975,0.2864113882240597,0.07776320459108928,120.18531976744187
34.51646258503401,0.2893535495937335,0.07719278653955713,120.18531976744187
34.528072562358275,0.29333845358967725,0.07681370722727048,120.18531976744187
34.53968253968254,0.2984686569490443,0.07656305037314007,120.18531976744187
34.5512925170068,0.304205127891978,0.07602035254311548,120.18531976744187
34.56290249433106,0.30985800992964374,0.07527854205823518,120.18531976744187
34.57451247165533,0.31514863061807535,0.07468047776200076,120.18531976744187
34.586122448979594,0.3194871312850543,0.07413436105179097,120.18531976744187
34.59773242630386,0.32246739491488774,0.07360337244504692,120.18531976744187
34.60934240362812,0.32372025223906603,0.07334137720983774,120.18531976744187
34.62095238095238,0.3232020491727614,0.0735430846806925,120.18531976744187
34.632562358276644,0.32118612790846973,0.0737685117250715,120.18531976744187
34.644172335600906,0.318325942791017,0.07389884301385076,120.18531976744187
34.65578231292517,0.3158454091868786,0.07420360467187599,120.18531976744187
34.66739229024943,0.3142077708465644,0.07446270963904315,120.18531976744187
34.67900226757369,0.31421217648807515,0.07449911725179165,120.18531976744187
34.690612244897956,0.31572884335936274,0.0744360724154833,120.18531976744187
34.702222222222225,0.3183849020861148,0.0742559843632242,120.18531976744187
34.71383219954649,0.3218470740929153,0.07388376375729298,120.18531976744187
34.72544217687075,0.3255061613657127,0.07343474620334386,120.18531976744187
34.73705215419501,0.32943998191085516,0.07288525514316385,120.18531976744187
34.748662131519275,0.3333849885705463,0.0722792326845619,120.18531976744187
34.76027210884354,0.33709378987182637,0.07175755036176781,120.18531976744187
34.7718820861678,0.33989761876276164,0.0715174171209518,120.18531976744187
34.78349206349206,0.34088087065145245,0.07156940827923172,120.18531976744187
34.795102040816325,0.33995954180762217,0.07158652363190317,120.18531976744187
34.80671201814059,0.33661430214039356,0.07169633474928996,120.18531976744187
34.81832199546485,0.33121447918484603,0.07218723224795752,120.18531976744187
34.82993197278912,0.32505655769456343,0.07280266631865438,120.18531976744187
34.84154195011338,0.31893812537938004,0.07339078742833585,120.18531976744187
34.853151927437644,0.3139359821653974,0.07385774002783138,120.18531976744187
34.864761904761906,0.3107448216676087,0.07410838429923679,120.18531976744187
34.87637188208617,0.3092124114375476,0.07421374444257703,120.18531976744187
34.88798185941043,0.3092440031108197,0.07416602706509678,120.18531976744187
34.89959183673469,0.3108343472352035,0.07412271055073298,120.18531976744187
34.911201814058956,0.3140487246057825,0.0739259351013152,120.18531976744187
34.92281179138322,0.3188093971824753,0.07331509136662567,120.18531976744187
34.93442176870748,0.3247798186016932,0.07270602774341843,120.18531976744187
34.94603174603174,0.3314343647609773,0.07233216359792165,120.18531976744187
34.95764172335601,0.3376242960814689,0.07184621063871256,120.18531976744187
34.969251700680275,0.34291616457685514,0.07145449696158056,120.18531976744187
34.98086167800454,0.34705916521416286,0.07141219394022662,120.18531976744187
34.9924716553288,0.3503564101276448,0.0714553413602678,120.18531976744187
35.00408163265306,0.3531382432973222,0.0713920590448052,120.18531976744187
35.015691609977324,0.355686669094944,0.07132094966088243,120.18531976744187
35.02730158730159,0.3580219847915808,0.07136783124352879,120.18531976744187
35.03891156462585,0.35967381297933976,0.07141185977822494,120.18531976744187
35.05052154195011,0.3607263039933202,0.07158201645995135,120.18531976744187
35.062131519274374,0.3609958436232339,0.07151664614101985,120.18531976744187
35.073741496598636,0.36054319706903687,0.07138504615313324,120.18531976744187
35.085351473922906,0.3599179125076501,0.0712286239621185,120.18531976744187
35.09696145124717,0.3595079571111517,0.0711179036031305,120.18531976744187
35.10857142857143,0.3599060933268227,0.07123606568501116,120.18531976744187
35.12018140589569,0.36141447036178687,0.07108752401020649,120.18531976744187
35.131791383219955,0.3634890118975244,0.07045409716692583,120.18531976744187
35.14340136054422,0.3654983734289938,0.06977046119632975,120.18531976744187
35.15501133786848,0.36702350256386773,0.06930869356927286,120.18531976744187
35.16662131519274,0.3679232496784671,0.06929459721596545,120.18531976744187
35.178231292517005,0.3682983930934914,0.0692898326821951,120.18531976744187
35.18984126984127,0.3681937397407809,0.06931432461574952,120.18531976744187
35.20145124716553,0.36746677224030205,0.0692821766124798,120.18531976744187
35.2130612244898,0.36567669320603513,0.06918905535554463,120.18531976744187
35.22467120181406,0.362542990969878,0.06928967011878387,120.18531976744187
35.236281179138324,0.35784225810803305,0.0695594461459922,120.18531976744187
35.247891156462586,0.3515095986630755,0.0698360655320797,120.18531976744187
35.25950113378685,0.34395749613170906,0.0700928687260494,120.18531976744187
35.27111111111111,0.3359228429942955,0.07058808642167437,120.18531976744187
35.28272108843537,0.32822195322779,0.07100279576147439,120.18531976744187
35.294331065759636,0.3210284236016022,0.07130371342755595,120.18531976744187
35.3059410430839,0.31435799580854157,0.07148975647886699,120.18531976744187
35.31755102040816,0.30830857771352244,0.07158082569178995,120.18531976744187
35.32916099773242,0.3028612439667387,0.07163657699695491,120.18531976744187
35.34077097505669,0.298233051337634,0.07166564089258387,120.18531976744187
35.352380952380955,0.29475700268460026,0.07154010200928951,120.18531976744187
35.36399092970522,0.29210156952728944,0.07161339897285905,120.18531976744187
35.37560090702948,0.2900540390971047,0.0718499371578038,120.18531976744187
35.38721088435374,0.28827019826462913,0.07198255297682209,120.18531976744187
35.398820861678004,0.28644096991189694,0.07215646232010942,120.18531976744187
35.41043083900227,0.28418245764959843,0.0722405040160864,120.18531976744187
35.42204081632653,0.2812919294988101,0.07235443167206783,120.18531976744187
35.43365079365079,0.27762530207344027,0.07263701291917317,120.18531976744187
35.445260770975054,0.27310369448217814,0.07301716330931123,120.18531976744187
35.456870748299316,0.2685110826768835,0.07341175472711045,120.18531976744187
35.468480725623586,0.2643231618221907,0.07359896527713,120.18531976744187
35.48009070294785,0.2609173027268465,0.07383112858555911,120.18531976744187
35.49170068027211,0.2586458400942384,0.07396549275644203,120.18531976744187
35.50331065759637,0.25724412806338354,0.0738749982078056,120.18531976744187
35.514920634920635,0.2566323053232211,0.07376430051980955,120.18531976744187
35.5265306122449,0.2565942480440865,0.07374288845733987,120.18531976744187
35.53814058956916,0.256895125287779,0.07366842758176788,120.18531976744187
35.54975056689342,0.25744978963981024,0.0736447304409561,120.18531976744187
35.561360544217685,0.25804679113221307,0.07394191417099617,120.18531976744187
35.57297052154195,0.2581837941717663,0.07415556173145467,120.18531976744187
35.58458049886622,0.2572057434223443,0.07428698084643917,120.18531976744187
35.59619047619048,0.25510545066624674,0.07455925888392853,120.18531976744187
35.60780045351474,0.2520600049496902,0.07518974077341618,120.18531976744187
35.619410430839004,0.24844518400345061,0.07590484873817596,120.18531976744187
35.631020408163266,0.24468684568235152,0.07652800096495174,120.18531976744187
35.64263038548753,0.24110283840424676,0.07720529105569868,120.18531976744187
35.65424036281179,0.23748646561264236,0.07795240328073787,120.18531976744187
35.66585034013605,0.23422714553416568,0.07846364484934619,120.18531976744187
35.677460317460316,0.2315411960832746,0.07871635409897411,120.18531976744187
35.68907029478458,0.22965420376453657,0.07910310726908819,120.18531976744187
35.70068027210884,0.2286520423526966,0.0794223223218033,120.18531976744187
35.71229024943311,0.22873148384085695,0.07950123908469982,120.18531976744187
35.72390022675737,0.22974786008960005,0.07950784153671415,120.18531976744187
35.735510204081635,0.23171819225200416,0.07956571936210727,120.18531976744187
35.7471201814059,0.2343840993243001,0.07956606434755219,120.18531976744187
35.75873015873016,0.23669880038374497,0.07954053930530477,120.18531976744187
35.77034013605442,0.2377961483084827,0.07951044693798232,120.18531976744187
35.781950113378684,0.237131891020803,0.07958837344711199,120.18531976744187
35.79356009070295,0.23456921540103634,0.07985078193758821,120.18531976744187
35.80517006802721,0.23087699044047552,0.08026695540993953,120.18531976744187
35.81678004535147,0.22678043437751352,0.08084414608286385,120.18531976744187
35.828390022675734,0.22283291960918392,0.0813891228789027,120.18531976744187
35.84,0.2196527653018435,0.08176989294538249,120.18531976744187
35.851609977324266,0.217046160713207,0.08204733901741487,120.18531976744187
35.86321995464853,0.21492467981184799,0.08211973529111412,120.18531976744187
35.87482993197279,0.21310700700115728,0.08211450940614204,120.18531976744187
35.88643990929705,0.2114051757401806,0.08207948021143126,120.18531976744187
35.898049886621315,0.2096942520647757,0.08205009851188942,120.18531976744187
35.90965986394558,0.2082640508019054,0.08203571166376164,120.18531976744187
35.92126984126984,0.20682071049831485,0.08212333408137758,120.18531976744187
35.9328798185941,0.20522893780989418,0.08208223593463357,120.18531976744187
35.944489795918365,0.203810667347432,0.08197817624408722,120.18531976744187
35.95609977324263,0.20287173051474272,0.08166830329560272,120.18531976744187
35.9677097505669,0.20224109737628268,0.08152654661220467,120.18531976744187
35.97931972789116,0.20186572905613318,0.0815329056975034,120.18531976744187
35.99092970521542,0.20152391491471983,0.08146228212377427,120.18531976744187
36.002539682539684,0.2016406173512747,0.08138796562589463,120.18531976744187
36.014149659863946,0.20278039321141603,0.08126910812446321,120.18531976744187
36.02575963718821,0.20511553564780813,0.08117644947203477,120.18531976744187
36.03736961451247,0.20880871437269677,0.08096651519273079,120.18531976744187
36.04897959183673,0.21368044510028048,0.08044941731688966,120.18531976744187
36.060589569160996,0.2195767636126279,0.07987195917773081,120.18531976744187
36.07219954648526,0.226308363933816,0.07929080841434784,120.18531976744187
36.08380952380952,0.23351694637674442,0.07864760457138818,120.18531976744187
36.09541950113379,0.24064033725714135,0.07799828837302315,120.18531976744187
36.10702947845805,0.24694413221171688,0.07739357579925192,120.18531976744187
36.118639455782315,0.2516885166594437,0.07687249829714778,120.18531976744187
36.13024943310658,0.2546419216194204,0.0766823500547112,120.18531976744187
36.14185941043084,0.2556768142238342,0.07679750389618953,120.18531976744187
36.1534693877551,0.2552207241222738,0.07712168852619247,120.18531976744187
36.165079365079364,0.2541516334440797,0.07772872719773352,120.18531976744187
36.17668934240363,0.25318426818705697,0.07842088774734346,120.18531976744187
36.18829931972789,0.25289951455839627,0.07905461650434353,120.18531976744187
36.19990929705215,0.25361362664850734,0.07946754490845025,120.18531976744187
36.211519274376414,0.2552498864037014,0.07940280373843199,120.18531976744187
36.22312925170068,0.25776510121114854,0.07923388725799463,120.18531976744187
36.234739229024946,0.2608090933742099,0.07922424620743308,120.18531976744187
36.24634920634921,0.26412454269162394,0.07923465850498071,120.18531976744187
36.25795918367347,0.2680968849033357,0.0791274637984781,120.18531976744187
36.26956916099773,0.2731633459852728,0.07879499997325584,120.18531976744187
36.281179138321995,0.27984392449632367,0.07826082222546055,120.18531976744187
36.29278911564626,0.28848108930171085,0.0775962954503295,120.18531976744187
36.30439909297052,0.29841856974465003,0.07679440580605731,120.18531976744187
36.31600907029478,0.3089638879421235,0.07602783181671124,120.18531976744187
36.327619047619045,0.31919210407356635,0.07518197861509346,120.18531976744187
36.33922902494331,0.3285892249634276,0.07441059460655708,120.18531976744187
36.35083900226758,0.3373628222157352,0.07391894391937252,120.18531976744187
36.36244897959184,0.34570726383769623,0.07343876638792267,120.18531976744187
36.3740589569161,0.3545318179275495,0.07292157465054169,120.18531976744187
36.385668934240364,0.36472614752045984,0.07257025630668555,120.18531976744187
36.39727891156463,0.3769968845286661,0.07222803103602,120.18531976744187
36.40888888888889,0.39128654986598793,0.07186560856051721,120.18531976744187
36.42049886621315,0.40703408604396096,0.07124240772526388,120.18531976744187
36.432108843537414,0.42326640855152337,0.07012357058783314,120.18531976744187
36.443718820861676,0.43857229353698257,0.06893084195594576,120.18531976744187
36.45532879818594,0.45226611605978806,0.06780262009645081,120.18531976744187
36.4669387755102,0.4636552524650816,0.06652436929377435,120.18531976744187
36.47854875283447,0.4724565142972786,0.06522450650544998,120.18531976744187
36.49015873015873,0.4790300991928424,0.06421616064857169,120.18531976744187
36.501768707482995,0.4838093197785199,0.06351250795954648,120.18531976744187
36.51337868480726,0.48710990411662214,0.06332786673839266,120.18531976744187
36.52498866213152,0.48889174912435585,0.06319142411613902,120.18531976744187
36.53659863945578,0.48969446883595763,0.06295188099916586,120.18531976744187
36.548208616780045,0.4893937590216362,0.06253544236028485,120.18531976744187
36.55981859410431,0.4880561724399064,0.062447994745910736,120.18531976744187
36.57142857142857,0.48536073032676225,0.06254772653206268,120.18531976744187
36.58303854875283,0.480670047392092,0.06285461913165874,120.18531976744187
36.594648526077094,0.4745913383199347,0.06323906511035142,120.18531976744187
36.606258503401364,0.4684385788187695,0.06356688439701277,120.18531976744187
36.617868480725626,0.46250867530735384,0.063862721943071,120.18531976744187
36.62947845804989,0.4579450704323539,0.06420368934508423,120.18531976744187
36.64108843537415,0.4549824185397981,0.06460562186439385,120.18531976744187
36.65269841269841,0.45301195476624645,0.06492283200965816,120.18531976744187
36.664308390022676,0.45222863020626813,0.06513910223688116,120.18531976744187
36.67591836734694,0.45241849677904056,0.06538418152538719,120.18531976744187
36.6875283446712,0.4534117361212603,0.06542328843078292,120.18531976744187
36.69913832199546,0.45497250105675263,0.06529328560721885,120.18531976744187
36.710748299319725,0.4574994500808688,0.06502900392638898,120.18531976744187
36.72235827664399,0.46141459017289727,0.06490520925334976,120.18531976744187
36.73396825396826,0.46773775112472815,0.06494066066547458,120.18531976744187
36.74557823129252,0.4771541572125959,0.06483536596930896,120.18531976744187
36.75718820861678,0.4897723459840239,0.06436439970737326,120.18531976744187
36.768798185941044,0.5043873174265595,0.06372267690216965,120.18531976744187
36.78040816326531,0.5192507790452412,0.06307482811066165,120.18531976744187
36.79201814058957,0.5329152181299125,0.0623254758303631,120.18531976744187
36.80362811791383,0.544095493475126,0.06153973177286474,120.18531976744187
36.815238095238094,0.5524755550710487,0.060804890673691714,120.18531976744187
36.826848072562356,0.5589162056273731,0.06016879659699259,120.18531976744187
36.83845804988662,0.5641932478771081,0.05963169201699676,120.18531976744187
36.85006802721088,0.5686416371883262,0.05964816038244266,120.18531976744187
36.86167800453515,0.5722823663720226,0.059828710720965135,120.18531976744187
36.87328798185941,0.5755120631135646,0.05995692152898673,120.18531976744187
36.884897959183675,0.5787695439679051,0.06010393723118264,120.18531976744187
36.89650793650794,0.5823413838787291,0.06030029042165635,120.18531976744187
36.9081179138322,0.5863398105035793,0.06043754093675454,120.18531976744187
36.91972789115646,0.5915388290004254,0.06045332704845415,120.18531976744187
36.931337868480725,0.5977058891356342,0.060360767699024265,120.18531976744187
36.94294784580499,0.6046030196290695,0.06027878173192997,120.18531976744187
36.95455782312925,0.6120970033441213,0.06010870390771339,120.18531976744187
36.96616780045351,0.6188468809551618,0.059955025969144364,120.18531976744187
36.977777777777774,0.6236796906013331,0.059941859870366834,120.18531976744187
36.989387755102044,0.6254124013360184,0.05995039001061976,120.18531976744187
37.000997732426306,0.624579832549375,0.0600549010641952,120.41080817225883
37.01260770975057,0.6210583863803012,0.06037435132238765,120.63629657707578
37.02421768707483,0.6174068234334192,0.060569848897210975,120.86178498189274
37.03582766439909,0.6141975605719868,0.06074512544687044,121.0872733867097
37.047437641723356,0.6127087219615407,0.060939486022466016,121.31276179152665
37.05904761904762,0.6135659203583544,0.061236094342102594,121.53825019634361
37.07065759637188,0.6166131948867728,0.06148577506861451,121.76373860116057
37.08226757369614,0.6222916161508933,0.061628837191918175,121.98922700597753
37.093877551020405,0.628999683066152,0.06170867411487393,122.21471541079448
37.10548752834467,0.6357440013556868,0.061902680575699955,122.44020381561144
37.11709750566894,0.6407153775485234,0.06203463183622985,122.66569222042841
37.1287074829932,0.6431530009207117,0.06224811706465905,122.89118062524537
37.14031746031746,0.6436271525698005,0.06259181386815992,123.11666903006233
37.151927437641724,0.644163807852166,0.06258991806760447,123.3421574348793
37.16353741496599,0.6459157313154287,0.062327903916076614,123.56764583969627
37.17514739229025,0.6485894642531042,0.062033479092228276,123.79313424451323
37.18675736961451,0.6520962399441504,0.061607413127080624,124.01862264933018
37.198367346938774,0.6548511044903543,0.06121803103362735,124.24411105414715
37.209977324263036,0.655000568106833,0.0611420081788944,124.46959945896413
37.2215873015873,0.6518263454639279,0.06153479753883871,124.69508786378108
37.23319727891157,0.645054590415066,0.06211358999020621,124.92057626859804
37.24480725623583,0.6363037935445757,0.06253448783593252,125.14606467341501
37.25641723356009,0.6281362922815539,0.06295707536732595,125.37155307823198
37.268027210884355,0.6221879165625106,0.06336825105481245,125.59704148304894
37.27963718820862,0.6201809565179907,0.06350443568541851,125.8225298878659
37.29124716553288,0.6221029324124836,0.06351831142034936,126.04801829268287
37.30285714285714,0.6265079808400854,0.06347568392313892,126.04801829268287
37.314467120181405,0.6327063444368133,0.06325711275339507,126.04801829268287
37.32607709750567,0.6377685456490803,0.06316269125464032,126.04801829268287
37.33768707482993,0.6407197207163884,0.06327800799630438,126.04801829268287
37.34929705215419,0.6407566218165823,0.06348567481183585,126.04801829268287
37.36090702947846,0.6384200374884422,0.06393737563702621,126.04801829268287
37.372517006802724,0.634954502733527,0.06445201744766613,126.04801829268287
37.384126984126986,0.6320495348407102,0.06478442597415844,126.04801829268287
37.39573696145125,0.6326520640013046,0.06498041977217471,126.04801829268287
37.40734693877551,0.6378338947486833,0.06485717460705766,126.04801829268287
37.41895691609977,0.647687611360146,0.06439091571598743,126.04801829268287
37.430566893424036,0.6607713354154165,0.06362428090475838,126.04801829268287
37.4421768707483,0.6736123102061106,0.06289441241994576,126.04801829268287
37.45378684807256,0.6827998536714185,0.06248509319746449,126.04801829268287
37.46539682539682,0.6871153965229923,0.06225669195354202,126.04801829268287
37.477006802721085,0.6881666730492959,0.06232470680702583,126.04801829268287
37.488616780045355,0.6869288019033025,0.06255827445510088,126.16921831027199
37.50022675736962,0.6848963726028112,0.06267699660380463,126.29041832786112
37.51183673469388,0.6835425437061223,0.06281514484680396,126.41161834545022
37.52344671201814,0.6828979639509457,0.062856834250214,126.53281836303935
37.535056689342404,0.6833572968512207,0.06281628365561405,126.65401838062846
37.54666666666667,0.6836225866072474,0.0629665456251164,126.77521839821759
37.55827664399093,0.6817999338139945,0.06327101783290164,126.89641841580669
37.56988662131519,0.6774572540765941,0.06371154100084153,127.01761843339582
37.581496598639454,0.6700556147400413,0.06425367685182774,127.13881845098493
37.593106575963716,0.6605415081997636,0.06480685386718382,127.26001846857406
37.60471655328798,0.6502377531005761,0.06532893798392021,127.38121848616316
37.61632653061225,0.6398336286748246,0.06596625187212592,127.5024185037523
37.62793650793651,0.6298368407503343,0.06650885960381464,127.62361852134143
37.63954648526077,0.6208698917287934,0.06665130419798129,127.74481853893053
37.651156462585035,0.6122331200908845,0.06667827055641737,127.86601855651966
37.6627664399093,0.6029303510660116,0.06656708852958933,127.98721857410877
37.67437641723356,0.5927634099194753,0.06649834319343102,128.1084185916979
37.68598639455782,0.5809805171175811,0.06653567772825511,128.229618609287
37.697596371882085,0.5670319045761744,0.0666155119914469,128.35081862687613
37.70920634920635,0.5510549943247267,0.06697985725238373,128.47201864446524
37.72081632653061,0.535091368469349,0.06763256520783271,128.59321866205437
37.73242630385487,0.5203246593696229,0.06828037418416188,128.71441867964347
37.74403628117914,0.5086644798020037,0.06887165358763836,128.8356186972326
37.755646258503404,0.5010335038761639,0.06927064449280214,128.9568187148217
37.767256235827666,0.4964746020172293,0.06962806765271627,129.07801873241084
37.77886621315193,0.4924837213758252,0.06999547523977555,129.19921874999994
37.79047619047619,0.48859417298811414,0.0704510302155986,129.19921874999994
37.802086167800454,0.48550438472715174,0.07086799236482103,129.19921874999994
37.813696145124716,0.48302631508360866,0.07105428255034436,129.19921874999994
37.82530612244898,0.48155484747865807,0.07106049951831031,129.19921874999994
37.83691609977324,0.4804949029422276,0.07108336682139929,129.19921874999994
37.8485260770975,0.47915801190042234,0.07105928419399637,129.19921874999994
37.860136054421766,0.47789038164143727,0.0710123513072548,129.19921874999994
37.871746031746035,0.47620060446219664,0.07093665730866784,129.19921874999994
37.8833560090703,0.47339484471911125,0.07096167030416096,129.19921874999994
37.89496598639456,0.46928824539283015,0.07107426789003407,129.19921874999994
37.90657596371882,0.4632651395315114,0.07141266466926777,129.19921874999994
37.918185941043085,0.4554933213523306,0.07175809733895239,129.19921874999994
37.92979591836735,0.4460524589145374,0.07234647703421493,129.19921874999994
37.94140589569161,0.4358689914061987,0.0733049960972289,129.19921874999994
37.95301587301587,0.4255251582136762,0.0742259704762945,129.19921874999994
37.964625850340134,0.4150723135069035,0.07499694114188851,129.19921874999994
37.9762358276644,0.40582175495740425,0.07549512006062083,129.19921874999994
37.98784580498866,0.3978675986962762,0.07608706952310745,129.19921874999994
37.99945578231293,0.3914351913292863,0.07676921037754074,129.19921874999994
38.01106575963719,0.38694063316074645,0.07699424565402901,129.19921874999994
38.02267573696145,0.3836927149391424,0.07690290651569191,129.19921874999994
38.034285714285716,0.37998203109866513,0.0768415463704098,129.19921874999994
38.04589569160998,0.3759184036449981,0.07674176240221377,129.19921874999994
38.05750566893424,0.37147830250413977,0.07670369500528276,129.19921874999994
38.0691156462585,0.3671373095551793,0.07712896526070988,129.19921874999994
38.080725623582765,0.3650363983099871,0.07701385297325865,129.19921874999994
38.09233560090703,0.3648954535998669,0.07653100642238128,129.19921874999994
38.10394557823129,0.3653932002955493,0.07615669391518179,129.19921874999994
38.11555555555555,0.3659578687607482,0.07601223564219765,129.19921874999994
38.12716553287982,0.3663609437263753,0.07571304605104967,129.19921874999994
38.138775510204084,0.3660070013678327,0.07520144636020928,129.19921874999994
38.15038548752835,0.365297409037759,0.07455388954719343,129.19921874999994
38.16199546485261,0.36405306229011974,0.0739557977370605,129.19921874999994
38.17360544217687,0.36206769313763204,0.07350388376707107,129.19921874999994
38.185215419501134,0.36023283882483864,0.07310004700782537,129.19921874999994
38.196825396825396,0.3588092560200178,0.07274771675889927,129.19921874999994
38.20843537414966,0.3587857809228244,0.07221540747768401,129.19921874999994
38.22004535147392,0.360933066771879,0.07162955830403796,129.19921874999994
38.23165532879818,0.3657187429676355,0.0706731147618625,129.19921874999994
38.243265306122446,0.3722483801522359,0.069631386161422,129.19921874999994
38.254875283446715,0.3797523379931054,0.06869040651849075,129.19921874999994
38.26648526077098,0.38767148152411046,0.06797081479595339,129.19921874999994
38.27809523809524,0.3944956786173272,0.06756899850179598,129.19921874999994
38.2897052154195,0.399720454581898,0.06716871398115437,129.19921874999994
38.301315192743765,0.4027599965389145,0.06685726404567816,129.19921874999994
38.31292517006803,0.40365297400924127,0.06704500749790918,129.19921874999994
38.32453514739229,0.4024494192204644,0.06737387022176321,129.19921874999994
38.33614512471655,0.4014188173060528,0.06783052489581924,129.19921874999994
38.347755102040814,0.4008814281665931,0.06842770573684492,129.19921874999994
38.35936507936508,0.4009202451252622,0.06895553294408889,129.19921874999994
38.37097505668934,0.40163179579589037,0.06895875696010859,129.19921874999994
38.38258503401361,0.4018135699490604,0.06933247578431018,129.19921874999994
38.39419501133787,0.4009095796244296,0.06965350390927873,129.19921874999994
38.40580498866213,0.3997708933046732,0.06998801511965407,129.19921874999994
38.417414965986396,0.39888686206044305,0.07012746502560144,129.19921874999994
38.42902494331066,0.398166062791272,0.07033322167986875,129.19921874999994
38.44063492063492,0.3984072493817183,0.07084559627660476,129.19921874999994
38.45224489795918,0.399497266232352,0.0714321517042132,129.19921874999994
38.463854875283445,0.40103659354449017,0.07197022512374415,129.19921874999994
38.47546485260771,0.4035328388540882,0.07233912499412525,129.19921874999994
38.48707482993197,0.4066522546168947,0.0726467838166893,129.19921874999994
38.49868480725623,0.41018843956851553,0.0729448299511481,129.19921874999994
38.5102947845805,0.413256491998587,0.07326215369543775,129.19921874999994
38.521904761904764,0.41440782298427903,0.07354778109274668,129.19921874999994
38.53351473922903,0.4128703698815187,0.07410189870364092,129.19921874999994
38.54512471655329,0.40772399251171226,0.07461302642032573,129.19921874999994
38.55673469387755,0.39947347710096504,0.07549702531188059,129.19921874999994
38.568344671201814,0.39023089185465,0.07657548779964232,129.19921874999994
38.579954648526076,0.38207425101023607,0.07735896591369651,129.19921874999994
38.59156462585034,0.3770159864706446,0.07780327636800344,129.19921874999994
38.6031746031746,0.3759122803947154,0.07795891275350127,129.19921874999994
38.61478458049886,0.3781686652211247,0.07760665855811337,129.19921874999994
38.626394557823126,0.38362244541518614,0.07715186254068995,129.19921874999994
38.638004535147395,0.3919306848088056,0.07654791290191587,129.19921874999994
38.64961451247166,0.4023270616694802,0.07571801570851092,129.19921874999994
38.66122448979592,0.41440227199259305,0.07473318472294778,129.19921874999994
38.67283446712018,0.4279992012224941,0.07365778180621756,129.19921874999994
38.684444444444445,0.4424348441468519,0.07261711615047005,129.19921874999994
38.69605442176871,0.45736658862754953,0.07187009671780004,129.19921874999994
38.70766439909297,0.47089542324935446,0.07106651787846376,129.19921874999994
38.71927437641723,0.4811196660569163,0.07050114371605433,129.19921874999994
38.730884353741494,0.48703624685509267,0.07023628715094189,129.19921874999994
38.74249433106576,0.48856711440259043,0.07007185098913574,129.19921874999994
38.75410430839002,0.48635648027656625,0.07011522181163213,129.19921874999994
38.76571428571429,0.48270046587416643,0.07022709252989769,129.19921874999994
38.77732426303855,0.4793814593073534,0.07036110366927474,129.19921874999994
38.78893424036281,0.47720166550488635,0.07026108139524921,129.19921874999994
38.800544217687076,0.476889282281578,0.07005214013358563,129.19921874999994
38.81215419501134,0.47756166697410174,0.0698220144599029,129.19921874999994
38.8237641723356,0.47944254020746674,0.06963486407299627,129.19921874999994
38.83537414965986,0.48259963507560466,0.06940546180760603,129.19921874999994
38.846984126984125,0.48731879266510636,0.06920624859567957,129.19921874999994
38.85859410430839,0.4942588808704628,0.06864988270353517,129.19921874999994
38.87020408163265,0.5014044124109761,0.06774068733808539,129.19921874999994
38.88181405895691,0.5073415961845971,0.06691078270201724,129.19921874999994
38.89342403628118,0.5105694078879962,0.06656938672573882,129.19921874999994
38.905034013605444,0.5099215886660328,0.0666434964436517,129.19921874999994
38.91664399092971,0.5061527968380062,0.06728971015794723,129.19921874999994
38.92825396825397,0.4991060469604682,0.06795922233015271,129.19921874999994
38.93986394557823,0.4890869609422738,0.06914701255723953,129.19921874999994
38.951473922902494,0.4767713453657797,0.07029793744591974,129.19921874999994
38.963083900226756,0.46298933837631195,0.07140962868928391,129.19921874999994
38.97469387755102,0.4472104096077517,0.07262435027215432,129.19921874999994
38.98630385487528,0.4299974157895661,0.07397963491592825,129.19921874999994
38.99791383219954,0.4118963416019124,0.07538496223178245,129.19921874999994
39.00952380952381,0.3943953317812758,0.07675299796953558,129.19921874999994
39.021133786848075,0.379358485803581,0.07782238706360183,129.19921874999994
39.03274376417234,0.36780902036530905,0.07851713369198987,129.19921874999994
39.0443537414966,0.35999929650970774,0.07887877504269432,129.19921874999994
39.05596371882086,0.3558688097601701,0.07897432750689078,129.19921874999994
39.067573696145125,0.3539909894056361,0.07912090155441762,129.19921874999994
39.07918367346939,0.3523244390949691,0.07901894629092865,129.19921874999994
39.09079365079365,0.3501298298756161,0.07904876207250189,129.19921874999994
39.10240362811791,0.34571613176349014,0.07899994212910554,129.19921874999994
39.114013605442175,0.33962135030469076,0.07917498388491079,129.19921874999994
39.12562358276644,0.33168179705005246,0.07939907681025411,129.19921874999994
39.137233560090706,0.3220893052427216,0.0797001651060226,129.19921874999994
39.14884353741497,0.31188545966406384,0.08012886379722516,129.19921874999994
39.16045351473923,0.30096285645498366,0.08066027107028396,129.19921874999994
39.172063492063494,0.29081659741717714,0.08126070645302223,129.19921874999994
39.183673469387756,0.28143212535816114,0.08209309774637351,129.19921874999994
39.19528344671202,0.27285523262741823,0.08265428953205675,129.19921874999994
39.20689342403628,0.26609297440571905,0.0830201384208296,129.19921874999994
39.21850340136054,0.260826500197929,0.08315764441960759,129.19921874999994
39.230113378684806,0.25724964406982803,0.08326941065449706,129.19921874999994
39.24172335600907,0.2552592811905759,0.08273807899433519,129.19921874999994
39.25333333333333,0.2546557266292063,0.082112646419334,129.19921874999994
39.2649433106576,0.2550966489625177,0.08170740404190548,129.19921874999994
39.27655328798186,0.2566544293236987,0.08121108085644786,129.19921874999994
39.288163265306125,0.25876273744856865,0.08050811661759993,129.19921874999994
39.29977324263039,0.2607564430843688,0.07976541840284927,129.19921874999994
39.31138321995465,0.26143240959925906,0.07930167510953529,129.19921874999994
39.32299319727891,0.2602622323970459,0.0792419981472272,129.19921874999994
39.334603174603174,0.2573407335610259,0.07959084616414107,129.19921874999994
39.34621315192744,0.253135942322987,0.0799533047160076,129.19921874999994
39.3578231292517,0.24808652071973092,0.0802062019384181,129.19921874999994
39.36943310657596,0.24220513007683217,0.08030371742367366,129.19921874999994
39.381043083900224,0.2358579317649946,0.08043996851492419,129.19921874999994
39.39265306122449,0.22888781955838766,0.08067300568039876,129.19921874999994
39.404263038548756,0.22215087649099993,0.08105231410016578,129.19921874999994
39.41587301587302,0.2158166843592623,0.08133619757735855,129.19921874999994
39.42748299319728,0.21035431986975958,0.08157914653049811,129.19921874999994
39.43909297052154,0.20622074525614928,0.08188000270297037,129.19921874999994
39.450702947845805,0.20298994856194782,0.08177806810122668,129.19921874999994
39.46231292517007,0.20087761796726208,0.08139597171796678,129.19921874999994
39.47392290249433,0.19924993542716285,0.08082678904619886,129.19921874999994
39.48553287981859,0.19774527682360427,0.08008353063574584,129.19921874999994
39.497142857142855,0.19625317125796715,0.07946544436317549,129.19921874999994
39.50875283446712,0.1945212880908449,0.07886652377102618,129.19921874999994
39.52036281179139,0.19272749728902808,0.07812524985841032,129.19921874999994
39.53197278911565,0.19106800816631464,0.07732823789443126,129.19921874999994
39.54358276643991,0.18940195223043235,0.07674089040303438,129.19921874999994
39.555192743764174,0.18739745406405284,0.07612760276523318,129.19921874999994
39.566802721088436,0.1847361862847035,0.07546754668276714,129.19921874999994
39.5784126984127,0.18138272591865287,0.0747572107312528,129.19921874999994
39.59002267573696,0.17767029031714382,0.07394433790867982,129.19921874999994
39.60163265306122,0.17403292679699897,0.07297499195452994,129.19921874999994
39.613242630385486,0.17076598909862897,0.07200136166493003,129.19921874999994
39.62485260770975,0.16807327416837498,0.07079365354080291,129.19921874999994
39.63646258503401,0.1655428924256607,0.06953914491710603,129.19921874999994
39.64807256235828,0.16269995878079416,0.06835512357212659,129.19921874999994
39.65968253968254,0.15924185859798967,0.06774539119315334,129.19921874999994
39.671292517006805,0.15474858155568233,0.06736091569575432,129.19921874999994
39.68290249433107,0.14934748038933918,0.0674842777129142,129.19921874999994
39.69451247165533,0.14317300629832277,0.06795218962154952,129.19921874999994
39.70612244897959,0.1366174285982153,0.06856983051931578,129.19921874999994
39.717732426303854,0.13039107607925318,0.06942232436977219,129.19921874999994
39.72934240362812,0.12472662798314876,0.07018049294112992,129.19921874999994
39.74095238095238,0.11953395545513308,0.07047929650714964,129.19921874999994
39.75256235827664,0.11462858662588211,0.0708643306001465,129.19921874999994
39.764172335600904,0.10962594278975007,0.07135365448724187,129.19921874999994
39.77578231292517,0.10451598547306401,0.07171157408518981,129.19921874999994
39.787392290249436,0.09956545881832787,0.07193476548339874,129.19921874999994
39.7990022675737,0.09488276928253127,0.07194962528734547,129.19921874999994
39.81061224489796,0.09021463860518135,0.07197250110074804,129.19921874999994
39.82222222222222,0.08521350277873925,0.07213882252195476,129.19921874999994
39.833832199546485,0.07973573562007878,0.07283195407663708,129.19921874999994
39.84544217687075,0.07364778393643616,0.07373519680581166,129.32663415310645
39.85705215419501,0.06712810662585302,0.07567355472031323,129.45404955621296
39.86866213151927,0.06019269686359448,0.07160566707537674,124.48484883505913
39.880272108843535,0.05346584037458705,0.06765286717084158,119.51564811390529
39.8918820861678,0.04700102001412656,0.06381836494911768,114.54644739275145
39.90349206349207,0.04102204345383551,0.06017066404060419,109.5772466715976
39.91510204081633,0.03570512302643266,0.05637961178323911,104.60804595044377
39.92671201814059,0.03094533007867448,0.05262558555903433,99.63884522928993
39.938321995464854,0.026786324109771324,0.04879835900554746,94.66964450813609
39.949931972789116,0.02316752525825005,0.04508379015539708,89.70044378698225
39.96154195011338,0.019847718820523642,0.04104992097467894,84.73124306582841
39.97315192743764,0.016895072707099466,0.03687240206844768,79.76204234467457
39.9847619047619,0.014429263308323993,0.0323889070270976,74.7928416235207
39.996371882086166,0.012456176891116437,0.02752922274618234,69.82364090236686
