t,rms,centroid,tempo
0.0,0.001042124681277684,0.02727510628681008,50.66636029411763
0.011609977324263039,0.0012115741507174827,0.03800589564024467,54.56377262443437
0.023219954648526078,0.0013658666025814737,0.05029924318820366,58.46118495475111
0.034829931972789115,0.0015453582550669798,0.06091306918259928,62.35859728506787
0.046439909297052155,0.0017317037480783265,0.07113384459811224,66.25600961538461
0.058049886621315196,0.001954425601703925,0.08103030693174448,70.15342194570135
0.06965986394557823,0.0021764776597531328,0.09030572195108155,74.0508342760181
0.08126984126984127,0.002376393183549636,0.10038684888471967,77.94824660633483
0.09287981859410431,0.0025717430291790767,0.11223530281043648,81.84565893665157
0.10448979591836735,0.0027265536088286286,0.12455748885634858,85.74307126696831
0.11609977324263039,0.002883711232248245,0.13797167425918247,89.64048359728505
0.12770975056689343,0.0030597250028957007,0.15018749950185478,93.5378959276018
0.13931972789115646,0.0032661895869333228,0.16012193871757754,97.43530825791854
0.1509297052154195,0.003519487526624514,0.16985654632902855,101.33272058823528
0.16253968253968254,0.0037666449316575757,0.17708862938403427,101.33272058823528
0.17414965986394557,0.004001096941165105,0.1858509909031713,101.33272058823528
0.18575963718820862,0.004204337624766054,0.19698889414694767,101.33272058823528
0.19736961451247165,0.004343512378405141,0.20807518943960968,101.33272058823528
0.2089795918367347,0.004482585729507684,0.219313671157571,101.33272058823528
0.22058956916099773,0.004644528873251311,0.231234584482053,101.33272058823528
0.23219954648526078,0.004741886032976765,0.23284923189801748,101.33272058823528
0.2438095238095238,0.004834126757284942,0.23414510187221962,101.33272058823528
0.25541950113378686,0.004906871252816731,0.23419537199013557,101.33272058823528
0.26702947845804986,0.004935226504892375,0.23484706048154944,101.33272058823528
0.2786394557823129,0.004927549014421706,0.23919995807229696,101.33272058823528
0.29024943310657597,0.004875879053223237,0.24590394557557502,101.33272058823528
0.301859410430839,0.0048340852123103985,0.2547508237820054,101.33272058823528
0.313469387755102,0.004871647517954482,0.25983591843927534,101.33272058823528
0.3250793650793651,0.004959561486745237,0.25850356784373546,101.33272058823528
0.33668934240362813,0.0050275198242012145,0.2594150418390063,101.33272058823528
0.34829931972789113,0.005077648977045643,0.26246016947079603,101.33272058823528
0.3599092970521542,0.005030270564862051,0.2696912075548214,101.33272058823528
0.37151927437641724,0.004930903055272049,0.27842163143281656,101.33272058823528
0.3831292517006803,0.004895005724353282,0.28521215226099134,101.33272058823528
0.3947392290249433,0.00489813306396097,0.2861668769920294,101.33272058823528
0.40634920634920635,0.004974708443460982,0.2851044214739006,101.33272058823528
0.4179591836734694,0.005098720439758043,0.28302088534483344,101.33272058823528
0.4295691609977324,0.005258598881565164,0.2803073343337254,101.33272058823528
0.44117913832199546,0.005390597899217775,0.2793380362051709,101.33272058823528
0.4527891156462585,0.005454018385309813,0.27955466204847457,101.33272058823528
0.46439909297052157,0.005481308513783779,0.2859515824333252,101.33272058823528
0.47600907029478456,0.005475285715917535,0.295579146838457,101.33272058823528
0.4876190476190476,0.005603433103145339,0.30106821384497406,101.33272058823528
0.4992290249433107,0.005844081873592332,0.30136560840765153,101.33272058823528
0.5108390022675737,0.006138379223696348,0.3011446466616976,101.33272058823528
0.5224489795918368,0.006455234779132386,0.29926544971326763,101.33272058823528
0.5340589569160997,0.006810144685250895,0.2969282426266012,101.33272058823528
0.5456689342403628,0.007300164653420388,0.2933876120577667,101.33272058823528
0.5572789115646258,0.007977289156383894,0.2897456617579579,101.33272058823528
0.5688888888888889,0.008751620400754945,0.28416241256293717,101.33272058823528
0.5804988662131519,0.009629939419231189,0.2751907388390123,101.33272058823528
0.592108843537415,0.010569514251014139,0.2652932234369618,101.33272058823528
0.603718820861678,0.011521674307661614,0.252906936353665,101.33272058823528
0.615328798185941,0.012411960166030451,0.24293417155280422,101.33272058823528
0.626938775510204,0.013198692194841766,0.23759790635409264,101.33272058823528
0.6385487528344671,0.01390866863371526,0.23171456361926213,101.33272058823528
0.6501587301587302,0.01451208728887425,0.22413788998337525,101.33272058823528
0.6617687074829932,0.01515282464150424,0.21297631105755543,101.33272058823528
0.6733786848072563,0.01589770927126668,0.20048224825016583,101.33272058823528
0.6849886621315193,0.016685652520903742,0.18916241231175687,101.33272058823528
0.6965986394557823,0.017426937132850342,0.18196539628334613,101.33272058823528
0.7082086167800453,0.018115519653891052,0.17635789241936187,101.33272058823528
0.7198185941043084,0.01882266468300841,0.17142180308021215,101.33272058823528
0.7314285714285714,0.019438676749682606,0.1678747826821916,101.33272058823528
0.7430385487528345,0.020085714920918558,0.16454891694978213,101.33272058823528
0.7546485260770975,0.02074117378473553,0.16036493320566853,101.33272058823528
0.7662585034013606,0.02129053961670233,0.15271701981354832,101.33272058823528
0.7778684807256235,0.021826169654476778,0.14022066806331343,101.33272058823528
0.7894784580498866,0.022254160671940536,0.12963514333993903,101.33272058823528
0.8010884353741496,0.02263527266291248,0.1236761585626453,101.33272058823528
0.8126984126984127,0.022954113760969504,0.11819188408132601,101.33272058823528
0.8243083900226758,0.02320522194730959,0.11413835197143106,101.33272058823528
0.8359183673469388,0.02327329167007012,0.11237437880040901,101.33272058823528
0.8475283446712019,0.023113491372381778,0.1127615385675732,101.33272058823528
0.8591383219954648,0.02286428337404392,0.11441674980381676,101.33272058823528
0.8707482993197279,0.022549389595212715,0.11585791395946773,101.33272058823528
0.8823582766439909,0.02222072995674707,0.1169403406675038,101.33272058823528
0.893968253968254,0.02193450606289081,0.11860545865093884,101.33272058823528
0.905578231292517,0.021600158667515884,0.12012912258372302,101.33272058823528
0.9171882086167801,0.021325593969892063,0.12205718358207376,101.33272058823528
0.9287981859410431,0.02119179718197051,0.12437327679678621,101.33272058823528
0.9404081632653061,0.021239828795168298,0.1262920000412929,101.33272058823528
0.9520181405895691,0.021500711660211443,0.1271521224871895,101.33272058823528
0.9636281179138322,0.02191894642869769,0.12732245035118295,101.33272058823528
0.9752380952380952,0.022452403945435045,0.12806055398055172,101.33272058823528
0.9868480725623583,0.02307935384597671,0.12844250681437502,101.33272058823528
0.9984580498866213,0.023817711125089996,0.12863531835947686,101.33272058823528
1.0100680272108844,0.024660908032501358,0.12877164379012768,101.33272058823528
1.0216780045351475,0.025479575287576096,0.12814151480759167,101.33272058823528
1.0332879818594105,0.026293525261769646,0.12759716769773616,101.33272058823528
1.0448979591836736,0.027025854979401184,0.12735741716836865,101.33272058823528
1.0565079365079366,0.027760890847128763,0.1269042447902565,101.33272058823528
1.0681179138321995,0.028622453704908277,0.12632852114511794,101.33272058823528
1.0797278911564625,0.029482862726508897,0.12590734302646184,101.33272058823528
1.0913378684807256,0.03034576824706212,0.12513913580668728,101.33272058823528
1.1029478458049886,0.031126196789122186,0.12513225917948023,101.33272058823528
1.1145578231292517,0.03184140815509472,0.12478372344687821,101.33272058823528
1.1261678004535147,0.03255036325398006,0.12378978841546356,101.33272058823528
1.1377777777777778,0.033407500062191155,0.12329353326795327,101.33272058823528
1.1493877551020408,0.03438432726525768,0.12162967616577176,101.33272058823528
1.1609977324263039,0.035397208321756704,0.11914541591252233,101.33272058823528
1.172607709750567,0.03644713953015664,0.11725489662638547,101.33272058823528
1.18421768707483,0.037442574352478296,0.1155055801503028,101.33272058823528
1.195827664399093,0.038419096423845854,0.11322336436743494,101.33272058823528
1.207437641723356,0.03930330936226292,0.11079420409616683,101.33272058823528
1.2190476190476192,0.04008269881140711,0.10801892747319833,101.33272058823528
1.230657596371882,0.04066472016474417,0.10517876857137806,101.33272058823528
1.242267573696145,0.04090824202007528,0.10323585630791147,101.33272058823528
1.253877551020408,0.040938054652156955,0.10282002669889291,101.33272058823528
1.2654875283446712,0.040868689538348144,0.10285354116581198,101.33272058823528
1.2770975056689342,0.0406736281777941,0.10268487463121577,101.33272058823528
1.2887074829931973,0.04038867567469383,0.10271509120697891,101.33272058823528
1.3003174603174603,0.04001576485952953,0.10321415580463682,101.33272058823528
1.3119274376417234,0.039432886055402135,0.10375535505629299,101.33272058823528
1.3235374149659864,0.038816232748813864,0.1041323723115939,101.41066883484162
1.3351473922902495,0.038150089069395425,0.1043255676680574,101.48861708144796
1.3467573696145125,0.03745608766239909,0.10462513032643674,101.5665653280543
1.3583673469387756,0.03671026696917519,0.10499442052186815,101.64451357466064
1.3699773242630386,0.03586087460235865,0.10593495726290049,101.72246182126698
1.3815873015873017,0.03504792660132301,0.1074249698848119,101.80041006787332
1.3931972789115645,0.03425051860734341,0.10900315664413765,101.87835831447966
1.4048072562358276,0.033622438662669674,0.11046459807510589,101.956306561086
1.4164172335600906,0.033076161814095034,0.11236808815332046,102.03425480769234
1.4280272108843537,0.03257824071281779,0.11454361815867459,102.11220305429867
1.4396371882086167,0.03203505089533388,0.11675066697573598,102.190151300905
1.4512471655328798,0.03139124393915731,0.11945553182260887,102.26809954751134
1.4628571428571429,0.030779209100966914,0.12285465984060663,102.34604779411768
1.474467120181406,0.030282676164102157,0.12537351245906175,102.423996040724
1.486077097505669,0.0299112984522089,0.12746067042552547,102.50194428733035
1.497687074829932,0.02968982562898018,0.12889654846580254,102.57989253393669
1.509297052154195,0.029709680482514874,0.13036244585203813,102.65784078054301
1.5209070294784581,0.029860412001637762,0.13183742960110834,102.73578902714935
1.5325170068027212,0.030253829270463772,0.1329225349903668,102.81373727375569
1.5441269841269842,0.030919507937711033,0.13366184580943558,102.89168552036202
1.555736961451247,0.03173019959890127,0.1335912325506002,102.96963376696836
1.5673469387755101,0.03258655480974046,0.13338749855600446,103.0475820135747
1.5789569160997732,0.03345162499006366,0.1332243707191958,103.12553026018102
1.5905668934240362,0.03427993130396842,0.13292783241666,103.20347850678736
1.6021768707482993,0.03510447087351476,0.13218931942350753,103.2814267533937
1.6137868480725623,0.03602744037940987,0.13157916089941743,103.35937500000003
1.6253968253968254,0.03691127451928715,0.1309782762129008,103.35937500000003
1.6370068027210884,0.0378199567188498,0.1307314352493317,103.35937500000003
1.6486167800453515,0.038787502628831974,0.13024219689666597,103.35937500000003
1.6602267573696146,0.039712334474112154,0.12970179328401016,103.35937500000003
1.6718367346938776,0.040719791724855944,0.12863339546575783,103.35937500000003
1.6834467120181407,0.04180394906811542,0.1270182411753963,103.35937500000003
1.6950566893424037,0.04294316204070696,0.1252451176987764,103.35937500000003
1.7066666666666668,0.04409931807431929,0.12359950915988042,103.35937500000003
1.7182766439909296,0.04517783883699779,0.1216854056977825,103.35937500000003
1.7298866213151927,0.046132930417419,0.11995042025083376,103.35937500000003
1.7414965986394557,0.0470093241543119,0.11745741678096736,103.35937500000003
1.7531065759637188,0.04782646809365345,0.11445712770977481,103.35937500000003
1.7647165532879818,0.048493002129236185,0.1110746715612964,103.35937500000003
1.7763265306122449,0.04890374042464084,0.10868150617790485,103.35937500000003
1.787936507936508,0.0491011555839279,0.10682071235522675,103.35937500000003
1.799546485260771,0.048925914820526044,0.10528408571250487,103.35937500000003
1.811156462585034,0.048508788594825394,0.10450677461539204,103.52501502403848
1.822766439909297,0.04806253569767534,0.10425354868100721,103.69065504807693
1.8343764172335602,0.047525665610090605,0.10397250475345454,103.85629507211539
1.8459863945578232,0.047192754483835544,0.1029178445171243,104.02193509615384
1.8575963718820863,0.046937719152051124,0.10197359371961599,104.18757512019229
1.8692063492063493,0.046626734193061445,0.1007549537238505,104.35321514423075
1.8808163265306121,0.04633040961219314,0.0996710191950019,104.5188551682692
1.8924263038548752,0.0459700666203799,0.09877319680322895,104.68449519230765
1.9040362811791383,0.045640889439819116,0.09802314193498339,104.8501352163461
1.9156462585034013,0.045369301923791926,0.09696842556199867,105.01577524038457
1.9272562358276644,0.04507505417515971,0.09636907541993428,105.18141526442302
1.9388662131519274,0.04478542760211668,0.09577937630202467,105.34705528846149
1.9504761904761905,0.0444066807071954,0.09555675896171513,105.51269531249994
1.9620861678004535,0.044004957775388945,0.09579459012138776,105.67833533653841
1.9736961451247166,0.04356971408824682,0.09627280048466984,105.84397536057688
1.9853061224489796,0.043013761425513795,0.09702443746658204,106.00961538461533
1.9969160997732427,0.04235120560758093,0.098204503697514,106.17525540865378
2.0085260770975055,0.04161814494829205,0.09966333729337337,106.34089543269225
2.020136054421769,0.04106968360456485,0.10146991556284404,106.50653545673072
2.0317460317460316,0.04077924872666627,0.1027126993973636,106.67217548076917
2.043356009070295,0.040753593715721015,0.10354279139946504,106.83781550480764
2.0549659863945577,0.04087547740410081,0.10454466181365833,107.0034555288461
2.066575963718821,0.04092303067741628,0.10577007412980975,107.16909555288456
2.078185941043084,0.04102375391718426,0.10733398749803662,107.33473557692302
2.089795918367347,0.04115224762967133,0.1082073406939751,107.50037560096149
2.10140589569161,0.0415026623096739,0.10923011692852956,107.66601562499994
2.1130158730158732,0.041961762391495065,0.10958287878335844,107.66601562499994
2.124625850340136,0.04229802512473136,0.10938015131154248,107.66601562499994
2.136235827664399,0.042546763841865565,0.10935103202417552,107.66601562499994
2.147845804988662,0.0424308864739279,0.10988838464273863,107.66601562499994
2.159455782312925,0.04210664898042779,0.11091906522845693,107.66601562499994
2.1710657596371883,0.041600745829656,0.11234259133134145,107.66601562499994
2.182675736961451,0.04090618799071994,0.11393094921476081,107.66601562499994
2.1942857142857144,0.040141779825991715,0.11551431247318829,107.66601562499994
2.2058956916099772,0.039338094584192136,0.1172005457124834,107.66601562499994
2.2175056689342405,0.03847490652657521,0.11877551166702689,107.66601562499994
2.2291156462585033,0.03763316515099119,0.11987204568480347,107.66601562499994
2.2407256235827666,0.036852775498775726,0.12114792252299342,107.66601562499994
2.2523356009070294,0.036277033788081725,0.12268472779296842,107.66601562499994
2.2639455782312927,0.03594490451950542,0.12393460830612657,107.66601562499994
2.2755555555555556,0.03632186071148895,0.12456680320386365,107.66601562499994
2.2871655328798184,0.03713375290790842,0.12374416697926674,107.66601562499994
2.2987755102040817,0.03838088462656028,0.12219459856291807,107.66601562499994
2.3103854875283445,0.039978847307942086,0.12007995143852114,107.66601562499994
2.3219954648526078,0.04135297326745604,0.11716012647919666,107.66601562499994
2.3336054421768706,0.042546899930290934,0.11449693409809261,107.66601562499994
2.345215419501134,0.043780876052706315,0.11206797207563976,107.66601562499994
2.3568253968253967,0.04519792182346284,0.10923252623075567,107.66601562499994
2.36843537414966,0.04707291274657285,0.10581765194205729,107.66601562499994
2.380045351473923,0.04980003274662057,0.10216973729469274,107.66601562499994
2.391655328798186,0.05293992570459804,0.09869981368198422,107.66601562499994
2.403265306122449,0.0562336405447169,0.0950597448438326,107.66601562499994
2.414875283446712,0.059814114313408,0.09157187772138857,107.66601562499994
2.426485260770975,0.06306575502720464,0.0881371484034814,107.66601562499994
2.4380952380952383,0.06614563142774975,0.08472814509527479,107.66601562499994
2.449705215419501,0.06936506989250804,0.08152122712086048,107.66601562499994
2.461315192743764,0.07251498102022355,0.07797960161473322,107.66601562499994
2.4729251700680273,0.07577558868054278,0.07439139846369126,107.66601562499994
2.48453514739229,0.07906070496040452,0.07049165526303895,107.66601562499994
2.4961451247165534,0.08199506149749271,0.06676037481408664,107.66601562499994
2.507755102040816,0.08461487249426435,0.0629241660731869,107.66601562499994
2.5193650793650795,0.08712653744502724,0.059538366981242326,107.66601562499994
2.5309750566893423,0.08952846400066945,0.05640175330387468,107.66601562499994
2.5425850340136056,0.09199445072047659,0.05367254560193029,107.66601562499994
2.5541950113378684,0.09445044426000408,0.05119167113792986,107.66601562499994
2.5658049886621317,0.09677735860485942,0.0491260861182647,107.66601562499994
2.5774149659863945,0.0982563472037977,0.04749674789640651,107.66601562499994
2.589024943310658,0.0991595280782228,0.04752072577409834,107.66601562499994
2.6006349206349206,0.09934899065475164,0.048475205604665325,107.66601562499994
2.6122448979591835,0.09906530199350846,0.04915916046552777,107.66601562499994
2.6238548752834467,0.0991103298738101,0.050032793022190346,107.66601562499994
2.6354648526077096,0.09934941026940679,0.050758181624896086,107.66601562499994
2.647074829931973,0.09967720428344676,0.05133008728442876,107.66601562499994
2.6586848072562357,0.10019426158308505,0.05222607478521941,107.66601562499994
2.670294784580499,0.1005809792822446,0.05394229484000061,107.66601562499994
2.681904761904762,0.1004250525588492,0.05521459580286535,107.66601562499994
2.693514739229025,0.09995705706283002,0.05690822233819065,107.66601562499994
2.705124716553288,0.09912880562161096,0.058627801313292954,107.66601562499994
2.716734693877551,0.0978683385908678,0.060227681361401414,107.66601562499994
2.728344671201814,0.09695629749573188,0.062164202463209944,107.66601562499994
2.7399546485260773,0.09624375849202525,0.064008229329728,107.66601562499994
2.75156462585034,0.09576740610463597,0.06556140148605573,107.66601562499994
2.7631746031746034,0.09607135913416288,0.06677542414067639,107.66601562499994
2.7747845804988662,0.09649031281812963,0.06766422309517683,107.66601562499994
2.786394557823129,0.09722159349912331,0.0686081773211921,107.66601562499994
2.7980045351473923,0.09816888597370979,0.06966803805298528,107.66601562499994
2.809614512471655,0.0988426271773321,0.07065876061978463,107.66601562499994
2.8212244897959184,0.09941612545940087,0.071403885570094,107.66601562499994
2.8328344671201813,0.09987441879820763,0.07234159361137764,107.66601562499994
2.8444444444444446,0.10024773277663365,0.07304978881030454,107.66601562499994
2.8560544217687074,0.10069880062179801,0.07295846891460311,107.66601562499994
2.8676643990929707,0.10116007103807867,0.07229866918769369,107.66601562499994
2.8792743764172335,0.10208174098801574,0.07140220055041328,107.66601562499994
2.8908843537414968,0.1036158567486107,0.06982697836210944,107.66601562499994
2.9024943310657596,0.10587728382298259,0.06742964584115153,107.66601562499994
2.914104308390023,0.1086596180313003,0.06511698185649145,107.66601562499994
2.9257142857142857,0.1114757508985553,0.06292906139184992,107.66601562499994
2.9373242630385485,0.11430795802666173,0.06077354935622367,107.66601562499994
2.948934240362812,0.11655618254543999,0.058810875584578634,107.66601562499994
2.9605442176870747,0.11813173540941418,0.05696195036038925,107.66601562499994
2.972154195011338,0.11877426852795032,0.054869396449423825,107.66601562499994
2.9837641723356008,0.11833896424137164,0.053374921643442645,107.66601562499994
2.995374149659864,0.11739037148196795,0.052256263655209266,107.66601562499994
3.006984126984127,0.11610573277287932,0.051321421672004694,107.66601562499994
3.01859410430839,0.11488183135885158,0.05023878137221025,107.66601562499994
3.030204081632653,0.1136789494112413,0.04894375058194708,107.66601562499994
3.0418140589569163,0.11251129885151492,0.04785531054394657,107.66601562499994
3.053424036281179,0.11126148399389323,0.047001447311194745,107.66601562499994
3.0650340136054424,0.10966299164011672,0.04621604110931301,107.66601562499994
3.076643990929705,0.10824318474245573,0.04576226554999954,107.66601562499994
3.0882539682539685,0.10678006361660088,0.045224409840362786,107.66601562499994
3.0998639455782313,0.10563609535832688,0.04466970861813938,107.66601562499994
3.111473922902494,0.10493834511608396,0.04440754047120391,107.66601562499994
3.1230839002267574,0.10442735275799225,0.04423847561770736,107.66601562499994
3.1346938775510202,0.10456894885999402,0.0445238496157544,107.66601562499994
3.1463038548752835,0.10541942051110532,0.044878621506841236,107.66601562499994
3.1579138321995464,0.10668707076165712,0.04540044784204335,107.66601562499994
3.1695238095238096,0.10887371792308229,0.04580109161144722,107.66601562499994
3.1811337868480725,0.11101606293972598,0.04607416324774357,107.66601562499994
3.1927437641723357,0.11271440650529609,0.046022897172710235,107.66601562499994
3.2043537414965986,0.11397357200174908,0.04658725243703063,107.66601562499994
3.215963718820862,0.11391559979025692,0.04741756257644199,107.66601562499994
3.2275736961451247,0.11306172041000581,0.04877724600721391,107.66601562499994
3.239183673469388,0.11128754216810022,0.050816245947353365,107.66601562499994
3.250793650793651,0.10949514161315074,0.05289209028223911,107.66601562499994
3.2624036281179136,0.10815824015907122,0.05462036109311557,107.66601562499994
3.274013605442177,0.10810965523761601,0.05590283240058908,107.66601562499994
3.2856235827664397,0.10916371100818138,0.05688041305769312,107.66601562499994
3.297233560090703,0.11092339661370494,0.05715418860350628,107.66601562499994
3.308843537414966,0.11317106699124381,0.05717433479100807,107.66601562499994
3.320453514739229,0.1150171030454307,0.05745277454876564,107.66601562499994
3.332063492063492,0.11663229231406307,0.05790060303149085,107.66601562499994
3.3436734693877552,0.117643341851509,0.05864387002747328,107.66601562499994
3.355283446712018,0.11822544671128613,0.05910654123980844,107.66601562499994
3.3668934240362813,0.11865269314701318,0.059597416593324154,107.66601562499994
3.378503401360544,0.11909104531453113,0.06000084338524509,107.66601562499994
3.3901133786848074,0.11962169563005012,0.06039405366540702,107.66601562499994
3.4017233560090703,0.12031579532891605,0.060551248576793185,107.66601562499994
3.4133333333333336,0.12099699630235297,0.060601939955507424,107.66601562499994
3.4249433106575964,0.12149333900696586,0.060827338096195185,107.66601562499994
3.436553287981859,0.12128067621728572,0.060746584678301525,107.66601562499994
3.4481632653061225,0.12011787173827386,0.06059108256348032,107.66601562499994
3.4597732426303853,0.11839520072673441,0.060059090313440755,107.66601562499994
3.4713832199546486,0.11645192923230889,0.05919179651587549,107.66601562499994
3.4829931972789114,0.11495325810297594,0.05796471968298474,107.66601562499994
3.4946031746031747,0.11384634338059199,0.05697504533028527,107.66601562499994
3.5062131519274375,0.11320991268778999,0.05580109266555035,107.66601562499994
3.517823129251701,0.11315153064918057,0.0546531351391134,107.66601562499994
3.5294331065759637,0.11319811474800226,0.053305770888224545,107.66601562499994
3.541043083900227,0.11357809570567608,0.05154775536457466,107.66601562499994
3.5526530612244898,0.1137405405127965,0.0499070563943791,107.66601562499994
3.564263038548753,0.11343410644654435,0.04867130243491517,107.66601562499994
3.575873015873016,0.11229106821261273,0.047521175647200126,107.66601562499994
3.5874829931972787,0.11082273116205943,0.04669077227582615,107.66601562499994
3.599092970521542,0.1089389154199713,0.04609727192592532,107.66601562499994
3.610702947845805,0.10688724569425297,0.0455269321678811,107.66601562499994
3.622312925170068,0.10513044970309901,0.04519748968377307,107.66601562499994
3.633922902494331,0.1033321172754688,0.04523933483875195,107.66601562499994
3.645532879818594,0.10220105315700645,0.04495170535450926,107.66601562499994
3.657142857142857,0.10137711801998446,0.04419632144021277,107.66601562499994
3.6687528344671203,0.1007936291607046,0.04388308523175165,107.66601562499994
3.680362811791383,0.10013487913315884,0.04421444992522966,107.66601562499994
3.6919727891156464,0.09918224849377343,0.045239544548050487,107.66601562499994
3.7035827664399092,0.09798389234531958,0.0469688001390608,107.66601562499994
3.7151927437641725,0.09674340147110695,0.048793692415372604,107.66601562499994
3.7268027210884354,0.09569043669864494,0.050723687290244554,107.66601562499994
3.7384126984126986,0.094932265902726,0.05201827249615967,107.66601562499994
3.7500226757369615,0.0946272914290882,0.05261860435255632,107.66601562499994
3.7616326530612243,0.0945014255663943,0.0531985273262617,107.66601562499994
3.7732426303854876,0.0936845714006471,0.054062358453038056,107.66601562499994
3.7848526077097504,0.09204850364779155,0.05576364762010607,107.66601562499994
3.7964625850340137,0.08980442092349275,0.05835641460979932,107.66601562499994
3.8080725623582765,0.08716031132275166,0.061149846986313754,107.66601562499994
3.81968253968254,0.08501846422106597,0.06346867844676246,107.66601562499994
3.8312925170068026,0.08373528968599239,0.06539282831769447,107.66601562499994
3.842902494331066,0.08329495876986245,0.06666696719955408,107.66601562499994
3.8545124716553287,0.08372393780803654,0.06733324173448026,107.66601562499994
3.866122448979592,0.08461092572168295,0.06760360588258138,107.66601562499994
3.877732426303855,0.08586077847998314,0.0681193141813477,107.66601562499994
3.889342403628118,0.08705949593435593,0.06837893874657376,107.66601562499994
3.900952380952381,0.08824151022650827,0.06880887512264106,107.66601562499994
3.912562358276644,0.08936896232700864,0.06932937219028332,107.66601562499994
3.924172335600907,0.09050305933273524,0.06966375008632121,107.66601562499994
3.93578231292517,0.09199548913659464,0.06920697886979009,107.66601562499994
3.947392290249433,0.093252271888192,0.06853682866599467,107.66601562499994
3.959002267573696,0.0945808120777462,0.06848798672242508,107.66601562499994
3.9706122448979593,0.09568717203415428,0.06879796423853951,107.66601562499994
3.982222222222222,0.09644852627882415,0.06949627446818935,107.66601562499994
3.9938321995464854,0.09724537555016369,0.07126530480054183,107.66601562499994
4.005442176870749,0.09837128017845445,0.07404370787348767,107.66601562499994
4.017052154195011,0.10008227257486985,0.07652954056369757,107.66601562499994
4.028662131519274,0.10211837220205937,0.07807504667153453,107.66601562499994
4.040272108843538,0.10458996936763894,0.07984345108567428,107.66601562499994
4.051882086167801,0.10670462252423471,0.08196757036646052,107.66601562499994
4.063492063492063,0.10828000712585588,0.08483023846759155,107.66601562499994
4.0751020408163265,0.10974772672854193,0.0883485875634092,107.66601562499994
4.08671201814059,0.11134235029767167,0.09150745290329795,107.66601562499994
4.098321995464852,0.11344451663841057,0.09384101996837074,107.66601562499994
4.1099319727891155,0.11574243977550541,0.09604030256889638,107.66601562499994
4.121541950113379,0.11837185536647907,0.09859155327607957,107.66601562499994
4.133151927437642,0.12067264271199414,0.1008216158436585,107.66601562499994
4.144761904761904,0.12280394280452901,0.10336959454378211,107.66601562499994
4.156371882086168,0.12460484227427038,0.10652043211061013,107.66601562499994
4.167981859410431,0.12601829351968574,0.10979808927875623,107.66601562499994
4.179591836734694,0.12736009707251567,0.11358697401249339,107.66601562499994
4.191201814058957,0.12842034939577507,0.11773636426841255,107.66601562499994
4.20281179138322,0.12971563423886603,0.12152578781423429,107.66601562499994
4.214421768707483,0.13118097817704297,0.1255305077794292,107.66601562499994
4.2260317460317465,0.13250074061109895,0.12947229699351775,107.66601562499994
4.237641723356009,0.13366819646129552,0.13429918170639624,107.66601562499994
4.249251700680272,0.1346732837222197,0.13950719844601753,107.66601562499994
4.260861678004535,0.13527318357530257,0.1451878623827269,107.66601562499994
4.272471655328798,0.13576953544271686,0.1504782433005046,107.66601562499994
4.284081632653061,0.13642217388172712,0.15475751854228476,107.66601562499994
4.295691609977324,0.13725657439566924,0.157288079796988,107.66601562499994
4.307301587301588,0.13777097031799107,0.15858416812152798,107.66601562499994
4.31891156462585,0.13819891770802542,0.1600023617724884,107.66601562499994
4.330521541950113,0.13862913455737083,0.16155474727237387,107.66601562499994
4.342131519274377,0.13866339218936022,0.16285890107147627,107.66601562499994
4.35374149659864,0.1391664832972061,0.16453010639282364,107.66601562499994
4.365351473922902,0.13999616288597105,0.16550544458037159,107.66601562499994
4.3769614512471655,0.14082774833742775,0.16624765209508635,107.66601562499994
4.388571428571429,0.14173976819152403,0.16693255763498566,107.66601562499994
4.400181405895691,0.14257677052457354,0.16778548894888087,107.66601562499994
4.4117913832199545,0.14334170659160989,0.168464999595914,107.66601562499994
4.423401360544218,0.1439136399088482,0.1687162112476816,107.66601562499994
4.435011337868481,0.1446435628292704,0.16906960112132427,107.66601562499994
4.446621315192743,0.14517891116296308,0.16952917469994022,107.66601562499994
4.458231292517007,0.14629730729199542,0.16988700899953468,107.66601562499994
4.46984126984127,0.14793508973818617,0.17009029641743195,107.66601562499994
4.481451247165533,0.14965151359337844,0.16986306236477466,107.66601562499994
4.493061224489796,0.1519111562121772,0.16899156714961863,107.66601562499994
4.504671201814059,0.15391435076181167,0.1680894249439765,107.66601562499994
4.516281179138322,0.1559025591332613,0.16715870145485562,107.66601562499994
4.527891156462585,0.158170101336342,0.1668181729819848,107.66601562499994
4.539501133786848,0.16023160962006633,0.16586271129870803,107.66601562499994
4.551111111111111,0.16241466121492293,0.16482351422560831,107.66601562499994
4.562721088435374,0.16466474953080462,0.16332669301693428,107.66601562499994
4.574331065759637,0.16628187777316106,0.16219694045788385,107.66601562499994
4.5859410430839,0.1674482898969797,0.16191573302273055,107.66601562499994
4.597551020408163,0.16835690743631884,0.16156283776909394,107.66601562499994
4.609160997732427,0.16938903162523616,0.16013814652141792,107.66601562499994
4.620770975056689,0.17158164585282928,0.15812802144068408,107.66601562499994
4.632380952380952,0.17494048561628517,0.15532476123802486,107.66601562499994
4.6439909297052155,0.17910681932736455,0.15227652715351525,107.66601562499994
4.655600907029479,0.18344971730603468,0.14897283872689102,107.66601562499994
4.667210884353741,0.18768047967166723,0.1460007622486064,107.66601562499994
4.6788208616780045,0.19130972661573328,0.1433820090693274,107.66601562499994
4.690430839002268,0.19418298163640488,0.14080481920197577,107.66601562499994
4.702040816326531,0.19636023942533823,0.1382279810319916,107.66601562499994
4.713650793650793,0.1974219436361289,0.13621048636476182,107.66601562499994
4.725260770975057,0.19774726556799957,0.13477611443167647,107.66601562499994
4.73687074829932,0.1975080164935589,0.13408338485337154,107.66601562499994
4.748480725623582,0.19668851302873344,0.13347866377247827,107.66601562499994
4.760090702947846,0.19539669214106356,0.13247260421299947,107.66601562499994
4.771700680272109,0.19352463935352157,0.1313006536838946,107.66601562499994
4.783310657596372,0.19103412495970992,0.13010898355540035,107.66601562499994
4.794920634920635,0.18797342651074583,0.12935939534334337,107.66601562499994
4.806530612244898,0.184676517288988,0.1289135787270029,107.66601562499994
4.818140589569161,0.18118510594992995,0.12874768076587378,107.66601562499994
4.829750566893424,0.17755868531360564,0.12820194381850042,107.66601562499994
4.841360544217687,0.17423798404502405,0.12813370264544524,107.66601562499994
4.85297052154195,0.17116206368398448,0.12848543374580243,107.66601562499994
4.864580498866213,0.16839056282236145,0.12911242567637715,107.66601562499994
4.876190476190477,0.16649796411863796,0.12956973285963833,107.66601562499994
4.887800453514739,0.1651351144439683,0.1290399409794666,107.66601562499994
4.899410430839002,0.16472011909020745,0.12866235225366263,107.66601562499994
4.911020408163266,0.16505421898582176,0.12835838206906636,107.66601562499994
4.922630385487528,0.1641685938306385,0.1282437113582954,107.66601562499994
4.934240362811791,0.16196287346511193,0.12955123924088505,107.66601562499994
4.9458503401360545,0.15837269045886188,0.13209703756872643,107.66601562499994
4.957460317460318,0.1532756185398937,0.13450930269869185,107.66601562499994
4.96907029478458,0.14782716359941103,0.1371402829651549,107.66601562499994
4.9806802721088435,0.14296038036809375,0.1396313980864546,107.66601562499994
4.992290249433107,0.1387965231123389,0.1417646563039669,107.66601562499994
5.00390022675737,0.13538055536459281,0.1434331496492151,107.66601562499994
5.015510204081632,0.133579463892513,0.14417492967568424,107.66601562499994
5.027120181405896,0.13285649845379216,0.1442144951563802,107.66601562499994
5.038730158730159,0.13282315293703334,0.14343463861246794,107.66601562499994
5.050340136054421,0.134160220987502,0.14224657400903146,107.66601562499994
5.061950113378685,0.13536041636009188,0.14104909721739992,107.66601562499994
5.073560090702948,0.13667827043251038,0.14006988916350718,107.66601562499994
5.085170068027211,0.13839178926316703,0.13920418262904583,107.66601562499994
5.0967800453514736,0.1395971353796181,0.13832361549447494,107.66601562499994
5.108390022675737,0.14124249379660492,0.1380312937726892,107.66601562499994
5.12,0.14302244002199344,0.1374985360447931,107.66601562499994
5.131609977324263,0.14549056302812302,0.13658894555183787,107.66601562499994
5.143219954648526,0.14855663254467288,0.1351950528636189,107.66601562499994
5.154829931972789,0.1518039264463087,0.1335591406120693,107.66601562499994
5.166439909297052,0.1553874814152169,0.13197301632887248,107.66601562499994
5.178049886621316,0.15839200939263728,0.13040054350658575,107.66601562499994
5.189659863945578,0.16142854553430275,0.12880644619074696,107.66601562499994
5.201269841269841,0.16373906169245253,0.12725327656722638,107.66601562499994
5.2128798185941045,0.16526825744518525,0.12659838702960496,107.66601562499994
5.224489795918367,0.16684411143213282,0.12604272801131627,107.66601562499994
5.23609977324263,0.16793892792473758,0.12549726372582196,107.66601562499994
5.2477097505668935,0.16925254045308855,0.12464284825149821,107.66601562499994
5.259319727891157,0.1710532708274949,0.12406915688586997,107.66601562499994
5.270929705215419,0.1734557352812285,0.12255036272119847,107.66601562499994
5.282539682539682,0.17664206906513305,0.12018782197593893,107.66601562499994
5.294149659863946,0.18009432983625276,0.11798190349746278,107.66601562499994
5.305759637188209,0.1834408910293382,0.11603605091154656,107.66601562499994
5.317369614512471,0.1856148793641347,0.1146534765716239,107.66601562499994
5.328979591836735,0.18623014565166066,0.11421764843217178,107.66601562499994
5.340589569160998,0.18581973669649274,0.11472223534408205,107.66601562499994
5.352199546485261,0.1842060815723589,0.1160469859624176,107.66601562499994
5.363809523809524,0.1824430061468074,0.11724540535511951,107.66601562499994
5.375419501133787,0.18081290587661078,0.11832414072676246,107.66601562499994
5.38702947845805,0.1791493892861899,0.11932922982367405,107.66601562499994
5.3986394557823125,0.17785212819343277,0.12065988884256401,107.66601562499994
5.410249433106576,0.17623371257747927,0.12190632347980279,107.66601562499994
5.421859410430839,0.17462176881475283,0.12351921337686161,107.66601562499994
5.433469387755102,0.1726177758519234,0.12531212045905626,107.66601562499994
5.445079365079365,0.1704690780984709,0.12712764284017777,107.66601562499994
5.456689342403628,0.16865356271101956,0.12854664785542566,107.66601562499994
5.468299319727891,0.1666677724861583,0.12937527397424464,107.66601562499994
5.479909297052155,0.1653443224410287,0.12985433522718745,107.66601562499994
5.491519274376417,0.16422336864093215,0.13064175440212483,107.66601562499994
5.50312925170068,0.16323858031704244,0.13116394817264782,107.66601562499994
5.5147392290249435,0.1623197704106159,0.13091556127691167,107.66601562499994
5.526349206349207,0.16131014964545232,0.13068578654191307,107.66601562499994
5.537959183673469,0.16051639615151392,0.13025804279592557,107.66601562499994
5.5495691609977325,0.1597143615675625,0.12940724878314022,107.66601562499994
5.561179138321996,0.15932643479510872,0.12814664087053348,107.66601562499994
5.572789115646258,0.1585799342844944,0.12732188016140875,107.66601562499994
5.584399092970521,0.1572055498923318,0.1269936106952206,107.66601562499994
5.596009070294785,0.15594964510370518,0.12679337432991372,107.66601562499994
5.607619047619048,0.15460710852676307,0.1261880899815998,107.66601562499994
5.61922902494331,0.1536887022000892,0.12539110334536804,107.7541220207651
5.630839002267574,0.15363499069124928,0.12460289650954606,107.84222841653022
5.642448979591837,0.15366502635424692,0.12312489991426005,107.93033481229537
5.6540589569161,0.15350691513569892,0.12122790578773601,108.0184412080605
5.6656689342403626,0.1528432580115111,0.12022474245018044,108.10654760382565
5.677278911564626,0.15129015401097323,0.12015309839593738,108.19465399959077
5.688888888888889,0.1492510558570247,0.12079447806802608,108.28276039535592
5.7004988662131515,0.14740795356525052,0.12123644055363238,108.37086679112105
5.712108843537415,0.1461756529860189,0.12122346640793,108.4589731868862
5.723718820861678,0.14551768721097497,0.12043934198766303,108.54707958265132
5.735328798185941,0.145266080432879,0.11941107235643245,108.63518597841647
5.746938775510204,0.14511433277990513,0.11841403200187363,108.7232923741816
5.758548752834467,0.14470101713423777,0.11759615157035935,108.81139876994675
5.77015873015873,0.14433614563607683,0.11714635444245952,108.89950516571187
5.7817687074829935,0.14401560460408347,0.11653697136752825,108.98761156147702
5.793378684807256,0.14351977626582202,0.11549112309031842,109.07571795724218
5.804988662131519,0.14286899704251455,0.11463573525364444,109.1638243530073
5.8165986394557825,0.14219904757270901,0.1141634193552517,109.25193074877245
5.828208616780046,0.14154804969164078,0.11381649901340991,109.34003714453758
5.839818594104308,0.1415183472214214,0.11321056166085544,109.42814354030273
5.851428571428571,0.14233854331073473,0.11224020545400629,109.51624993606785
5.863038548752835,0.14366698874859257,0.11153086338217029,109.604356331833
5.874648526077097,0.14576872631187493,0.11100072150181929,109.69246272759815
5.88625850340136,0.14825816782494058,0.11030035183025604,109.78056912336328
5.897868480725624,0.15074661184212623,0.10969262488111867,109.86867551912843
5.909478458049887,0.15343410272610783,0.10962632065358428,109.95678191489355
5.921088435374149,0.15586960824169915,0.1095010785480779,109.95678191489355
5.932698412698413,0.15765683972718467,0.10920066387883957,109.95678191489355
5.944308390022676,0.15898282037146522,0.10950618379927113,109.95678191489355
5.955918367346939,0.15968061559473326,0.11048469245905326,109.95678191489355
5.9675283446712015,0.1602569324794607,0.11157320249539965,109.95678191489355
5.979138321995465,0.1610524548105608,0.1118989105989733,109.95678191489355
5.990748299319728,0.16252121189226018,0.11133844427285632,109.95678191489355
6.002358276643991,0.1644872206701207,0.11041777090903772,109.95678191489355
6.013968253968254,0.16644511557909378,0.10947147806644959,109.95678191489355
6.025578231292517,0.16861038842379258,0.10848954233804807,109.95678191489355
6.03718820861678,0.17100465383623478,0.10752570275496365,109.95678191489355
6.048798185941043,0.17383807107886284,0.10620259968766095,109.95678191489355
6.060408163265306,0.17716860320036742,0.10439451068325162,109.95678191489355
6.072018140589569,0.18103559943488093,0.10228713638798949,109.95678191489355
6.0836281179138325,0.1848432902702982,0.10018953260556987,109.95678191489355
6.095238095238095,0.1882944227673725,0.09858291995850896,109.95678191489355
6.106848072562358,0.1908078050145392,0.097240427020028,109.95678191489355
6.1184580498866215,0.19187315685327005,0.09605229869060786,109.95678191489355
6.130068027210885,0.1917375049104327,0.09534154329418305,109.95678191489355
6.141678004535147,0.1908906875511171,0.09491724866288151,109.95678191489355
6.15328798185941,0.18984609862036447,0.09461931382078106,109.95678191489355
6.164897959183674,0.18964843033868867,0.0942042401456708,109.95678191489355
6.176507936507937,0.18943603160428532,0.0936577274767925,109.95678191489355
6.188117913832199,0.18901432533147902,0.09329157668415998,109.95678191489355
6.199727891156463,0.18847670379005657,0.09272674601646512,109.95678191489355
6.211337868480726,0.18674221880382694,0.09223435518216401,109.95678191489355
6.222947845804988,0.1845697256716229,0.09216554860470091,109.95678191489355
6.2345578231292516,0.18209162187582006,0.09230526030790728,109.95678191489355
6.246167800453515,0.17968908203722037,0.09189339609322815,109.95678191489355
6.257777777777778,0.1783896581068413,0.0905290969795998,109.95678191489355
6.2693877551020405,0.17789052449621934,0.08862645479470431,109.95678191489355
6.280997732426304,0.17820230922199962,0.087034063778864,109.95678191489355
6.292607709750567,0.17848705493733188,0.0854406991778642,109.95678191489355
6.30421768707483,0.17901451784743572,0.08402184647521288,109.95678191489355
6.315827664399093,0.17933527587122594,0.08250790251133319,109.95678191489355
6.327437641723356,0.17872300332081278,0.08114744941085246,109.95678191489355
6.339047619047619,0.17711549018905542,0.0803328271212065,109.95678191489355
6.350657596371882,0.17351943091166952,0.0796867220142539,109.95678191489355
6.362267573696145,0.16911827334273594,0.07962518342314696,109.95678191489355
6.373877551020408,0.1642712047116182,0.07909683043968467,110.04871902351806
6.3854875283446715,0.15950964334318932,0.07841206760976949,110.14065613214257
6.397097505668934,0.15520583012688374,0.07744588919194437,110.23259324076707
6.408707482993197,0.15135040109615905,0.07632781284176336,110.32453034939158
6.42031746031746,0.1483512795880571,0.07557741901104444,110.41646745801609
6.431927437641724,0.1456105823987856,0.07466976785233809,110.50840456664059
6.443537414965986,0.14273447483144105,0.07367559015457234,110.6003416752651
6.455147392290249,0.1395466512593267,0.0730196868572961,110.6922787838896
6.466757369614513,0.13503303134018727,0.07238116885158799,110.78421589251411
6.478367346938776,0.13012941968635072,0.07164440784787188,110.87615300113862
6.489977324263038,0.1252805399442376,0.07073618953030053,110.96809010976311
6.501587301587302,0.1205219069238388,0.06993832441055009,111.0600272183876
6.513197278911565,0.1171353792569992,0.06870719742494197,111.1519643270121
6.524807256235827,0.11520387446553845,0.06715426380909591,111.24390143563659
6.5364172335600905,0.11437369675356998,0.06529485250334617,111.33583854426108
6.548027210884354,0.11455688780902971,0.06438561316640862,111.42777565288557
6.559637188208617,0.11459569852033423,0.06456036809679304,111.51971276151006
6.5712471655328795,0.11420751393996832,0.06554967712257757,111.61164987013456
6.582857142857143,0.11356458640448092,0.06735657895335168,111.70358697875905
6.594467120181406,0.11291127908096828,0.06936568619781198,111.79552408738354
6.606077097505669,0.11254065500949037,0.07160454006673898,111.88746119600803
6.617687074829932,0.11259132280230078,0.07338185705491186,111.97939830463253
6.629297052154195,0.11355960433946373,0.0749183328904606,112.07133541325702
6.640907029478458,0.1149459978323373,0.07601334612353287,112.16327252188151
6.6525170068027215,0.11717719869909153,0.07738814442146312,112.25520963050602
6.664126984126984,0.11899584943058646,0.07872205141915091,112.34714673913051
6.675736961451247,0.11999825532262745,0.08091861653535179,112.34714673913051
6.6873469387755105,0.12074836222857564,0.0834432709738422,112.34714673913051
6.698956916099773,0.12146949927192571,0.08537600824026265,112.34714673913051
6.710566893424036,0.12307419067734206,0.08702616378541358,112.34714673913051
6.722176870748299,0.12538410084112633,0.08844140086362419,112.34714673913051
6.733786848072563,0.12820484842836044,0.08976561145136436,112.34714673913051
6.745396825396825,0.1310665928880155,0.09120489673936351,112.34714673913051
6.757006802721088,0.13374260028289384,0.0926699140003034,112.34714673913051
6.768616780045352,0.1366925873097019,0.09410799790170356,112.34714673913051
6.780226757369615,0.13981989620118038,0.09558112402366878,112.34714673913051
6.791836734693877,0.14318474863656572,0.09722061659994197,112.34714673913051
6.8034467120181406,0.1467077778878273,0.09923095455730259,112.34714673913051
6.815056689342404,0.1498898118189281,0.10146673684542801,112.34714673913051
6.826666666666667,0.15220272030122586,0.10388637078784099,112.34714673913051
6.8382766439909295,0.1549001953068085,0.10641333855727125,112.34714673913051
6.849886621315193,0.15775030800657397,0.10814799789451789,112.34714673913051
6.861496598639456,0.1608155274650482,0.10893670368074958,112.34714673913051
6.873106575963718,0.16566075062466526,0.10900709240734935,112.34714673913051
6.884716553287982,0.1711839631958276,0.10743951134754143,112.34714673913051
6.896326530612245,0.17719048730204454,0.10553391557394746,112.34714673913051
6.907936507936508,0.1833048654940982,0.10347853901612819,112.34714673913051
6.919546485260771,0.18832660419186226,0.10168563268416028,112.34714673913051
6.931156462585034,0.19229559115229686,0.0999405920339548,112.34714673913051
6.942766439909297,0.19523724690192962,0.09856188204562027,112.34714673913051
6.9543764172335605,0.1972801934324672,0.09725327371943197,112.34714673913051
6.965986394557823,0.19915863977293338,0.09635320878092075,112.34714673913051
6.977596371882086,0.20039958253985155,0.09524227701033572,112.34714673913051
6.989206349206349,0.2007406761518819,0.09423970625203988,112.34714673913051
7.000816326530612,0.2002221174022865,0.09420683422415518,112.34714673913051
7.012426303854875,0.19869094206795984,0.09414034225561893,112.34714673913051
7.024036281179138,0.19692674294976356,0.09358457683864439,112.34714673913051
7.035646258503402,0.19553213667139646,0.09271632569128309,112.34714673913051
7.047256235827664,0.19506877172201342,0.09183066516740454,112.34714673913051
7.058866213151927,0.1951254653062189,0.0906364082892398,112.34714673913051
7.070476190476191,0.1949805097880302,0.08933851970091014,112.34714673913051
7.082086167800454,0.19479255407584112,0.08893826621809474,112.34714673913051
7.093696145124716,0.19349557619694552,0.0888751367860428,112.34714673913051
7.1053061224489795,0.1914118943503179,0.0889163731510652,112.34714673913051
7.116916099773243,0.1894700622486945,0.08974235855558856,112.34714673913051
7.128526077097506,0.18772531117647523,0.09057070701050074,112.34714673913051
7.1401360544217685,0.186235969028443,0.09140572376989739,112.34714673913051
7.151746031746032,0.18539295214925464,0.09238508912302236,112.34714673913051
7.163356009070295,0.18506402423854112,0.09318594167123255,112.34714673913051
7.174965986394557,0.18389225687379362,0.09366956303032285,112.34714673913051
7.186575963718821,0.18243384042996805,0.09430471851553426,112.34714673913051
7.198185941043084,0.18121333779052418,0.09486729705444637,112.34714673913051
7.209795918367347,0.17959148779000864,0.09516177950153332,112.34714673913051
7.22140589569161,0.17827812265729548,0.09603970110845292,112.34714673913051
7.233015873015873,0.177102950895336,0.09710325209530635,112.34714673913051
7.244625850340136,0.17573941692599793,0.09789795708854597,112.34714673913051
7.2562358276643995,0.1746161391062729,0.09843790070639773,112.34714673913051
7.267845804988662,0.17400051297054642,0.09856916434301058,112.34714673913051
7.279455782312925,0.17448710270604825,0.09855640165774474,112.34714673913051
7.291065759637188,0.17534297332964052,0.09818976508409892,112.34714673913051
7.302675736961452,0.17693901421755087,0.09741743730587948,112.34714673913051
7.314285714285714,0.17948448792715713,0.09658557866945887,112.34714673913051
7.325895691609977,0.1823007528220505,0.09570312138402974,112.34714673913051
7.337505668934241,0.1854516032410325,0.09496672105839202,112.34714673913051
7.349115646258503,0.18777298648164573,0.0942705824727029,112.34714673913051
7.360725623582766,0.18922966199320485,0.09391835190736517,112.34714673913051
7.3723356009070296,0.19025795696411785,0.09422899665146531,112.34714673913051
7.383945578231293,0.19089412110269724,0.09433314501437735,112.34714673913051
7.395555555555555,0.19215868932005,0.09453529733554365,112.34714673913051
7.4071655328798185,0.19442422278716873,0.09453291784119534,112.34714673913051
7.418775510204082,0.19723637108528652,0.09375332573165761,112.34714673913051
7.430385487528345,0.20049876944854345,0.09248573282445607,112.34714673913051
7.441995464852607,0.2036734548129194,0.09108414367785925,112.34714673913051
7.453605442176871,0.20662416840822967,0.08996048911396674,112.34714673913051
7.465215419501134,0.2093492630126764,0.08893859412510001,112.34714673913051
7.476825396825397,0.2122757051800531,0.08813914543308121,112.34714673913051
7.48843537414966,0.2157300754779503,0.08779575544970195,112.34714673913051
7.500045351473923,0.21857832063219357,0.08763114543279464,112.34714673913051
7.511655328798186,0.22137652522903148,0.08730197200704602,112.34714673913051
7.523265306122449,0.22418624830021439,0.08623482523826027,112.34714673913051
7.534875283446712,0.22671194368650222,0.08517739905905951,112.34714673913051
7.546485260770975,0.22993431268586814,0.08432041095529333,112.34714673913051
7.558095238095238,0.2329942252163664,0.0838259749967511,112.34714673913051
7.569705215419501,0.2356109855208847,0.08307106552675225,112.34714673913051
7.581315192743764,0.23752758534990023,0.0825578170542423,112.34714673913051
7.592925170068027,0.23891892592254932,0.08208564032967625,112.34714673913051
7.604535147392291,0.23979577936135346,0.08179356192857241,112.34714673913051
7.616145124716553,0.23971762149837147,0.08186413484700587,112.34714673913051
7.627755102040816,0.2390847909535387,0.08189724650407842,112.34714673913051
7.63936507936508,0.23787115375129123,0.08196637319252814,112.34714673913051
7.650975056689342,0.23696520466961513,0.08217584007392323,112.34714673913051
7.662585034013605,0.2367300563652931,0.08226069422850966,112.34714673913051
7.6741950113378685,0.23708936354405682,0.08177466562667123,112.34714673913051
7.685804988662132,0.2380362386946885,0.08086902082988642,112.34714673913051
7.697414965986394,0.23911999068810866,0.07956427890291294,112.34714673913051
7.7090249433106575,0.2397415284967037,0.07827704933704738,112.34714673913051
7.720634920634921,0.23984522975105024,0.07710242474752593,112.34714673913051
7.732244897959184,0.23938453909020377,0.07604360764791365,112.34714673913051
7.743854875283446,0.23845127861298343,0.07500386042194156,112.34714673913051
7.75546485260771,0.23628474588309178,0.07363048973077592,112.34714673913051
7.767074829931973,0.23300191655516195,0.07305169953404725,112.34714673913051
7.778684807256236,0.2282159042511903,0.07300827860721341,112.34714673913051
7.790294784580499,0.22151506137185578,0.0729921490551524,112.34714673913051
7.801904761904762,0.21455040977839385,0.07293697238686307,112.34714673913051
7.813514739229025,0.20771669211802885,0.07317136755840413,112.34714673913051
7.825124716553288,0.20182061308799082,0.07347945183579586,112.34714673913051
7.836734693877551,0.19742776284800154,0.07347122655890692,112.34714673913051
7.848344671201814,0.19399113923045724,0.07301480675209368,112.34714673913051
7.859954648526077,0.19158993299595253,0.07203286004723919,112.34714673913051
7.87156462585034,0.18922335548689403,0.0712230721752045,112.34714673913051
7.883174603174603,0.18672330761471395,0.07064682337661599,112.34714673913051
7.894784580498866,0.18421223730893757,0.07056552133834655,112.34714673913051
7.90639455782313,0.1818280951260813,0.07020861555687122,112.34714673913051
7.918004535147392,0.17998628583053236,0.06969823720064391,112.34714673913051
7.929614512471655,0.17880007497533765,0.06923401235394709,112.34714673913051
7.9412244897959186,0.17819531092418292,0.06874687595501713,112.34714673913051
7.952834467120182,0.17730161875534667,0.06815572519034428,112.34714673913051
7.964444444444444,0.17701561482078543,0.06837484579037391,112.34714673913051
7.9760544217687075,0.17749497510598056,0.06907727734695422,112.34714673913051
7.987664399092971,0.1785972884360965,0.06951312502588163,112.34714673913051
7.999274376417233,0.18063008508162592,0.0694551538470848,112.34714673913051
8.010884353741497,0.1831470383223937,0.06923580042073163,112.34714673913051
8.02249433106576,0.18549385166882687,0.06924680311834856,112.34714673913051
8.034104308390022,0.18803876894649343,0.06974068550548396,112.34714673913051
8.045714285714286,0.18989034287290069,0.07038325430566406,112.34714673913051
8.057324263038549,0.19179528178765856,0.07122565307805338,112.34714673913051
8.068934240362811,0.19406594725654466,0.07167938083467978,112.34714673913051
8.080544217687075,0.19610927321035848,0.07215958262770678,112.34714673913051
8.092154195011338,0.19904662285982297,0.07265250629742331,112.34714673913051
8.103764172335602,0.2014193906742109,0.07332872312023987,112.34714673913051
8.115374149659864,0.20270693628204453,0.07434760719231849,112.34714673913051
8.126984126984127,0.2034254106986052,0.07559459374146466,112.34714673913051
8.13859410430839,0.20352442226459752,0.0769025342119373,112.34714673913051
8.150204081632653,0.20388150746402114,0.07821849163652761,112.34714673913051
8.161814058956915,0.20487813870872368,0.07965948431039584,112.34714673913051
8.17342403628118,0.20708559417564315,0.08072853865785115,112.34714673913051
8.185034013605442,0.21032919588480464,0.08167342721286842,112.34714673913051
8.196643990929704,0.2146568432135222,0.08246602815740063,112.34714673913051
8.208253968253969,0.21952921991860477,0.08342555839992521,112.34714673913051
8.219863945578231,0.22429645347759283,0.08448990382230319,112.34714673913051
8.231473922902495,0.22846195170778075,0.08614094744978415,112.34714673913051
8.243083900226758,0.23171802982052478,0.08767649744047566,112.34714673913051
8.25469387755102,0.23460272168331064,0.08963696255836387,112.34714673913051
8.266303854875284,0.23613304154517908,0.09093199538728938,112.34714673913051
8.277913832199546,0.23725189039989888,0.09185209978538846,112.16710323474086
8.289523809523809,0.23801817964610597,0.09259417531274255,111.98705973035122
8.301133786848073,0.23896423222706628,0.09344661551157651,111.80701622596158
8.312743764172335,0.23994978064698147,0.09424677927819929,111.62697272157193
8.324353741496598,0.24174770387223088,0.09479211935987145,111.44692921718229
8.335963718820862,0.24300599806956866,0.0948069287699519,111.26688571279264
8.347573696145124,0.24388026593241338,0.09467072720047422,111.086842208403
8.359183673469389,0.24441526857859863,0.09480404435575424,110.90679870401335
8.370793650793651,0.24306102568988275,0.09501697202417458,110.72675519962371
8.382403628117913,0.24221635367556826,0.09495546715434235,110.54671169523407
8.394013605442177,0.24061136322963347,0.09501735140486962,110.36666819084442
8.40562358276644,0.23981635234944804,0.09492020605337277,110.18662468645479
8.417233560090702,0.2401207447769513,0.09428534181853829,110.00658118206516
8.428843537414966,0.2406523700978378,0.0933852497584927,109.82653767767553
8.440453514739229,0.24168970167338863,0.09287907794265185,109.6464941732859
8.452063492063493,0.24200346598076283,0.09249979084455227,109.46645066889627
8.463673469387755,0.24192468254833965,0.09179472827428725,109.28640716450664
8.475283446712018,0.2404762527250609,0.09149360216312666,109.10636366011701
8.486893424036282,0.2380237414665574,0.09134476930206274,108.92632015572738
8.498503401360544,0.23491622235189907,0.09140406603003867,108.74627665133774
8.510113378684807,0.23162846885119728,0.09137449081235845,108.56623314694811
8.52172335600907,0.2294006478086877,0.09067368319267281,108.38618964255848
8.533333333333333,0.22798671260076186,0.08956174009243428,108.20614613816883
8.544943310657596,0.22775231148124508,0.08871370213667538,108.0261026337792
8.55655328798186,0.2283433021759278,0.08721584726749407,107.84605912938957
8.568163265306122,0.2298152587412806,0.08514633429323794,107.66601562499994
8.579773242630386,0.2310875245447934,0.08305903657317677,107.66601562499994
8.591383219954649,0.2311462506049464,0.08128417946774821,107.66601562499994
8.602993197278911,0.22932399097917175,0.07988234908235586,107.66601562499994
8.614603174603175,0.225828847880997,0.07887690997551372,107.66601562499994
8.626213151927438,0.22117120017731084,0.07818270869041492,107.66601562499994
8.6378231292517,0.21700816882315516,0.07750754377331089,107.66601562499994
8.649433106575964,0.21424393239708045,0.07657940680706428,107.66601562499994
8.661043083900227,0.21231268707949583,0.07511175304520287,107.66601562499994
8.672653061224489,0.21233987894213094,0.07329584301475198,107.66601562499994
8.684263038548753,0.21278381167219404,0.07134760751612086,107.66601562499994
8.695873015873016,0.21351426270316975,0.06922156237808642,107.66601562499994
8.70748299319728,0.21392689238820486,0.06722507197604048,107.66601562499994
8.719092970521542,0.21326870087505367,0.06559797216919812,107.66601562499994
8.730702947845804,0.2125671605649579,0.06446762911970327,107.66601562499994
8.742312925170069,0.21112317095194064,0.0629106202827882,107.66601562499994
8.753922902494331,0.20995606911907097,0.06124400220949992,107.66601562499994
8.765532879818593,0.2085496757296814,0.06011683114386378,107.66601562499994
8.777142857142858,0.20721239027092486,0.05918315745740837,107.66601562499994
8.78875283446712,0.20625126571463928,0.058475423432710144,107.66601562499994
8.800362811791382,0.205246440426537,0.058361704470910006,107.66601562499994
8.811972789115647,0.2040810603673491,0.059020875925487146,107.66601562499994
8.823582766439909,0.20226720136449677,0.060247973959964445,107.66601562499994
8.835192743764173,0.20107888514743422,0.061306143714390256,107.66601562499994
8.846802721088435,0.2005181300314161,0.06180327899391139,107.66601562499994
8.858412698412698,0.20081045255052635,0.06243317759736678,107.66601562499994
8.870022675736962,0.20126088753765756,0.06318183464043958,107.66601562499994
8.881632653061224,0.20159624523600983,0.0642782565662057,107.66601562499994
8.893242630385487,0.2025067869636435,0.06561755415633111,107.66601562499994
8.904852607709751,0.20380511927118278,0.06681504989264404,107.66601562499994
8.916462585034013,0.2061077071071735,0.06766323468021727,107.66601562499994
8.928072562358278,0.208277709206869,0.06829999473562468,107.66601562499994
8.93968253968254,0.2093435837417707,0.0690268958032073,107.66601562499994
8.951292517006802,0.20985207923648022,0.07001492834493374,107.66601562499994
8.962902494331066,0.21017443825157003,0.07067717832906152,107.66601562499994
8.974512471655329,0.2114835668381074,0.07126323464942738,107.66601562499994
8.986122448979591,0.21382842850784178,0.07169396950727973,107.66601562499994
8.997732426303855,0.21719565056861714,0.07165952760356584,107.66601562499994
9.009342403628118,0.22092036848891536,0.0715581414632648,107.66601562499994
9.02095238095238,0.22474073522709118,0.07128766581320685,107.66601562499994
9.032562358276644,0.22770324259727942,0.07104425399650381,107.66601562499994
9.044172335600907,0.22945149719156221,0.07132022064410781,107.66601562499994
9.05578231292517,0.22968391164913854,0.07223708267960641,107.66601562499994
9.067392290249433,0.2288660866429337,0.07361826590605229,107.66601562499994
9.079002267573696,0.22761993274096332,0.07531033756131394,107.66601562499994
9.09061224489796,0.22632433178122396,0.07666664773795008,107.66601562499994
9.102222222222222,0.22549128153101577,0.07780336188936418,107.66601562499994
9.113832199546485,0.22495405773847235,0.0783667075656275,107.66601562499994
9.125442176870749,0.22448526716118605,0.07919712683985286,107.66601562499994
9.137052154195011,0.2232307247145316,0.08073198959270926,107.66601562499994
9.148662131519274,0.22133322266258484,0.08267672612749827,107.66601562499994
9.160272108843538,0.21954574419795242,0.08424077881621497,107.66601562499994
9.1718820861678,0.2182476576200871,0.08570160182463156,107.66601562499994
9.183492063492064,0.217838386934748,0.08684484802293412,107.66601562499994
9.195102040816327,0.21786088077920934,0.08779658559796992,107.66601562499994
9.206712018140589,0.21781872939381164,0.08874853339408041,107.66601562499994
9.218321995464853,0.21755596274009836,0.08993173556875107,107.66601562499994
9.229931972789116,0.21773468151549172,0.09114841561284452,107.66601562499994
9.241541950113378,0.21910182896051017,0.09255695269370434,107.66601562499994
9.253151927437642,0.2210580512417363,0.09386402188393836,107.66601562499994
9.264761904761905,0.2232911142396301,0.09545027769983985,107.66601562499994
9.276371882086167,0.22460185298026844,0.09712090226701502,107.66601562499994
9.287981859410431,0.22474415461797825,0.09887462058640538,107.66601562499994
9.299591836734693,0.22419137113918036,0.10109665239059774,107.66601562499994
9.311201814058958,0.22328704512282543,0.10342117406877567,107.66601562499994
9.32281179138322,0.22263108516830676,0.10592890718739614,107.66601562499994
9.334421768707482,0.22237469998927936,0.1082854303347586,107.66601562499994
9.346031746031747,0.2229696931622111,0.11058678580888234,107.66601562499994
9.357641723356009,0.22403120786960912,0.11258664668304035,107.66601562499994
9.369251700680271,0.2261324548065255,0.11369988277279103,107.66601562499994
9.380861678004536,0.2290391786252839,0.11435881323305327,107.66601562499994
9.392471655328798,0.2320032432552195,0.11452022631614761,107.66601562499994
9.404081632653062,0.23529082058023984,0.11384725962862602,107.66601562499994
9.415691609977324,0.23782379123084135,0.11359423395817482,107.66601562499994
9.427301587301587,0.23948093467639572,0.1132916482446849,107.66601562499994
9.438911564625851,0.24085391466099787,0.11266146204928504,107.66601562499994
9.450521541950113,0.24179878440759528,0.11182057323981408,107.66601562499994
9.462131519274376,0.24180941492318617,0.11098303950497428,107.66601562499994
9.47374149659864,0.24153954376645803,0.11052518023721292,107.66601562499994
9.485351473922902,0.24084181143332695,0.11010267341855189,107.66601562499994
9.496961451247165,0.24029403584198655,0.10950298648255603,107.66601562499994
9.508571428571429,0.2416244912652794,0.10886588401183267,107.66601562499994
9.520181405895691,0.2437542936562759,0.10800883530138772,107.66601562499994
9.531791383219955,0.24663831371912254,0.10672963672911653,107.66601562499994
9.543401360544218,0.24926630761816043,0.10548061734393789,107.66601562499994
9.55501133786848,0.2504064691489426,0.10448014694351801,107.66601562499994
9.566621315192744,0.25101290749380817,0.10360727180219442,107.66601562499994
9.578231292517007,0.25057747451151885,0.10265224965900398,107.66601562499994
9.58984126984127,0.24966670454683207,0.10199793385556234,107.66601562499994
9.601451247165533,0.24851327694558287,0.10137443048328289,107.66601562499994
9.613061224489796,0.24664784553152708,0.1005575273631701,107.66601562499994
9.624671201814058,0.24434233309592507,0.09977030575194623,107.66601562499994
9.636281179138322,0.24185140387710446,0.09919530678864996,107.66601562499994
9.647891156462585,0.23946239832915828,0.09849080013773612,107.66601562499994
9.659501133786849,0.2376204232702021,0.0976331067049567,107.66601562499994
9.671111111111111,0.2367324236999827,0.09684614194692659,107.66601562499994
9.682721088435374,0.23725732144218478,0.09594243577356358,107.66601562499994
9.694331065759638,0.23874481062187883,0.09514174862026442,107.66601562499994
9.7059410430839,0.24167441228977551,0.09475775087850467,107.66601562499994
9.717551020408163,0.24656827451467422,0.09405113410398076,107.66601562499994
9.729160997732427,0.252645782426866,0.09285224341810953,107.66601562499994
9.740770975056689,0.2594722319032638,0.09144386032817976,107.66601562499994
9.752380952380953,0.26579622916896806,0.09019510039068593,107.66601562499994
9.763990929705216,0.27059541883082955,0.08971811681840941,107.66601562499994
9.775600907029478,0.2735641714831556,0.08929660564195623,107.66601562499994
9.787210884353742,0.2746922431139781,0.08923953519711422,107.66601562499994
9.798820861678005,0.2743934974710846,0.08954237995177432,107.66601562499994
9.810430839002267,0.27253017433433335,0.0896645313602768,107.66601562499994
9.822040816326531,0.27049915027438437,0.08936198137496228,107.66601562499994
9.833650793650794,0.268056943002549,0.08916923150347754,107.66601562499994
9.845260770975056,0.2657734446138077,0.08913724300160923,107.66601562499994
9.85687074829932,0.2648043076041865,0.08885759903903333,107.66601562499994
9.868480725623582,0.2637811667090624,0.08852956721034005,107.66601562499994
9.880090702947847,0.2636650931738765,0.08844234577081339,107.66601562499994
9.891700680272109,0.26405103370088073,0.0880952654984372,107.66601562499994
9.903310657596371,0.26440891356508056,0.08762142851975563,107.66601562499994
9.914920634920636,0.26567244638587484,0.08743374401562068,107.66601562499994
9.926530612244898,0.2675228466407206,0.0873720644580386,107.66601562499994
9.93814058956916,0.2693142759387215,0.08699312465328958,107.66601562499994
9.949750566893425,0.27077142541700766,0.08670754695114516,107.66601562499994
9.961360544217687,0.27179256424002535,0.08633384686231617,107.66601562499994
9.97297052154195,0.27088732319300307,0.08640018634688956,107.66601562499994
9.984580498866213,0.2680044547276963,0.08684894535317604,107.66601562499994
9.996190476190476,0.26396416742814754,0.08791635614902325,107.66601562499994
10.00780045351474,0.2576594420327387,0.08908130983569593,107.66601562499994
10.019410430839002,0.2496508758074092,0.09026409811415789,107.66601562499994
10.031020408163265,0.24088784909599234,0.09195046220329245,107.66601562499994
10.042630385487529,0.2312812632341405,0.09322462926818348,107.66601562499994
10.054240362811791,0.2218479580250495,0.09443186398320239,107.66601562499994
10.065850340136054,0.2137836224089832,0.0950177982200113,107.66601562499994
10.077460317460318,0.2073589930109112,0.09548258959595893,107.66601562499994
10.08907029478458,0.20284436705782688,0.09536928937210684,107.66601562499994
10.100680272108843,0.1995068657928737,0.09470020550171701,107.66601562499994
10.112290249433107,0.19651005414370715,0.09413273644085798,108.25758713942302
10.12390022675737,0.19302892388431375,0.09407356716788486,108.8491586538461
10.135510204081633,0.1891667302072081,0.0939923913379939,109.44073016826918
10.147120181405896,0.1852143533232615,0.09360444391064027,110.03230168269226
10.158730158730158,0.18145420451590344,0.09325987334669861,110.62387319711534
10.170340136054422,0.17877418423050176,0.09266176371065414,111.21544471153842
10.181950113378685,0.1767788201276477,0.09167344039198665,111.8070162259615
10.193560090702947,0.17548823955009502,0.0905738097850686,112.39858774038458
10.205170068027211,0.1750875319191576,0.08958747939380203,112.99015925480766
10.216780045351474,0.17433963158238353,0.08847685344800323,113.69715935741085
10.228390022675738,0.1735901660725335,0.08759761620715786,114.40415946001404
10.24,0.17284157769267228,0.08718338857204862,115.11115956261723
10.251609977324263,0.1727341771655049,0.08729735602907956,115.8181596652204
10.263219954648527,0.17360763203797067,0.0878091738300239,116.5251597678236
10.27482993197279,0.17579795264977632,0.08862945509442208,117.23215987042678
10.286439909297052,0.17971743299423282,0.08888103018250212,117.93915997302997
10.298049886621316,0.18483120495173913,0.08818241534514952,118.64616007563316
10.309659863945578,0.19151388007834724,0.08680335454198479,119.35316017823634
10.32126984126984,0.19908949893951342,0.0850884072155809,120.06016028083953
10.332879818594105,0.20645081362007553,0.08321950188351779,120.76716038344271
10.344489795918367,0.21264619930634748,0.08237660961690407,121.4741604860459
10.356099773242631,0.2177859082391877,0.08198515191049592,122.18116058864909
10.367709750566894,0.22174278905651468,0.08229685009709226,122.88816069125228
10.379319727891156,0.22503658167632268,0.08249053653373892,123.59516079385548
10.39092970521542,0.2277442232265524,0.08284159961250492,124.30216089645867
10.402539682539683,0.23012077985932028,0.08384056302535535,125.00916099906186
10.414149659863945,0.2322170772175153,0.08464535773336879,125.12458958724197
10.425759637188209,0.23431582395912168,0.08511268752905168,125.24001817542208
10.437369614512471,0.2363627334012659,0.08595557685279916,125.3554467636022
10.448979591836734,0.237909883246856,0.08712234798271777,125.47087535178231
10.460589569160998,0.23828043276644975,0.08850729362687658,125.58630393996242
10.47219954648526,0.2371969681518008,0.0903062988452458,125.70173252814253
10.483809523809525,0.23525201694928183,0.092462711278464,125.81716111632264
10.495419501133787,0.2326184516505003,0.09463888197319618,125.93258970450276
10.50702947845805,0.23009711151031545,0.09622638256647818,126.04801829268287
10.518639455782314,0.22855284586471233,0.0974840547002139,126.04801829268287
10.530249433106576,0.22755727250708085,0.0980706078571786,126.04801829268287
10.541859410430838,0.22743490329434946,0.09836972543919893,126.04801829268287
10.553469387755102,0.22702270551045323,0.09815859692563864,126.04801829268287
10.565079365079365,0.22689902268519346,0.0977445012055568,126.04801829268287
10.576689342403627,0.22706265532456843,0.0966403004062555,126.04801829268287
10.588299319727891,0.22676810541173542,0.09559150908538175,126.04801829268287
10.599909297052154,0.22652873722087646,0.09479380077302284,126.04801829268287
10.611519274376418,0.22457712799366555,0.09418020768056198,126.04801829268287
10.62312925170068,0.22145611707043297,0.0938058952824532,126.04801829268287
10.634739229024943,0.21757978977216383,0.09338614568102507,126.04801829268287
10.646349206349207,0.21351369835790152,0.09288546066891631,126.04801829268287
10.65795918367347,0.21016872899331426,0.09213540772505589,126.04801829268287
10.669569160997732,0.20708913726434908,0.09123660365031534,126.04801829268287
10.681179138321996,0.20445846241291904,0.0905156937946169,126.04801829268287
10.692789115646258,0.20222089048375322,0.0897839503307541,126.04801829268287
10.704399092970522,0.20010233085007767,0.08876753885780751,126.04801829268287
10.716009070294785,0.19868851059366036,0.08826270806972285,126.04801829268287
10.727619047619047,0.19728622047333524,0.08797892067071818,126.04801829268287
10.739229024943311,0.19618260769138407,0.08747267121800455,126.04801829268287
10.750839002267574,0.19575823754231544,0.0870341589689844,126.04801829268287
10.762448979591836,0.1954817491770108,0.08673073181553033,126.04801829268287
10.7740589569161,0.19571417529633436,0.08666128320647942,126.04801829268287
10.785668934240363,0.19593524745524718,0.08668393839806576,126.04801829268287
10.797278911564625,0.1958944642426953,0.0865630913439106,126.04801829268287
10.80888888888889,0.1955029793878606,0.08701506676976094,126.04801829268287
10.820498866213152,0.1944268679213373,0.08795531747083117,126.04801829268287
10.832108843537416,0.1937841019843473,0.08952601734577814,126.04801829268287
10.843718820861678,0.19348959038868382,0.09065328814011625,126.04801829268287
10.85532879818594,0.19497820659295037,0.09102501372599302,126.04801829268287
10.866938775510205,0.19768679482716134,0.0912161683069345,126.04801829268287
10.878548752834467,0.20117333488780104,0.0913463092045485,126.04801829268287
10.89015873015873,0.2057664589769922,0.09120044447030426,126.04801829268287
10.901768707482994,0.21011937439654127,0.09111624437192474,126.04801829268287
10.913378684807256,0.2145603360077496,0.09124395708502767,126.04801829268287
10.924988662131518,0.21918341745963552,0.09159672216815438,126.04801829268287
10.936598639455783,0.22347055229493357,0.0921437072464913,126.04801829268287
10.948208616780045,0.22823403868463893,0.09247864962979135,126.04801829268287
10.95981859410431,0.2332386354469426,0.09272213550920494,126.04801829268287
10.971428571428572,0.23851006423134555,0.0925033393129066,126.04801829268287
10.983038548752834,0.24310868974979702,0.09209621026057527,126.04801829268287
10.994648526077098,0.24658914071241372,0.09179531895899191,126.04801829268287
11.00625850340136,0.24913429705589865,0.09163973393196358,126.16921831027199
11.017868480725623,0.24964587458380721,0.09136273802630786,126.29041832786112
11.029478458049887,0.24959257623401232,0.09099077052248841,126.41161834545022
11.04108843537415,0.24871840458058234,0.09096786931215592,126.53281836303935
11.052698412698414,0.24742575612534945,0.09111890207043404,126.65401838062846
11.064308390022676,0.24637860452564092,0.09110373148872479,126.77521839821759
11.075918367346938,0.24550898761748988,0.09062416795403727,126.89641841580669
11.087528344671203,0.24497397830744908,0.08984432273663988,127.01761843339582
11.099138321995465,0.24466331810729547,0.08944287238446395,127.13881845098493
11.110748299319727,0.24441943432130897,0.08918475035019975,127.26001846857406
11.122358276643991,0.2443705524417901,0.08858397134129202,127.38121848616316
11.133968253968254,0.2437472570412897,0.08755635495830884,127.5024185037523
11.145578231292516,0.24263673717304485,0.0867112780755874,127.62361852134143
11.15718820861678,0.24087122111039244,0.08654163125177014,127.74481853893053
11.168798185941043,0.2376624888584594,0.08595088167648741,127.86601855651966
11.180408163265307,0.2338198848342615,0.08539478195433738,127.98721857410877
11.19201814058957,0.22927600830366338,0.08518681883631983,128.1084185916979
11.203628117913832,0.22413673293792585,0.08512942794936178,128.229618609287
11.215238095238096,0.21979425228321045,0.08469624480498075,128.35081862687613
11.226848072562358,0.2153193566534986,0.08404007927742028,128.47201864446524
11.23845804988662,0.21144229966304504,0.08333258463752727,128.59321866205437
11.250068027210885,0.20799323879206963,0.08254386460938393,128.71441867964347
11.261678004535147,0.2036703282151863,0.08191849919993363,128.8356186972326
11.27328798185941,0.1992722710050545,0.08134830862712193,128.9568187148217
11.284897959183674,0.19501593442772544,0.08071435057824722,129.07801873241084
11.296507936507936,0.19092482398423344,0.07990177296378369,129.19921874999994
11.3081179138322,0.1875380772431421,0.07914722396816834,129.19921874999994
11.319727891156463,0.18549439227410963,0.0783580391859253,129.19921874999994
11.331337868480725,0.18352726126132274,0.0775554422103562,129.19921874999994
11.34294784580499,0.18226238900555983,0.07665321757840794,129.19921874999994
11.354557823129252,0.18144697631506967,0.075432216796372,129.19921874999994
11.366167800453514,0.18062297807966526,0.07403408778905916,129.19921874999994
11.377777777777778,0.18040664183960464,0.07284123974332805,129.19921874999994
11.38938775510204,0.18069285277017938,0.07153997529854182,129.19921874999994
11.400997732426303,0.18172149301210885,0.07010975424331066,129.19921874999994
11.412607709750567,0.18372859258110474,0.06807653995498927,129.19921874999994
11.42421768707483,0.1863061685819159,0.0661627856450586,129.19921874999994
11.435827664399094,0.18966824406373983,0.06410472965127877,129.19921874999994
11.447437641723356,0.19393297418364466,0.061773042758731814,129.19921874999994
11.459047619047618,0.19739926195423882,0.05924928237711894,129.19921874999994
11.470657596371883,0.20082119843411672,0.05727088276901775,129.19921874999994
11.482267573696145,0.20317068232066776,0.05538170702401218,129.19921874999994
11.493877551020407,0.20316231834895107,0.05356131877850484,129.19921874999994
11.505487528344672,0.20256334602126472,0.05186722403272223,129.19921874999994
11.517097505668934,0.20054064678288103,0.050711136358485606,129.19921874999994
11.528707482993198,0.1976878876994741,0.049377846775091036,129.19921874999994
11.54031746031746,0.19564784369452626,0.04800468985703842,129.19921874999994
11.551927437641723,0.19426878669013928,0.04648255464848635,129.19921874999994
11.563537414965987,0.1941510663496468,0.044901562578047505,129.19921874999994
11.57514739229025,0.1953729992190914,0.04312739474895109,129.19921874999994
11.586757369614512,0.19727117223799542,0.04155320889947489,129.19921874999994
11.598367346938776,0.19950199992883794,0.040249287031562254,129.19921874999994
11.609977324263038,0.20139520504341785,0.03872466475507159,129.19921874999994
11.6215873015873,0.2022713571114238,0.03727213827182835,129.19921874999994
11.633197278911565,0.20257434554785758,0.0363544543678579,129.19921874999994
11.644807256235827,0.20171469943359652,0.03643317529336848,129.19921874999994
11.656417233560092,0.1998153206733261,0.03747194280130582,129.19921874999994
11.668027210884354,0.19787672887147145,0.03883807858274734,129.19921874999994
11.679637188208616,0.1955200796742236,0.04005653041174841,129.19921874999994
11.69124716553288,0.19292516931912265,0.04151922291808924,129.19921874999994
11.702857142857143,0.18981549194824313,0.04318921492861377,129.19921874999994
11.714467120181405,0.1854835249834007,0.04560364387542773,129.19921874999994
11.72607709750567,0.18016396795989428,0.04759171209842772,129.19921874999994
11.737687074829932,0.17419010007787614,0.0501522774823612,129.19921874999994
11.749297052154194,0.16761599706754202,0.05224822914369103,129.19921874999994
11.760907029478458,0.1615604982043193,0.05404967692494813,129.19921874999994
11.77251700680272,0.15615096726068575,0.055676809963818734,129.19921874999994
11.784126984126985,0.1512611883132848,0.05729417415574062,129.19921874999994
11.795736961451247,0.14820613414998474,0.058936049252067656,129.19921874999994
11.80734693877551,0.14594220833802124,0.060382587535364185,129.19921874999994
11.818956916099774,0.1444973428444881,0.061472287545554255,129.19921874999994
11.830566893424036,0.14429022938053016,0.0627811642422221,129.19921874999994
11.842176870748299,0.14373904522706793,0.06394831171584514,129.19921874999994
11.853786848072563,0.14320301093274299,0.06504550049848487,129.19921874999994
11.865396825396825,0.1419601731318984,0.06579176255174028,129.19921874999994
11.877006802721088,0.13974301092636585,0.06671101455568662,129.19921874999994
11.888616780045352,0.13703715154100887,0.06793202901532203,129.19921874999994
11.900226757369614,0.13429123197142892,0.06869104153215438,129.19921874999994
11.911836734693878,0.13279383572096382,0.06920050748899877,129.19921874999994
11.92344671201814,0.13344098397597004,0.06986475175987066,129.19921874999994
11.935056689342403,0.13533521115939728,0.07039121569671222,129.19921874999994
11.946666666666667,0.13824121944666432,0.07074997804394433,129.19921874999994
11.95827664399093,0.14184552524531255,0.07161654697264257,129.19921874999994
11.969886621315192,0.14520547953861176,0.07307904689239425,129.19921874999994
11.981496598639456,0.14927494411326314,0.07486663925886852,128.2865084134615
11.993106575963719,0.15386402199265312,0.0769113497168439,127.37379807692304
12.004716553287983,0.15943860331093318,0.0786596126120753,126.46108774038458
12.016326530612245,0.16592283152599177,0.0797944327884994,125.54837740384613
12.027936507936507,0.17272424427229358,0.08117446806762121,124.63566706730768
12.039546485260772,0.17887883258532053,0.08260881137527701,123.72295673076923
12.051156462585034,0.18350175868607355,0.08560086655468287,122.81024639423077
12.062766439909296,0.18669206454438608,0.08969857780844537,121.89753605769232
12.07437641723356,0.18798933188450775,0.09419045214387389,120.98482572115387
12.085986394557823,0.1888442495767542,0.09872606783575384,120.07211538461542
12.097596371882085,0.18959157557247672,0.10295953737044954,119.15940504807696
12.10920634920635,0.1903762920452863,0.1070178375793247,118.2466947115385
12.120816326530612,0.191870473401932,0.11090494532425181,117.33398437500003
12.132426303854876,0.19402264052518825,0.11505210936138131,116.42127403846158
12.144036281179138,0.19657989384897953,0.11941477928435591,115.50856370192311
12.1556462585034,0.1990374621408753,0.12408516627571188,114.59585336538464
12.167256235827665,0.20225794318666135,0.12918042781604075,113.68314302884619
12.178866213151927,0.20537629773046912,0.13424699475211213,112.77043269230772
12.19047619047619,0.20861719641321694,0.1388512118626457,111.85772235576925
12.202086167800454,0.21200502852978348,0.14354218076892364,110.9450120192308
12.213696145124716,0.21407179043063934,0.14795664360917618,110.03230168269234
12.225306122448979,0.2150038130966884,0.15254689529134532,109.11959134615387
12.236916099773243,0.21582977467053877,0.1571787832883519,108.20688100961542
12.248526077097505,0.2176145134575518,0.16089975593803105,107.29417067307695
12.26013605442177,0.22110354330122714,0.16268363836971517,106.38146033653848
12.271746031746032,0.22624536217733582,0.1633610562226191,105.46875000000003
12.283356009070294,0.23177453806624737,0.16321583672773934,105.46875000000003
12.294965986394558,0.23653198700281036,0.16255650606240715,105.46875000000003
12.30657596371882,0.23940247527394934,0.16178101075284348,105.46875000000003
12.318185941043083,0.240110995556259,0.1612238896454437,105.46875000000003
12.329795918367347,0.2387604802617501,0.16125916537674437,105.46875000000003
12.34140589569161,0.23659902289085352,0.16110046176623571,105.46875000000003
12.353015873015874,0.234625183874458,0.16021600564863894,105.46875000000003
12.364625850340136,0.23351407841990537,0.15828427057402267,105.46875000000003
12.376235827664399,0.23370125196204744,0.15587921215677916,105.46875000000003
12.387845804988663,0.23407760403387487,0.15366946278931407,105.46875000000003
12.399455782312925,0.23418322197967845,0.15215151270809407,105.46875000000003
12.411065759637188,0.23500002908194573,0.1511738287712181,105.46875000000003
12.422675736961452,0.236327379148545,0.1504198190731751,105.46875000000003
12.434285714285714,0.2376055149758291,0.14940145732077154,105.46875000000003
12.445895691609977,0.2395503820471716,0.1482892313208475,105.46875000000003
12.45750566893424,0.24103740642293994,0.1470409633223638,105.46875000000003
12.469115646258503,0.2413862542639027,0.14575445520006683,105.46875000000003
12.480725623582767,0.24122783859045357,0.14449853339433935,105.46875000000003
12.49233560090703,0.23992621850317467,0.143964767486338,105.46875000000003
12.503945578231292,0.2383493553585999,0.14399853151195707,105.46875000000003
12.515555555555556,0.23797347808648156,0.144645763971504,105.46875000000003
12.527165532879819,0.2397831305305082,0.14483510606411892,105.46875000000003
12.538775510204081,0.24359233947552153,0.1449078929264187,105.46875000000003
12.550385487528345,0.24782144129164535,0.14485210461749842,105.46875000000003
12.561995464852608,0.25144237382642054,0.14497710723600643,105.46875000000003
12.57360544217687,0.2543034019216023,0.14525238137309035,105.46875000000003
12.585215419501134,0.255988286164894,0.1460588347032073,105.46875000000003
12.596825396825396,0.25851743676029254,0.1472454618988049,105.46875000000003
12.60843537414966,0.26208458198487067,0.1484733879230847,105.46875000000003
12.620045351473923,0.2675259665745983,0.14977177308691295,105.46875000000003
12.631655328798185,0.2749545362174553,0.15109740917390752,105.46875000000003
12.64326530612245,0.28305008866491826,0.15215841102541053,105.46875000000003
12.654875283446712,0.2920361462922932,0.15384530324457882,105.46875000000003
12.666485260770974,0.30018655143386164,0.15580136393957522,105.46875000000003
12.678095238095239,0.3082037735910798,0.15790985254705672,105.46875000000003
12.689705215419501,0.3166539047952917,0.15983531182308786,105.46875000000003
12.701315192743763,0.32570447520839646,0.16142619834962546,105.46875000000003
12.712925170068027,0.3355130075471972,0.16283138399130265,105.46875000000003
12.72453514739229,0.3450619643861185,0.16403444343426604,105.46875000000003
12.736145124716554,0.3543214316775269,0.16530566107103908,105.46875000000003
12.747755102040816,0.36285405391680237,0.16659805545587741,105.46875000000003
12.759365079365079,0.3704962434455951,0.1679739448811128,105.46875000000003
12.770975056689343,0.3777237079232683,0.1687875293858951,105.46875000000003
12.782585034013605,0.38475588728061233,0.16927379212422827,105.46875000000003
12.794195011337868,0.3913058792120376,0.16946724274286243,105.46875000000003
12.805804988662132,0.39660833074304386,0.1697543695601736,105.46875000000003
12.817414965986394,0.4004752028632475,0.17030982195028593,105.46875000000003
12.829024943310658,0.4013294000261108,0.1707208234060438,105.46875000000003
12.84063492063492,0.39971279697887113,0.17111282999312022,105.46875000000003
12.852244897959183,0.396830825218629,0.1717811661757999,105.46875000000003
12.863854875283447,0.39285239265942123,0.172880871819098,105.46875000000003
12.87546485260771,0.38792146690284895,0.1738263658530317,105.46875000000003
12.887074829931972,0.3829377717400175,0.17492195688827267,105.46875000000003
12.898684807256236,0.3772093090855097,0.1757637868029433,105.46875000000003
12.910294784580499,0.3711853610794437,0.17607144894076796,105.46875000000003
12.921904761904761,0.3650619033841821,0.1757409202204664,105.46875000000003
12.933514739229025,0.35859086481349706,0.17493365716156153,105.46875000000003
12.945124716553288,0.3521329615351136,0.17433815301101882,105.46875000000003
12.956734693877552,0.3452193238384605,0.1735018858622514,105.46875000000003
12.968344671201814,0.3385081857187682,0.17302344415201282,105.46875000000003
12.979954648526077,0.33127901446108826,0.17223422731570204,105.46875000000003
12.99156462585034,0.3233671195389747,0.17147313822358903,105.46875000000003
13.003174603174603,0.314697508420839,0.17078171441026424,105.46875000000003
13.014784580498866,0.3039181039710242,0.16987705945373424,105.46875000000003
13.02639455782313,0.2921634413437604,0.16914245276339443,105.46875000000003
13.038004535147392,0.2796304041517304,0.16805560535786984,105.46875000000003
13.049614512471654,0.266311390185207,0.16669127754077664,105.46875000000003
13.061224489795919,0.2548089711507366,0.16515312538344837,105.46875000000003
13.072834467120181,0.24509995808042412,0.16421157759681354,105.46875000000003
13.084444444444445,0.23719488194851787,0.16390548118407963,105.46875000000003
13.096054421768708,0.23191411543650375,0.16396659329066418,105.46875000000003
13.10766439909297,0.22915922173593192,0.16395943337430954,105.46875000000003
13.119274376417234,0.22768380163164895,0.16357183441705198,105.46875000000003
13.130884353741497,0.22889595695901505,0.16336347323189432,105.46875000000003
13.142494331065759,0.23277188442595026,0.16282717454765927,105.46875000000003
13.154104308390023,0.2379488888759358,0.1619797935157678,105.46875000000003
13.165714285714285,0.24499868913335893,0.1607243643245161,105.46875000000003
13.177324263038548,0.25338875234350344,0.15991206078993747,105.46875000000003
13.188934240362812,0.2612239546178775,0.15904974474124495,105.46875000000003
13.200544217687074,0.2696937142086577,0.1587686790757727,105.46875000000003
13.212154195011339,0.2786592180065228,0.15920741081869674,105.46875000000003
13.223764172335601,0.2875383149211978,0.16021090743878458,105.46875000000003
13.235374149659863,0.29658918020991126,0.16126968749972018,105.46875000000003
13.246984126984128,0.30413824485612184,0.16205442671668965,105.46875000000003
13.25859410430839,0.3104246438157436,0.16317272560500887,105.46875000000003
13.270204081632652,0.3148862742079703,0.16433837865013692,105.46875000000003
13.281814058956916,0.31867027295439726,0.16612881213963906,105.46875000000003
13.293424036281179,0.32286228541640744,0.16839121557227893,105.46875000000003
13.305034013605443,0.3266508564007344,0.17056429748307803,105.46875000000003
13.316643990929705,0.3307836380155323,0.17260276859256465,105.46875000000003
13.328253968253968,0.33526112630155,0.17437902544057407,105.46875000000003
13.339863945578232,0.3406271810020013,0.17615172384736524,105.46875000000003
13.351473922902494,0.34745875498332907,0.17789467580706994,105.46875000000003
13.363083900226757,0.3543428772142096,0.17944800936041375,105.46875000000003
13.374693877551021,0.3603438453308488,0.1808119697473641,105.46875000000003
13.386303854875283,0.3646895671183149,0.18218953865661866,105.46875000000003
13.397913832199546,0.36614445505061854,0.1837487246747175,105.46875000000003
13.40952380952381,0.36478685274571576,0.18537134763351834,105.46875000000003
13.421133786848072,0.362675827433739,0.18716269989336443,105.46875000000003
13.432743764172336,0.35835303264134605,0.18855114139465112,105.46875000000003
13.444353741496599,0.351738653704465,0.19018697147244767,105.46875000000003
13.455963718820861,0.3433948593094758,0.19177737783889037,105.46875000000003
13.467573696145125,0.3327872532210495,0.1931924235145463,105.46875000000003
13.479183673469388,0.3213072014177847,0.1943341311500431,105.46875000000003
13.49079365079365,0.3104254588885774,0.195523457978647,105.46875000000003
13.502403628117914,0.2994369601437378,0.1959211326593591,105.46875000000003
13.514013605442177,0.28808429085504456,0.1962731197447626,105.46875000000003
13.525623582766439,0.2760131384034802,0.19720195775095745,105.46875000000003
13.537233560090703,0.2640421078828417,0.1987936219595733,105.46875000000003
13.548843537414966,0.25324572767746484,0.20041368768445725,105.46875000000003
13.56045351473923,0.2437275374431985,0.2015743129458674,105.46875000000003
13.572063492063492,0.236523496417838,0.2022923992858836,105.46875000000003
13.583673469387755,0.22980146206131416,0.20219848971429405,105.46875000000003
13.595283446712019,0.22257935698947945,0.20140642986760304,105.46875000000003
13.606893424036281,0.21557687052306243,0.2003080673731024,105.46875000000003
13.618503401360543,0.2087381108229802,0.19899825717758457,105.46875000000003
13.630113378684808,0.20200932931269627,0.19837667249350902,105.46875000000003
13.64172335600907,0.19564897988190014,0.19813011847309558,105.46875000000003
13.653333333333334,0.18958102044175187,0.19827267331030166,105.46875000000003
13.664943310657597,0.18483172389949135,0.19843039049880606,105.46875000000003
13.676553287981859,0.1824359062251933,0.19827898552505135,105.46875000000003
13.688163265306123,0.18297274809551467,0.19761029848744557,105.46875000000003
13.699773242630386,0.18735120190853657,0.19628916930928697,105.46875000000003
13.711383219954648,0.19489563517512903,0.19477371903039098,105.46875000000003
13.722993197278912,0.2034255027431102,0.19316047023478253,105.46875000000003
13.734603174603174,0.21282045538096678,0.1918493380836822,105.46875000000003
13.746213151927437,0.22243212326566925,0.19052358839230105,105.46875000000003
13.757823129251701,0.23195094198481359,0.18984697075720725,105.46875000000003
13.769433106575963,0.24178612891289442,0.1897274589705529,105.46875000000003
13.781043083900228,0.2508636975203318,0.1892703909170414,105.46875000000003
13.79265306122449,0.2590230568013254,0.18893451888355736,105.46875000000003
13.804263038548752,0.2660225499471207,0.18970471658432336,105.46875000000003
13.815873015873017,0.2716773595050089,0.19087459665341122,105.46875000000003
13.827482993197279,0.276749308688495,0.19164029166797045,105.46875000000003
13.839092970521541,0.28212085398944137,0.1916269038689042,105.46875000000003
13.850702947845805,0.2881893919355508,0.19129514169742332,105.46875000000003
13.862312925170068,0.2948754360576383,0.19061711151819166,105.46875000000003
13.87392290249433,0.3022261910260749,0.18990484001561597,105.46875000000003
13.885532879818594,0.30957108096863184,0.1895061975464065,105.46875000000003
13.897142857142857,0.31781551394521157,0.1891530708525202,105.46875000000003
13.908752834467121,0.32633488968909574,0.18891885191214247,105.46875000000003
13.920362811791383,0.33492938790975185,0.18909051203573793,105.46875000000003
13.931972789115646,0.3430547003031884,0.18880197424380485,105.46875000000003
13.94358276643991,0.3496878554861073,0.18830266902660786,105.55326021634617
13.955192743764172,0.35460727359709976,0.18784918417419363,105.63777043269232
13.966802721088435,0.35649336712831836,0.1877720835390299,105.72228064903847
13.978412698412699,0.356015941860183,0.1886832795255312,105.80679086538461
13.990022675736961,0.3530368760583874,0.18996814775489662,105.89130108173076
14.001632653061224,0.3480520921881529,0.19100822255283595,105.9758112980769
14.013242630385488,0.34189256804060675,0.19149634190482473,106.06032151442305
14.02485260770975,0.3347818459826218,0.19184576895641892,106.1448317307692
14.036462585034014,0.32674136613649807,0.19212352450931366,106.22934194711534
14.048072562358277,0.31791228478977007,0.19209215277724462,106.31385216346149
14.05968253968254,0.30904043231907674,0.19156665767229322,106.39836237980765
14.071292517006803,0.30012620272487844,0.19124111805908675,106.4828725961538
14.082902494331066,0.29120678781806825,0.1909325447124957,106.56738281249994
14.094512471655328,0.2832517036150526,0.1908882602730665,106.6518930288461
14.106122448979592,0.27574168624701917,0.1910890122323521,106.73640324519226
14.117732426303855,0.26932647454282516,0.19096856904551607,106.82091346153841
14.129342403628119,0.26484362810044176,0.19028879335946614,106.90542367788456
14.140952380952381,0.2604712892078831,0.1896686390506053,106.98993389423072
14.152562358276644,0.25580525337600385,0.18896177293333435,107.07444411057688
14.164172335600908,0.2503642532074441,0.18824827318479845,107.15895432692302
14.17578231292517,0.24295980713822524,0.1874048530831216,107.24346454326917
14.187392290249432,0.23505559022719608,0.18681618223854657,107.32797475961533
14.199002267573697,0.2266891070699701,0.18701179927785827,107.41248497596149
14.210612244897959,0.2189282476012668,0.18756148602775446,107.49699519230764
14.222222222222221,0.21200832755477933,0.1884207636168183,107.58150540865378
14.233832199546486,0.20632729322629517,0.19051210271356855,107.66601562499994
14.245442176870748,0.20276213049874778,0.19328055259289942,107.66601562499994
14.257052154195012,0.20119897990296298,0.19567328963147335,107.66601562499994
14.268662131519275,0.20191794161396182,0.19754487947795293,107.66601562499994
14.280272108843537,0.20416702452063512,0.19843842986873042,107.66601562499994
14.291882086167801,0.20733089652988312,0.1992605288232318,107.66601562499994
14.303492063492063,0.21021491242782006,0.19985963255317787,107.66601562499994
14.315102040816326,0.21258212550210315,0.20021753461326458,107.66601562499994
14.32671201814059,0.2146621647186823,0.20077348612083956,107.66601562499994
14.338321995464852,0.21663858597910937,0.20150264093252193,107.66601562499994
14.349931972789115,0.21848740106931253,0.20268411773556,107.66601562499994
14.361541950113379,0.2196114618920665,0.2042900327878241,107.66601562499994
14.373151927437641,0.22019019525741845,0.20609158244923767,107.66601562499994
14.384761904761906,0.22055992678874156,0.20821337135900686,107.66601562499994
14.396371882086168,0.2215897931800951,0.20951742206876756,107.66601562499994
14.40798185941043,0.22457966234123533,0.20975057145402004,107.66601562499994
14.419591836734694,0.22832241473714868,0.20944627830333057,107.66601562499994
14.431201814058957,0.2311381452741239,0.20957169817541665,107.66601562499994
14.44281179138322,0.23333907182855307,0.20982091309830872,107.66601562499994
14.454421768707483,0.23479191562316204,0.21012945173824674,107.66601562499994
14.466031746031746,0.23593388264231147,0.2104151478373239,107.66601562499994
14.477641723356008,0.23824924717187612,0.2111471039792141,107.66601562499994
14.489251700680272,0.2416994296530414,0.2122092775498526,107.66601562499994
14.500861678004535,0.24520112332123706,0.21217579100003814,107.66601562499994
14.512471655328799,0.2478969436081845,0.2120190257741958,107.66601562499994
14.524081632653061,0.24948763758498552,0.21176335640298946,107.66601562499994
14.535691609977324,0.24913996133312938,0.21079680031691744,107.66601562499994
14.547301587301588,0.24647295222571936,0.20935379882583002,107.66601562499994
14.55891156462585,0.24249657629893553,0.20765104321426023,107.66601562499994
14.570521541950113,0.23762283933433564,0.20580581373151347,107.66601562499994
14.582131519274377,0.2323225764633917,0.20357647186928318,107.66601562499994
14.59374149659864,0.22676122747980984,0.20090531349215177,107.66601562499994
14.605351473922903,0.22150827090303452,0.1986075131848744,107.66601562499994
14.616961451247166,0.21625646092590736,0.1971867833309064,107.66601562499994
14.628571428571428,0.21076965966155492,0.19604777981997237,107.66601562499994
14.640181405895692,0.2053093805423532,0.19529128722268638,107.66601562499994
14.651791383219955,0.20021071013103128,0.19407944261766163,107.66601562499994
14.663401360544217,0.1967404902691625,0.1927933930272367,107.66601562499994
14.675011337868481,0.19465563516746434,0.19061540520455378,107.66601562499994
14.686621315192744,0.1942756912774871,0.1880687472521236,107.66601562499994
14.698231292517006,0.19364853167374063,0.18514096948188222,107.66601562499994
14.70984126984127,0.1912371972117583,0.18216314745621945,107.66601562499994
14.721451247165533,0.18787094640793162,0.17959009754692193,107.66601562499994
14.733061224489797,0.18407504351651877,0.17711953927339663,107.66601562499994
14.744671201814059,0.17995614646128244,0.17433473503341726,107.66601562499994
14.756281179138321,0.17672870585134018,0.1721628408421935,107.66601562499994
14.767891156462586,0.1745280487665705,0.17029635291353495,107.66601562499994
14.779501133786848,0.17304504644412688,0.16791774054290953,107.66601562499994
14.79111111111111,0.17300948311293765,0.16505786468419942,107.66601562499994
14.802721088435375,0.1750449394698196,0.16262028387684443,107.66601562499994
14.814331065759637,0.17926182810465577,0.1601007482099728,107.66601562499994
14.8259410430839,0.18660425908450903,0.15723854508739166,107.66601562499994
14.837551020408164,0.19732919109647648,0.15380953332457645,107.66601562499994
14.849160997732426,0.2109632771520288,0.15017448500172648,107.66601562499994
14.86077097505669,0.22618205638244546,0.14698550430583643,107.66601562499994
14.872380952380952,0.24170376574055963,0.14399400434841617,107.66601562499994
14.883990929705215,0.25655335779335464,0.14128391615928346,107.66601562499994
14.895600907029479,0.27079496507030193,0.13885490090281974,107.66601562499994
14.907210884353741,0.2843460769612623,0.13666456752651202,107.66601562499994
14.918820861678004,0.2972002241119545,0.13405083765855236,107.66601562499994
14.930430839002268,0.3100646231879433,0.13081125548662437,107.66601562499994
14.94204081632653,0.3222494772586032,0.12729937729241186,107.66601562499994
14.953650793650795,0.33369658879082575,0.12440268852994742,107.66601562499994
14.965260770975057,0.3436389900746091,0.12156802509916721,107.66601562499994
14.97687074829932,0.35201341113328644,0.11925484625397517,107.66601562499994
14.988480725623583,0.3601104812738544,0.11725111000786326,107.66601562499994
15.000090702947846,0.36893010577655305,0.11566773121002868,107.66601562499994
15.011700680272108,0.3800846486435004,0.11392906003452347,107.66601562499994
15.023310657596372,0.39289738284728987,0.11201254362008686,107.66601562499994
15.034920634920635,0.40740724612897256,0.10989860165060174,107.66601562499994
15.046530612244897,0.4223764219028725,0.10781369044643781,107.66601562499994
15.058140589569161,0.43681674493629224,0.10531683542204641,107.66601562499994
15.069750566893424,0.45035778232711043,0.10268539546253355,107.66601562499994
15.081360544217688,0.4620069436260431,0.10065509538222257,107.66601562499994
15.09297052154195,0.47095836336517055,0.09914100975458623,107.66601562499994
15.104580498866213,0.47582706537039976,0.09807338048431809,107.66601562499994
15.116190476190477,0.47717009049125303,0.09704657579591985,107.66601562499994
15.12780045351474,0.4736654264094391,0.09633146808383161,107.66601562499994
15.139410430839002,0.4663384255871478,0.09591064703609774,107.66601562499994
15.151020408163266,0.4557185929897228,0.09580622382667471,107.66601562499994
15.162630385487528,0.4421056438510422,0.09582807126376877,107.66601562499994
15.17424036281179,0.42642357339014475,0.0964751430797409,107.66601562499994
15.185850340136055,0.4097371045443921,0.09805450322162004,107.66601562499994
15.197460317460317,0.3924848456232506,0.10028433817970123,107.66601562499994
15.209070294784581,0.3760244272530092,0.10234657648316063,107.66601562499994
15.220680272108844,0.36103845273221064,0.1039577538994772,107.66601562499994
15.232290249433106,0.3470745745471761,0.10557559040710868,107.66601562499994
15.24390022675737,0.3349494140451992,0.10635467369966337,107.66601562499994
15.255510204081633,0.3241613849003187,0.10608828723689086,107.66601562499994
15.267120181405895,0.3150043802191037,0.10504112214722246,107.66601562499994
15.27873015873016,0.30745066253574455,0.1034395731986469,107.66601562499994
15.290340136054422,0.2999889793616006,0.10167085614039474,107.66601562499994
15.301950113378684,0.29168542965633526,0.10007705852512463,107.66601562499994
15.313560090702948,0.28099909011440255,0.09883141298561278,107.66601562499994
15.32517006802721,0.2687253427094446,0.09804063017398663,107.66601562499994
15.336780045351475,0.25460686515774517,0.09789669574520363,107.66601562499994
15.348390022675737,0.2407544853545598,0.09864871629375775,107.66601562499994
15.36,0.2285521186714737,0.10013840454393803,107.66601562499994
15.371609977324264,0.21836179905364997,0.10196451675753859,107.66601562499994
15.383219954648526,0.21143481198833525,0.10367393990723073,107.66601562499994
15.394829931972788,0.20738243228988093,0.10474056257334244,107.66601562499994
15.406439909297053,0.2066774646755696,0.10501406170442566,107.66601562499994
15.418049886621315,0.2085909341584333,0.1053196640078764,107.66601562499994
15.429659863945579,0.21325051271426954,0.1056911227059352,107.66601562499994
15.441269841269841,0.21987573624310155,0.10575194481706987,107.66601562499994
15.452879818594104,0.22825289156501566,0.10543653250734443,107.66601562499994
15.464489795918368,0.23872713474499133,0.10478527391908707,107.66601562499994
15.47609977324263,0.2509416446388816,0.10356942125126001,107.66601562499994
15.487709750566893,0.26416110268571114,0.10185491383482358,107.66601562499994
15.499319727891157,0.27786055033559587,0.09970694019914386,107.66601562499994
15.51092970521542,0.29145370324184605,0.09766026477029474,107.66601562499994
15.522539682539682,0.3045800788881727,0.09635142763543746,107.66601562499994
15.534149659863946,0.31752379575450285,0.09553868599844054,107.66601562499994
15.545759637188208,0.33101231946451903,0.09534165180286343,107.66601562499994
15.557369614512472,0.3443476024014237,0.09565141312922391,107.66601562499994
15.568979591836735,0.3576427614309865,0.09646604892250733,107.66601562499994
15.580589569160997,0.370275834756802,0.09739499760210452,107.66601562499994
15.592199546485261,0.38159651337387107,0.09850717354046393,107.66601562499994
15.603809523809524,0.3921207646249561,0.09983138149860284,107.66601562499994
15.615419501133786,0.4015183178324471,0.10102962067103263,107.66601562499994
15.62702947845805,0.41089326141098637,0.10192588847580894,107.66601562499994
15.638639455782313,0.4200100222354594,0.10250302044881657,107.66601562499994
15.650249433106575,0.42792854519491486,0.10278201215986121,107.66601562499994
15.66185941043084,0.43387779970991086,0.10272154279656426,107.66601562499994
15.673469387755102,0.4371386899593551,0.10258387207913451,107.66601562499994
15.685079365079366,0.4375929041855739,0.10235808080005167,107.66601562499994
15.696689342403628,0.43544502775231986,0.10241321652078955,107.66601562499994
15.70829931972789,0.4313198304381373,0.10304678277767115,107.66601562499994
15.719909297052155,0.42546701857281316,0.103669697172768,107.66601562499994
15.731519274376417,0.4184478587232802,0.10385570042844039,107.66601562499994
15.74312925170068,0.4111808334340605,0.10397172608716214,107.66601562499994
15.754739229024944,0.403625340666175,0.10418502120773944,107.66601562499994
15.766349206349206,0.3953907851895071,0.10443721533765087,107.66601562499994
15.777959183673469,0.38683354166988093,0.10502164321933581,107.66601562499994
15.789569160997733,0.37801451774716516,0.1056067815531184,107.66601562499994
15.801179138321995,0.3699370293461765,0.10591229980632454,107.66601562499994
15.81278911564626,0.3616180728068437,0.10602649823649454,107.66601562499994
15.824399092970522,0.35333058965734687,0.10588828054904376,107.66601562499994
15.836009070294784,0.3449736316486699,0.10558365069659363,107.66601562499994
15.847619047619048,0.33489260675895804,0.10517241375758415,107.66601562499994
15.85922902494331,0.32481172347617693,0.10487674238800217,107.66601562499994
15.870839002267573,0.31393614542985876,0.10447900498463038,107.66601562499994
15.882448979591837,0.3030740133781079,0.10442653723610808,107.66601562499994
15.8940589569161,0.2932231980427621,0.10439437995121528,107.66601562499994
15.905668934240364,0.2836525828402709,0.10414848827892367,107.66601562499994
15.917278911564626,0.27612817362667075,0.1043207947473407,107.66601562499994
15.928888888888888,0.2688274917019354,0.10495501098717583,107.66601562499994
15.940498866213153,0.2630112452450811,0.10586702646683413,107.66601562499994
15.952108843537415,0.2588523904624011,0.106799133712361,107.66601562499994
15.963718820861677,0.2561757745742115,0.10763774985366074,107.66601562499994
15.975328798185942,0.25581330331352703,0.10842369846092492,107.66601562499994
15.986938775510204,0.2570498350245518,0.10890930679816983,107.66601562499994
15.998548752834466,0.2609438023814848,0.10912722820199096,107.66601562499994
16.01015873015873,0.265628165482133,0.10872754833632473,107.66601562499994
16.021768707482995,0.2720867851249899,0.1084146119541566,107.66601562499994
16.033378684807257,0.2797866444928283,0.10847347275571732,107.66601562499994
16.04498866213152,0.28681837903781343,0.10849239293520713,107.66601562499994
16.056598639455782,0.29461456027294164,0.10891528894468448,107.66601562499994
16.068208616780044,0.301777746032812,0.10923386735158523,107.66601562499994
16.07981859410431,0.30853575521360616,0.10953017550567895,107.66601562499994
16.091428571428573,0.31472786894679555,0.11018181519356837,107.66601562499994
16.103038548752835,0.31949585677093534,0.11135497140910461,107.66601562499994
16.114648526077097,0.32397033840862016,0.1127597789756128,107.66601562499994
16.12625850340136,0.32773018067862225,0.11434137516752138,107.66601562499994
16.137868480725622,0.3315917975157305,0.11569537440250785,107.66601562499994
16.149478458049888,0.33555817682618416,0.11718323090776313,107.66601562499994
16.16108843537415,0.3388093520071959,0.11869160494783883,107.66601562499994
16.172698412698413,0.3414978603786241,0.12025629227341735,107.66601562499994
16.184308390022675,0.3433728344338497,0.12165785461667483,107.66601562499994
16.195918367346938,0.34532826121731774,0.12315083157550424,107.66601562499994
16.207528344671204,0.34768214991239754,0.12448399713147497,107.66601562499994
16.219138321995466,0.34958598929098705,0.1255084418262003,107.66601562499994
16.23074829931973,0.35230980526814726,0.12632388229464422,107.66601562499994
16.24235827664399,0.3545976734801756,0.12629429960392546,107.66601562499994
16.253968253968253,0.35691731662150433,0.12566621767978786,107.66601562499994
16.265578231292515,0.3582684899717504,0.12492150030890167,107.66601562499994
16.27718820861678,0.3587385050324968,0.12419700322934306,107.66601562499994
16.288798185941044,0.35820594885428614,0.12337749194808094,107.66601562499994
16.300408163265306,0.35590970584177584,0.12240533266937068,107.66601562499994
16.31201814058957,0.35350265957084986,0.12174038890208427,107.66601562499994
16.32362811791383,0.34954118152616465,0.12094829740632614,107.66601562499994
16.335238095238097,0.3442257887876501,0.12024480183614396,107.66601562499994
16.34684807256236,0.33809801374696385,0.11945559888705662,107.66601562499994
16.35845804988662,0.3309047248525584,0.1184763015999713,107.66601562499994
16.370068027210884,0.3235420249230207,0.11772054572579059,107.66601562499994
16.381678004535146,0.31649527337951866,0.1168401881688512,107.66601562499994
16.39328798185941,0.31049272551261947,0.11556716393684542,107.66601562499994
16.404897959183675,0.30570458618924956,0.11368113250530544,107.66601562499994
16.416507936507937,0.30190532721357743,0.11186434975346231,107.66601562499994
16.4281179138322,0.2982527630223968,0.1099456594890593,107.66601562499994
16.439727891156462,0.2932533378285029,0.10844135841082102,107.66601562499994
16.451337868480724,0.2877626357096988,0.10714977824565755,107.66601562499994
16.46294784580499,0.28190403795177993,0.10591123727872999,107.66601562499994
16.474557823129253,0.27702046846829315,0.10461843568947506,107.66601562499994
16.486167800453515,0.2735396226722342,0.1032192988772553,107.66601562499994
16.497777777777777,0.2703821596260763,0.1022534408118682,107.66601562499994
16.50938775510204,0.2679083765076257,0.10201787870368162,107.66601562499994
16.520997732426302,0.26630305703382234,0.10144526941806152,107.66601562499994
16.532607709750568,0.2654901216316386,0.10054588752122517,107.66601562499994
16.54421768707483,0.2653067523180425,0.09984332091199294,107.66601562499994
16.555827664399093,0.2659443608473157,0.0996949175331315,107.66601562499994
16.567437641723355,0.26782858266810233,0.09929538273591938,107.66601562499994
16.579047619047618,0.26982783929558857,0.09857779656942188,107.66601562499994
16.590657596371884,0.27256087554990555,0.098261145598353,107.66601562499994
16.602267573696146,0.2746936625152135,0.09873591580397305,107.66601562499994
16.61387755102041,0.27583995229417,0.09964155563265441,107.66601562499994
16.62548752834467,0.2771659346044145,0.1007040490844618,107.66601562499994
16.637097505668933,0.2784967573727455,0.1013768278566475,107.66601562499994
16.648707482993196,0.280792676355279,0.10223257080330285,107.66601562499994
16.66031746031746,0.2835321274035597,0.10278353622197259,107.66601562499994
16.671927437641724,0.28681626617910816,0.10367172023386072,107.66601562499994
16.683537414965986,0.2906956613498833,0.10462102354534224,107.66601562499994
16.69514739229025,0.2947723324678378,0.10580633209395485,107.66601562499994
16.70675736961451,0.299391821268592,0.10738836628340036,107.66601562499994
16.718367346938777,0.3046972448791804,0.10860005547834148,107.66601562499994
16.72997732426304,0.31093922590953027,0.10965447556610605,107.66601562499994
16.741587301587302,0.31784965912463836,0.11017607047103822,107.66601562499994
16.753197278911564,0.32447357320585174,0.11053501328724764,107.66601562499994
16.764807256235827,0.3311720283424389,0.11145541116544876,107.66601562499994
16.77641723356009,0.3364769534133329,0.11203337735469922,107.66601562499994
16.788027210884355,0.3407336161030937,0.11273836251916354,107.66601562499994
16.799637188208617,0.3445286526932831,0.11293220117599405,107.66601562499994
16.81124716553288,0.3477272100707495,0.1128346827645963,107.66601562499994
16.822857142857142,0.35036720557366086,0.112819611112969,107.66601562499994
16.834467120181404,0.35194736732674053,0.11277955576650042,107.66601562499994
16.84607709750567,0.3525068096632123,0.1132400437620861,107.66601562499994
16.857687074829933,0.35081708412885226,0.1133327687307149,107.66601562499994
16.869297052154195,0.34717275313122276,0.11406335713457696,107.66601562499994
16.880907029478458,0.3420535526303764,0.11464126349604578,107.66601562499994
16.89251700680272,0.33604086654021614,0.11523480040696851,107.66601562499994
16.904126984126986,0.3292748124197905,0.11566709494545398,107.66601562499994
16.91573696145125,0.3228600750988146,0.11572727072687458,107.66601562499994
16.92734693877551,0.3177490153305234,0.11532350191179247,107.66601562499994
16.938956916099773,0.31389862875600694,0.11471330126205594,107.66601562499994
16.950566893424035,0.3120752712600279,0.11415121704142035,107.66601562499994
16.962176870748298,0.3116098600904951,0.1132950101777692,107.66601562499994
16.973786848072564,0.31134982728352756,0.1120155213635462,107.66601562499994
16.985396825396826,0.31044546128403927,0.11043916386127463,107.66601562499994
16.99700680272109,0.3080719833525427,0.10871667293899663,107.66601562499994
17.00861678004535,0.30365199789269065,0.10713420830707124,107.66601562499994
17.020226757369613,0.29724201106775094,0.10563796928016886,107.66601562499994
17.03183673469388,0.2895331346703503,0.10441857627478167,107.66601562499994
17.04344671201814,0.28155557494847616,0.10391313383695078,107.66601562499994
17.055056689342404,0.2738974754645208,0.10371807468218451,107.66601562499994
17.066666666666666,0.2672796679739512,0.10389377975854347,107.66601562499994
17.07827664399093,0.2633700830385185,0.10436766672131942,107.66601562499994
17.08988662131519,0.26144489433266094,0.10429577083711707,107.66601562499994
17.101496598639457,0.26143316094897395,0.10440204333215922,107.66601562499994
17.11310657596372,0.2622482012965344,0.10395191341576249,107.66601562499994
17.124716553287982,0.26327115310475685,0.10388696416754536,107.66601562499994
17.136326530612244,0.26418454779555445,0.10441716761856151,107.66601562499994
17.147936507936507,0.26431407648810906,0.10487095848237651,107.66601562499994
17.159546485260773,0.2654517490688376,0.10576046704027324,107.66601562499994
17.171156462585035,0.2663920515754268,0.10628741726484259,107.66601562499994
17.182766439909297,0.268077602204275,0.10700790148986829,107.66601562499994
17.19437641723356,0.2702408746428312,0.10745068317007034,107.66601562499994
17.205986394557822,0.2730586876346707,0.10779262627353162,107.66601562499994
17.217596371882085,0.2775248952626889,0.10837256857897323,107.66601562499994
17.22920634920635,0.28183390420388077,0.10922263807280555,107.66601562499994
17.240816326530613,0.28605793732486506,0.11026904114014839,107.66601562499994
17.252426303854875,0.28941231480403795,0.11100368587267259,107.66601562499994
17.264036281179138,0.29083916039914,0.11214930904341719,107.66601562499994
17.2756462585034,0.2914659210045345,0.1132662529291771,107.66601562499994
17.287256235827666,0.29177087486186915,0.11515611724813278,107.66601562499994
17.29886621315193,0.29196493133382845,0.1171274410485475,107.66601562499994
17.31047619047619,0.29296721186208663,0.1187168295457872,107.66601562499994
17.322086167800453,0.29508254285774066,0.12032582023164176,107.66601562499994
17.333696145124716,0.29797112349673993,0.12200493341113586,107.66601562499994
17.345306122448978,0.3016658715596143,0.1231969278186811,107.66601562499994
17.356916099773244,0.30640903818773646,0.12389454042613889,107.66601562499994
17.368526077097506,0.31125595604912204,0.12355876626968772,107.66601562499994
17.38013605442177,0.3150098141768263,0.12324991647284494,107.66601562499994
17.39174603174603,0.31802944786534076,0.12352311058528039,107.66601562499994
17.403356009070293,0.32022702000147457,0.12348690597900494,107.66601562499994
17.41496598639456,0.32110736530059514,0.12356221784437059,107.66601562499994
17.426575963718822,0.32120839101693216,0.12331525195633472,107.66601562499994
17.438185941043084,0.32047946767484475,0.12261576674037977,107.66601562499994
17.449795918367347,0.31935556761760625,0.12181000487454338,107.66601562499994
17.46140589569161,0.3176092401270548,0.12056590196775714,107.66601562499994
17.47301587301587,0.31629462302247735,0.11912742148910686,107.66601562499994
17.484625850340137,0.31462425015766154,0.11783438276610914,107.66601562499994
17.4962358276644,0.3126259006475141,0.11693770915860306,107.66601562499994
17.507845804988662,0.31139921644905133,0.116000108473445,107.66601562499994
17.519455782312924,0.3091958967374923,0.11472387134142543,107.66601562499994
17.531065759637187,0.30659487229491,0.11331826478040981,107.66601562499994
17.542675736961453,0.30302095659307726,0.11191709928794039,107.66601562499994
17.554285714285715,0.2978778778317757,0.11121724802620563,107.66601562499994
17.565895691609978,0.29232493780093566,0.11039370046499351,107.66601562499994
17.57750566893424,0.28704127667666024,0.10983363885373883,107.66601562499994
17.589115646258502,0.2817646150996745,0.10873219527538142,107.66601562499994
17.600725623582765,0.2772906574076335,0.10731459285694538,107.66601562499994
17.61233560090703,0.27345180096920924,0.10620014824974262,107.66601562499994
17.623945578231293,0.26882530845625574,0.10510065246631561,107.66601562499994
17.635555555555555,0.2650498486077539,0.1039620882362051,107.66601562499994
17.647165532879818,0.26241860857807364,0.10319933414071077,107.66601562499994
17.65877551020408,0.2608678102715615,0.10296561315496565,107.66601562499994
17.670385487528346,0.2604762179620557,0.10295517488494166,107.66601562499994
17.68199546485261,0.26088059571144584,0.10320507243756899,107.66601562499994
17.69360544217687,0.26073441154488725,0.10366305682901733,107.66601562499994
17.705215419501133,0.25896833738433117,0.10415211548510496,107.66601562499994
17.716825396825396,0.25652609929216386,0.1047697206961424,107.66601562499994
17.728435374149658,0.2523946462835693,0.10556087312589178,107.66601562499994
17.740045351473924,0.24792287433615376,0.10625031673203718,107.66601562499994
17.751655328798186,0.24467409147929006,0.10684501360046987,107.66601562499994
17.76326530612245,0.2429125928885617,0.1073732024195851,107.66601562499994
17.77487528344671,0.24309283185600591,0.1081824362920845,107.66601562499994
17.786485260770974,0.24529278715348643,0.10907717738241753,107.66601562499994
17.79809523809524,0.24899061475061396,0.1096786131085791,107.66601562499994
17.809705215419502,0.25234010012681973,0.10989242739016042,107.66601562499994
17.821315192743764,0.25584554387973485,0.11018950167869111,107.66601562499994
17.832925170068027,0.2588483246775241,0.11038135491472331,107.66601562499994
17.84453514739229,0.2614320014381056,0.1107392516377181,107.66601562499994
17.856145124716555,0.2647303675452864,0.11051471882911237,107.66601562499994
17.867755102040817,0.2683186955007435,0.11044468639366169,107.66601562499994
17.87936507936508,0.2715785820069432,0.110264244890722,107.66601562499994
17.890975056689342,0.2749161607392174,0.11008585232935933,107.66601562499994
17.902585034013605,0.27816254877298724,0.11042455780325319,107.66601562499994
17.914195011337867,0.2812580771125373,0.11106411146699594,107.66601562499994
17.925804988662133,0.2852272985573897,0.11170537591267239,107.66601562499994
17.937414965986395,0.2887892834588142,0.11211543854034937,107.66601562499994
17.949024943310658,0.29145013433069983,0.11228101794926963,107.66601562499994
17.96063492063492,0.2929808952565085,0.11184234710008334,107.66601562499994
17.972244897959182,0.2929012230323492,0.11109399606198629,107.66601562499994
17.98385487528345,0.291434671686842,0.10998257020755221,107.66601562499994
17.99546485260771,0.29008802642645276,0.10828775750191548,107.66601562499994
18.007074829931973,0.28876498370949466,0.10632433403868166,107.66601562499994
18.018684807256236,0.28841427332090136,0.10457569043748276,107.66601562499994
18.030294784580498,0.28942541011320605,0.10304970029516507,107.66601562499994
18.04190476190476,0.290201793434631,0.10179848474065019,107.66601562499994
18.053514739229026,0.29068310956143467,0.10069718101933373,107.66601562499994
18.06512471655329,0.2897945427305102,0.1000772104994876,107.66601562499994
18.07673469387755,0.28776726042546125,0.09925899345370928,107.66601562499994
18.088344671201813,0.2846533056922905,0.09823361201782999,107.66601562499994
18.099954648526076,0.28058010727606764,0.09737813629680842,107.66601562499994
18.11156462585034,0.27639131345629564,0.09662440583184632,107.66601562499994
18.123174603174604,0.2717140856789942,0.09570724720917487,107.66601562499994
18.134784580498867,0.26659850198575596,0.09490872796463659,107.66601562499994
18.14639455782313,0.2614412750261069,0.09440608515047867,107.66601562499994
18.15800453514739,0.2558745562244122,0.09430227911650625,107.66601562499994
18.169614512471654,0.25023661371794237,0.0942051544966129,107.66601562499994
18.18122448979592,0.24534914338000396,0.09431968130764486,107.66601562499994
18.192834467120182,0.24073005774251147,0.09481080875841186,107.66601562499994
18.204444444444444,0.2367116020667773,0.09569813338797066,107.66601562499994
18.216054421768707,0.23334567862485522,0.09595163998863378,107.66601562499994
18.22766439909297,0.23061867899069863,0.09572513161578683,107.66601562499994
18.239274376417235,0.2292095317629966,0.09526242091144148,107.66601562499994
18.250884353741498,0.22852300636896283,0.09429730603625257,107.66601562499994
18.26249433106576,0.2281584334948294,0.09353609047260442,107.66601562499994
18.274104308390022,0.22816203114385283,0.09301639340745166,107.66601562499994
18.285714285714285,0.22798809868271944,0.09239704925429197,107.66601562499994
18.297324263038547,0.227250249939084,0.0922497042674811,107.66601562499994
18.308934240362813,0.22661689628158935,0.09276825814249447,107.66601562499994
18.320544217687075,0.2258778855281397,0.09307229080728445,107.66601562499994
18.332154195011338,0.22563933699151537,0.09309660573257657,107.66601562499994
18.3437641723356,0.22656802939574558,0.09299586688513221,107.66601562499994
18.355374149659863,0.22842104188197307,0.09261365052976725,107.66601562499994
18.36698412698413,0.23033298617489417,0.09163437952925832,107.66601562499994
18.37859410430839,0.2319948176428389,0.09082799832361738,107.66601562499994
18.390204081632653,0.23274596077832752,0.08987898431538698,107.66601562499994
18.401814058956916,0.23250657842677555,0.08918720476896999,107.66601562499994
18.413424036281178,0.23174235247684793,0.08862667616894113,107.66601562499994
18.42503401360544,0.23033144849022244,0.08832556802801839,107.66601562499994
18.436643990929706,0.22936518027042224,0.0884734487395524,107.66601562499994
18.44825396825397,0.22827676191214236,0.08828411947361764,107.66601562499994
18.45986394557823,0.22799618277250241,0.08818669290704217,107.66601562499994
18.471473922902494,0.22795561321981955,0.08811811813846719,107.66601562499994
18.483083900226756,0.2279281485555973,0.08760381136655247,107.66601562499994
18.494693877551022,0.22824114443712662,0.0867584416168003,107.66601562499994
18.506303854875284,0.22857062836328892,0.08519239585089633,107.66601562499994
18.517913832199547,0.22888003617508718,0.08392647382893959,107.66601562499994
18.52952380952381,0.22832967250884148,0.08296479701623967,107.66601562499994
18.54113378684807,0.22601459494155715,0.08241512934709906,107.66601562499994
18.552743764172334,0.22200302761002283,0.08241090006265714,107.66601562499994
18.5643537414966,0.21662363020476552,0.08272770751666803,107.66601562499994
18.575963718820862,0.21048089814026252,0.08328108723286393,107.66601562499994
18.587573696145125,0.204448171337471,0.08387560696805345,107.66601562499994
18.599183673469387,0.19886018025933835,0.08427538855198917,107.66601562499994
18.61079365079365,0.1943200371538207,0.08419172128169375,107.66601562499994
18.622403628117915,0.19053074688958366,0.08382197959379181,107.66601562499994
18.634013605442178,0.18685809492229166,0.0832960123235477,107.66601562499994
18.64562358276644,0.18323126154341327,0.08278472638687338,107.66601562499994
18.657233560090702,0.17883944086910894,0.08245927979395173,107.66601562499994
18.668843537414965,0.1744732189794685,0.0821841412950338,107.66601562499994
18.68045351473923,0.17031692061837977,0.08180556538817502,107.66601562499994
18.692063492063493,0.16660443712040887,0.0815223361624622,107.66601562499994
18.703673469387756,0.16323004933244573,0.0812914951631985,107.66601562499994
18.715283446712018,0.16006667419692833,0.08105402145455345,107.66601562499994
18.72689342403628,0.15776340997959773,0.08071719247893921,107.66601562499994
18.738503401360543,0.1565036389052702,0.07987386682156902,107.66601562499994
18.75011337868481,0.157186053533402,0.07870764398808835,107.66601562499994
18.76172335600907,0.1591486210545994,0.07750483952629389,107.66601562499994
18.773333333333333,0.1635819575490769,0.07630730608514327,107.66601562499994
18.784943310657596,0.17019034401384073,0.07538180852817354,107.66601562499994
18.796553287981858,0.17924586025724798,0.07447575522224091,107.66601562499994
18.808163265306124,0.1898132762162676,0.07341726950968318,107.66601562499994
18.819773242630387,0.20047209986558837,0.07214889892715431,107.66601562499994
18.83138321995465,0.21066304755179918,0.07098820577755033,107.66601562499994
18.84299319727891,0.2194826637246783,0.06974548352878032,107.66601562499994
18.854603174603174,0.22763120423616134,0.06825993704387279,107.66601562499994
18.866213151927436,0.23564578084272006,0.06623136468636374,107.66601562499994
18.877823129251702,0.24344659179150244,0.06412469637616076,107.66601562499994
18.889433106575964,0.25126496699759165,0.06244790276951107,107.66601562499994
18.901043083900227,0.25809927232671925,0.06112467597799572,107.66601562499994
18.91265306122449,0.26328254746479196,0.06024846960773715,107.66601562499994
18.92426303854875,0.2672137853494118,0.05976194053006583,107.66601562499994
18.935873015873018,0.269762619724678,0.05966423511344669,107.66601562499994
18.94748299319728,0.2711409457874076,0.05954856841534394,107.66601562499994
18.959092970521542,0.27202007826481517,0.05923488541677685,107.66601562499994
18.970702947845805,0.272599058192823,0.05894593370188282,107.66601562499994
18.982312925170067,0.27279885724231595,0.058335118380423566,107.66601562499994
18.99392290249433,0.27349989234886163,0.057865932841256365,107.66601562499994
19.005532879818595,0.2745146501136843,0.05685103902628182,107.66601562499994
19.017142857142858,0.275826703299833,0.05610331764414986,107.66601562499994
19.02875283446712,0.27653773668867276,0.05620514163912271,107.66601562499994
19.040362811791383,0.2754000470318144,0.056906893569843436,107.66601562499994
19.051972789115645,0.27283828644271507,0.0586775017391051,107.66601562499994
19.06358276643991,0.2687415916882591,0.060301256752028375,107.66601562499994
19.075192743764173,0.2631419117909735,0.061800111307549074,107.66601562499994
19.086802721088436,0.2564789683406949,0.06292025997640323,107.66601562499994
19.098412698412698,0.24730346687888483,0.06367184743872094,107.66601562499994
19.11002267573696,0.23615325551805505,0.06432189486350928,107.66601562499994
19.121632653061223,0.22441390143298906,0.06516928482227102,107.66601562499994
19.13324263038549,0.21247660751413297,0.06604567575711484,107.66601562499994
19.14485260770975,0.20271252808984588,0.06688159876418423,107.66601562499994
19.156462585034014,0.19498484587554846,0.06750555497846399,107.66601562499994
19.168072562358276,0.1887356737120614,0.06821594954243394,107.66601562499994
19.17968253968254,0.1833976030400756,0.06855677102784892,107.66601562499994
19.191292517006804,0.17860097646366105,0.06899628984702877,107.66601562499994
19.202902494331067,0.17454677170176372,0.06892521475604323,107.66601562499994
19.21451247165533,0.17197726896197021,0.06844138986507128,107.66601562499994
19.22612244897959,0.17082830281202205,0.06789913353932849,107.66601562499994
19.237732426303854,0.17081055030079553,0.06698980747615128,107.66601562499994
19.249342403628116,0.17231456500931008,0.06583339696888083,107.66601562499994
19.260952380952382,0.17389226696670415,0.06502710809322876,107.66601562499994
19.272562358276645,0.1753799939627437,0.06432483461688449,107.66601562499994
19.284172335600907,0.17682928758830013,0.06418102711694618,107.66601562499994
19.29578231292517,0.17708620046139012,0.06402899824249965,107.66601562499994
19.30739229024943,0.17705299655156206,0.06447218753309646,107.66601562499994
19.319002267573698,0.1769061847331074,0.06533908468665511,107.66601562499994
19.33061224489796,0.17733962438960063,0.06565081550639146,107.66601562499994
19.342222222222222,0.17920108372924842,0.06553155800638077,107.66601562499994
19.353832199546485,0.18294623344720143,0.0649397230283409,107.66601562499994
19.365442176870747,0.18774532606666625,0.06421193155777694,107.66601562499994
19.37705215419501,0.19313804910059967,0.06342895661306357,107.66601562499994
19.388662131519276,0.19914735744897,0.06286127982045908,107.66601562499994
19.400272108843538,0.20527261896663512,0.062225684776659844,107.66601562499994
19.4118820861678,0.21151582531342714,0.06148249901173143,107.66601562499994
19.423492063492063,0.21765210135136004,0.06067350075286636,107.66601562499994
19.435102040816325,0.22343764700913302,0.05981760515339859,107.66601562499994
19.44671201814059,0.22826658162329305,0.05902425485089709,107.66601562499994
19.458321995464853,0.23213944663210495,0.058616838823215445,107.66601562499994
19.469931972789116,0.23497125455361387,0.05848947027179973,107.66601562499994
19.481541950113378,0.2372860114228491,0.05851447203007938,107.66601562499994
19.49315192743764,0.2381693796134505,0.058138910055137404,107.66601562499994
19.504761904761907,0.23854137102479225,0.05805821284874251,107.66601562499994
19.51637188208617,0.23755327284714137,0.05840670312399918,107.66601562499994
19.52798185941043,0.23520194848698137,0.058727416103740576,107.66601562499994
19.539591836734694,0.23315238807979502,0.05901226982514859,107.66601562499994
19.551201814058956,0.23073065217225688,0.05950047385640274,107.66601562499994
19.56281179138322,0.22915244542780372,0.05961885304255378,107.66601562499994
19.574421768707484,0.22808943551781316,0.05957913035361136,107.66601562499994
19.586031746031747,0.22731797636916018,0.059388571697197065,107.66601562499994
19.59764172335601,0.22705151960542747,0.059369326153197094,107.66601562499994
19.60925170068027,0.22684341031155336,0.05919499894612844,107.66601562499994
19.620861678004534,0.22665051001853467,0.05852700028829404,107.66601562499994
19.6324716553288,0.22580272889910796,0.05748605712564275,107.66601562499994
19.644081632653062,0.22419338487303406,0.05673451089593441,107.66601562499994
19.655691609977325,0.22134427758247704,0.05612449903876409,107.66601562499994
19.667301587301587,0.21811319184354042,0.055638874587674685,107.66601562499994
19.67891156462585,0.21467337623918029,0.054801399747129644,107.66601562499994
19.690521541950112,0.21070603233563356,0.05390304484215407,107.66601562499994
19.702131519274378,0.20675820519907426,0.05318452045881861,107.66601562499994
19.71374149659864,0.2024968986349662,0.052852403040230325,107.66601562499994
19.725351473922903,0.19787685506823627,0.052699481253427084,107.66601562499994
19.736961451247165,0.19320696377942134,0.052612989340746895,107.66601562499994
19.748571428571427,0.18788419748472363,0.05267405886409874,107.66601562499994
19.760181405895693,0.1821576660988569,0.05274323438601711,107.66601562499994
19.771791383219956,0.1764131560471654,0.05303438921485328,107.66601562499994
19.783401360544218,0.170690929095503,0.053485648297645884,107.66601562499994
19.79501133786848,0.1661582861594244,0.05388298102267878,107.66601562499994
19.806621315192743,0.16245814245599688,0.0540713737866556,107.66601562499994
19.818231292517005,0.15989201662501115,0.05436437516809445,107.66601562499994
19.82984126984127,0.15807539087262618,0.05452635533551472,107.66601562499994
19.841451247165534,0.1560984552458476,0.05486936447280226,107.66601562499994
19.853061224489796,0.15542430254914408,0.05484022351776325,107.66601562499994
19.86467120181406,0.1568012192064216,0.05453506374257439,107.66601562499994
19.87628117913832,0.16140748441878797,0.05430684912453227,107.66601562499994
19.887891156462587,0.16929214707864212,0.0541075860327625,107.66601562499994
19.89950113378685,0.18037773819907119,0.053871853095866784,107.66601562499994
19.91111111111111,0.19406936539795874,0.05359280041164961,107.66601562499994
19.922721088435374,0.2095343590978459,0.05319769002825588,107.66601562499994
19.934331065759636,0.2264184637389784,0.053061482460084,107.66601562499994
19.9459410430839,0.24290068124673841,0.05276469556109807,107.66601562499994
19.957551020408165,0.2571080296422234,0.052194658485143916,107.66601562499994
19.969160997732427,0.2678570581559157,0.05162871076861794,107.66601562499994
19.98077097505669,0.274664851335676,0.05152860451558348,107.66601562499994
19.99238095238095,0.27836773929812353,0.05165113300229221,107.66601562499994
20.003990929705214,0.28093429827972105,0.05207744116789143,107.66601562499994
20.01560090702948,0.2833445373704448,0.05258919332334694,107.66601562499994
20.027210884353742,0.28557035342541104,0.05307766649020102,107.66601562499994
20.038820861678005,0.2884373552506163,0.053573010237547715,107.66601562499994
20.050430839002267,0.29199473542784515,0.05346961155684847,107.66601562499994
20.06204081632653,0.29617685414679534,0.053441945179643284,107.66601562499994
20.073650793650792,0.30027135024540563,0.053098874297962236,107.66601562499994
20.085260770975058,0.3037286301492391,0.052418360520446385,107.66601562499994
20.09687074829932,0.3060366427801511,0.05208050403809561,107.66601562499994
20.108480725623583,0.30654102792544957,0.05208441435079569,107.66601562499994
20.120090702947845,0.3062032866492597,0.05198640325181501,107.66601562499994
20.131700680272107,0.30591474628467386,0.052264051683650475,107.66601562499994
20.143310657596373,0.3058359441101569,0.052691780785248,107.66601562499994
20.154920634920636,0.30503413609729474,0.05357256583904366,107.66601562499994
20.166530612244898,0.3024704617321751,0.05499708440761946,107.66601562499994
20.17814058956916,0.29710379187455693,0.05661957479676891,107.66601562499994
20.189750566893423,0.28906455400451425,0.0579482754931899,107.66601562499994
20.201360544217685,0.27829419323968385,0.05916488717537967,107.66601562499994
20.21297052154195,0.265354796634215,0.0603325862078902,107.66601562499994
20.224580498866214,0.25095682032045924,0.06113856508252571,107.66601562499994
20.236190476190476,0.23578716953221734,0.06185568309104592,107.66601562499994
20.24780045351474,0.22134156997466262,0.062412038715809394,107.66601562499994
20.259410430839,0.2087793034461584,0.06261873629160743,107.66601562499994
20.271020408163267,0.1986229694917187,0.06294455872058827,107.66601562499994
20.28263038548753,0.19092611802168602,0.06344125082530956,107.66601562499994
20.29424036281179,0.18530260526146136,0.06412521548596421,107.66601562499994
20.305850340136054,0.18048064062373184,0.06505053189409281,107.66601562499994
20.317460317460316,0.17636972561799008,0.06542901382280576,107.66601562499994
20.329070294784582,0.17342290704625796,0.06556391989671297,107.66601562499994
20.340680272108845,0.17069455923082227,0.06550754206664378,107.66601562499994
20.352290249433107,0.16794806698615466,0.0660208499148783,107.66601562499994
20.36390022675737,0.16502868767269546,0.06650687966640242,107.66601562499994
20.375510204081632,0.1624755188758749,0.067051001790848,107.66601562499994
20.387120181405894,0.1615801724048945,0.06742958742832715,107.66601562499994
20.39873015873016,0.16222141648386965,0.06691459259073251,107.66601562499994
20.410340136054423,0.1648271730968854,0.0662743530624055,107.66601562499994
20.421950113378685,0.16840082266098647,0.06575445463310224,107.66601562499994
20.433560090702947,0.1723818645361391,0.06512373821086546,107.66601562499994
20.44517006802721,0.1776271110320252,0.06465564037018484,107.66601562499994
20.456780045351476,0.18366343215191228,0.06419190280782164,107.66601562499994
20.468390022675738,0.19005163816493606,0.06352114182550397,107.66601562499994
20.48,0.19680186687786663,0.06290149909614953,107.66601562499994
20.491609977324263,0.20318825199235716,0.06257031248433431,107.66601562499994
20.503219954648525,0.20972770003831384,0.062136970378114616,107.66601562499994
20.514829931972788,0.21632384999829551,0.06152724199623199,107.66601562499994
20.526439909297054,0.22234387216045132,0.061211836615607154,107.66601562499994
20.538049886621316,0.22782086756133912,0.06085257328956397,107.66601562499994
20.54965986394558,0.2321381771676197,0.06054630542640877,107.66601562499994
20.56126984126984,0.23571709492603632,0.060508422106572736,107.66601562499994
20.572879818594103,0.23886914775445692,0.06049908866894414,107.66601562499994
20.58448979591837,0.2421581361508932,0.0601823660151893,107.66601562499994
20.59609977324263,0.24533623382580966,0.059389803842320364,107.66601562499994
20.607709750566894,0.24809803586214807,0.0582747299223827,107.66601562499994
20.619319727891156,0.25089690601156056,0.057576495110061604,107.66601562499994
20.63092970521542,0.2524881714139763,0.05690115051770833,107.66601562499994
20.64253968253968,0.2532776379663312,0.05647493978339795,107.66601562499994
20.654149659863947,0.25357776261083576,0.05601345911168429,107.66601562499994
20.66575963718821,0.252883844502034,0.05577141593147023,107.66601562499994
20.67736961451247,0.2518768784503313,0.05564956307891187,107.66601562499994
20.688979591836734,0.25060067555765214,0.05583019796426408,107.66601562499994
20.700589569160996,0.24900611862707805,0.05645223678593279,107.66601562499994
20.712199546485262,0.24709056877180505,0.056955184884138685,107.66601562499994
20.723809523809525,0.24468710099131782,0.057232321424891645,107.66601562499994
20.735419501133787,0.2411056476358586,0.05741758000508464,107.66601562499994
20.74702947845805,0.23563786001739848,0.05767716042546533,107.66601562499994
20.758639455782312,0.22839966381682794,0.05827577482105111,107.66601562499994
20.770249433106574,0.22000558438423234,0.05904002101423228,107.66601562499994
20.78185941043084,0.21096872693640853,0.05998368737427648,107.66601562499994
20.793469387755103,0.2022844986510899,0.06030175673097976,107.66601562499994
20.805079365079365,0.19387804693765498,0.060540688967174294,107.66601562499994
20.816689342403627,0.18562104009860508,0.06074396847559152,107.66601562499994
20.82829931972789,0.17807329531228747,0.060948468337313044,107.66601562499994
20.839909297052156,0.17063650288815363,0.06099265538705917,107.66601562499994
20.851519274376418,0.16465923269137833,0.06077638806261585,107.66601562499994
20.86312925170068,0.15993426880122427,0.06021058838059673,107.66601562499994
20.874739229024943,0.15682578092856314,0.05943726419864002,107.66601562499994
20.886349206349205,0.1545128707803015,0.058515024209917485,107.66601562499994
20.897959183673468,0.15228693227698917,0.05791123348697773,107.66601562499994
20.909569160997734,0.15029030662297835,0.057491753239982284,107.66601562499994
20.921179138321996,0.14796770847819735,0.056997474546934025,107.66601562499994
20.93278911564626,0.1480948914935929,0.056482598800009824,107.66601562499994
20.94439909297052,0.15206672100491717,0.05581193053194918,107.66601562499994
20.956009070294783,0.16053959219975547,0.055059416178982995,107.66601562499994
20.96761904761905,0.17384820721966893,0.053983199997025916,107.66601562499994
20.97922902494331,0.19047178134712126,0.05275503208509899,107.66601562499994
20.990839002267574,0.208183981661849,0.05165085477846309,107.66601562499994
21.002448979591836,0.22637691834794624,0.050990017159701355,107.66601562499994
21.0140589569161,0.24418923892763603,0.050643674998862936,107.66601562499994
21.02566893424036,0.2608827168999706,0.05063904480387821,107.66601562499994
21.037278911564627,0.27645705280794053,0.05127814785936979,107.66601562499994
21.04888888888889,0.29041486147002776,0.051937183608965494,107.66601562499994
21.060498866213152,0.3029770476157742,0.05225662325085694,107.66601562499994
21.072108843537414,0.31530363148203816,0.052493314943902296,107.66601562499994
21.083718820861677,0.3272085757140515,0.0521396685185574,107.66601562499994
21.095328798185943,0.33945332201958833,0.05248231184636232,107.66601562499994
21.106938775510205,0.35166027301881253,0.052939851081320904,107.66601562499994
21.118548752834467,0.36412617020005605,0.05355463029652054,107.66601562499994
21.13015873015873,0.3770784384590407,0.053961821375782835,107.66601562499994
21.141768707482992,0.3909268386909805,0.0548068785245728,107.66601562499994
21.153378684807254,0.4034348814267482,0.05579675403325578,107.66601562499994
21.16498866213152,0.4153027904484743,0.05727450144691715,107.66601562499994
21.176598639455783,0.4249688678808871,0.05883227759570357,107.66601562499994
21.188208616780045,0.43312621092908127,0.06062424381132935,107.66601562499994
21.199818594104308,0.44133733462361685,0.06218992468827899,107.66601562499994
21.21142857142857,0.4478452363938173,0.06340210052791632,107.66601562499994
21.223038548752836,0.45434143143575323,0.06467603983183749,107.66601562499994
21.2346485260771,0.4574650687510606,0.06657432420520153,107.66601562499994
21.24625850340136,0.45786374807096025,0.06863313448963462,107.66601562499994
21.257868480725623,0.45571392579188114,0.07006528707290657,107.66601562499994
21.269478458049885,0.4517341846180366,0.0714223736868479,107.66601562499994
21.28108843537415,0.4464478996006323,0.07256186800655214,107.66601562499994
21.292698412698414,0.44027341259839564,0.07378802667511336,107.66601562499994
21.304308390022676,0.43337845785380236,0.07487839256027591,107.66601562499994
21.31591836734694,0.42538373370595534,0.07562022430495449,107.66601562499994
21.3275283446712,0.4172736965354388,0.07628012464842128,107.66601562499994
21.339138321995463,0.4092687725236668,0.07652635868166206,107.66601562499994
21.35074829931973,0.4023016240668228,0.07637516655242849,107.66601562499994
21.36235827664399,0.3966156551532923,0.07625244196678897,107.66601562499994
21.373968253968254,0.3910828008161086,0.07592557000899211,107.66601562499994
21.385578231292516,0.38603865948540617,0.07599441229938371,107.66601562499994
21.39718820861678,0.3797643079436649,0.07581410274921199,107.66601562499994
21.408798185941045,0.3728889049513009,0.07562371831268623,107.66601562499994
21.420408163265307,0.36491227567026013,0.07547314022820538,107.66601562499994
21.43201814058957,0.3563154929966179,0.0755417512989448,107.66601562499994
21.443628117913832,0.3467429919230017,0.07526880113836153,107.66601562499994
21.455238095238094,0.3381503624973407,0.07511204679783001,107.66601562499994
21.466848072562357,0.3300877486549561,0.07480779213370255,107.66601562499994
21.478458049886623,0.3229018624711019,0.07416869738844133,107.66601562499994
21.490068027210885,0.3165768914495032,0.07374339716634377,107.66601562499994
21.501678004535147,0.30997639832165663,0.0738545981059129,107.66601562499994
21.51328798185941,0.30460391133462084,0.0743077159371738,107.66601562499994
21.524897959183672,0.299262834430793,0.07468564673235673,107.66601562499994
21.536507936507938,0.29573852946768164,0.0742546814480588,107.66601562499994
21.5481179138322,0.29210755283660533,0.07323698141538619,107.66601562499994
21.559727891156463,0.2874013930973842,0.07295249351152593,107.66601562499994
21.571337868480725,0.28101996672441637,0.07264164092078161,107.66601562499994
21.582947845804988,0.2733979620141315,0.07227740589507746,107.66601562499994
21.59455782312925,0.2655047533760056,0.07167306869577772,107.66601562499994
21.606167800453516,0.25807079350697815,0.07127523297900934,107.66601562499994
21.61777777777778,0.2514742445486445,0.07092511228092693,107.66601562499994
21.62938775510204,0.24582985142998723,0.07049517268536132,107.66601562499994
21.640997732426303,0.24170898395595838,0.0701470064290173,107.66601562499994
21.652607709750566,0.23825093187786123,0.06966515600326084,107.66601562499994
21.66421768707483,0.2358498172713706,0.06921996874328454,107.66601562499994
21.675827664399094,0.2339345402176848,0.06887688283009513,107.66601562499994
21.687437641723356,0.2312549880681366,0.06828577878910833,107.66601562499994
21.69904761904762,0.2287103814927358,0.06809621712379006,107.66601562499994
21.71065759637188,0.2259404799564485,0.06833501666433323,107.66601562499994
21.722267573696143,0.22382544800131293,0.06833521355787216,107.66601562499994
21.73387755102041,0.22267280673502046,0.06816887535608387,107.66601562499994
21.745487528344672,0.22278760830677524,0.06788185285161513,107.66601562499994
21.757097505668934,0.22293162672027508,0.06742056421333133,107.66601562499994
21.768707482993197,0.22260885454614018,0.0669948045116439,107.66601562499994
21.78031746031746,0.2221136726018686,0.06699925243437974,107.66601562499994
21.791927437641725,0.22121041196942218,0.0666549370599683,107.66601562499994
21.803537414965987,0.2208218692068196,0.06596305406785259,107.66601562499994
21.81514739229025,0.22139301493962824,0.0648632059341739,107.66601562499994
21.826757369614512,0.22230342838804226,0.06380666969546701,107.66601562499994
21.838367346938774,0.2231230901194374,0.06288471264512978,107.66601562499994
21.849977324263037,0.22391164747199863,0.0625852685199549,107.66601562499994
21.861587301587303,0.2246626123493509,0.062210614861430355,107.66601562499994
21.873197278911565,0.22552197150133171,0.06201997513945203,107.66601562499994
21.884807256235828,0.22644608333784258,0.06212213162193804,107.66601562499994
21.89641723356009,0.2275300477416589,0.06237415554383527,107.66601562499994
21.908027210884352,0.22857474537655545,0.062441844043925956,107.66601562499994
21.91963718820862,0.23011089902748047,0.06287785801589077,107.66601562499994
21.93124716553288,0.23213927170589632,0.06363070359890788,107.66601562499994
21.942857142857143,0.23403103034732758,0.06439814870195576,107.66601562499994
21.954467120181405,0.23605026438081725,0.0655673971386773,107.66601562499994
21.966077097505668,0.23712355995187318,0.0666613945268615,107.66601562499994
21.97768707482993,0.23797683583670462,0.06792419808710592,107.66601562499994
21.989297052154196,0.23919185162407225,0.06902231616076811,107.66601562499994
22.00090702947846,0.24067576231332763,0.06917228117075216,107.66601562499994
22.01251700680272,0.24270849148731946,0.06867490680484814,107.66601562499994
22.024126984126983,0.2443717165340593,0.06832242201201631,107.66601562499994
22.035736961451246,0.24445032004238224,0.06815051339443529,107.66601562499994
22.04734693877551,0.24337168589003638,0.06855385761484163,107.66601562499994
22.058956916099774,0.24259365992821455,0.06939079316548899,107.66601562499994
22.070566893424036,0.24237576434595154,0.07033647025964763,107.66601562499994
22.0821768707483,0.24330207275585322,0.07118847387889969,107.66601562499994
22.09378684807256,0.24477402765524212,0.07234231376202244,107.66601562499994
22.105396825396827,0.245687571449808,0.07361213031353309,107.66601562499994
22.11700680272109,0.24607592762445477,0.07502359096197075,107.66601562499994
22.128616780045352,0.24619070587271513,0.07618171884419436,107.66601562499994
22.140226757369614,0.24669701145788944,0.07723290795646569,107.66601562499994
22.151836734693877,0.2476700476559984,0.07788097959441487,107.66601562499994
22.16344671201814,0.2487646275817306,0.07810499924205043,107.66601562499994
22.175056689342405,0.24997547845936977,0.07830503754917365,107.66601562499994
22.186666666666667,0.2516269776192602,0.07866572640691337,107.66601562499994
22.19827664399093,0.2531313921591086,0.07903446868723996,107.66601562499994
22.209886621315192,0.25515777567663817,0.07945117578829368,107.66601562499994
22.221496598639455,0.2582460937244664,0.08001252667059626,107.66601562499994
22.23310657596372,0.26258026288532765,0.08023815564304841,107.66601562499994
22.244716553287983,0.26803833876728306,0.08005953918754088,107.66601562499994
22.256326530612245,0.2740060854814733,0.07945012732252749,107.66601562499994
22.267936507936508,0.27996926828758306,0.07875747358704613,107.66601562499994
22.27954648526077,0.2846938161032553,0.07785470945161213,107.66601562499994
22.291156462585032,0.28868641851834115,0.07695077297119748,107.66601562499994
22.3027664399093,0.29211999342196426,0.07672236367485905,107.66601562499994
22.31437641723356,0.2951842516192732,0.07674816273870042,107.66601562499994
22.325986394557823,0.29848586968797,0.0767604780026627,107.66601562499994
22.337596371882086,0.30297801803974095,0.07711715433556914,107.66601562499994
22.349206349206348,0.30828851201143276,0.07757726084217394,107.66601562499994
22.360816326530614,0.31454236636643645,0.07790505336007957,107.66601562499994
22.372426303854876,0.32190648069931804,0.07802690672271902,107.66601562499994
22.38403628117914,0.3292985549041885,0.07782188021989006,107.66601562499994
22.3956462585034,0.338187658430977,0.07721840008707173,107.66601562499994
22.407256235827663,0.3473491403901501,0.07616405144824645,107.66601562499994
22.418866213151926,0.356750637767154,0.07502525670010446,107.66601562499994
22.430476190476192,0.365520439953717,0.07416928510629546,107.66601562499994
22.442086167800454,0.3716613186333909,0.07343898288032422,107.66601562499994
22.453696145124717,0.3752971773716508,0.07318255006695162,107.66601562499994
22.46530612244898,0.3755892175098815,0.07386621713192353,107.66601562499994
22.47691609977324,0.3740313588483976,0.07534408076171453,107.66601562499994
22.488526077097507,0.37154755912205006,0.07731535572634848,107.66601562499994
22.50013605442177,0.3695755809873213,0.07911932842559606,107.66601562499994
22.511746031746032,0.36853024778720017,0.08042491561044074,107.66601562499994
22.523356009070294,0.36784163077550086,0.0808899787118953,107.66601562499994
22.534965986394557,0.3666890511498723,0.08058464405684815,107.66601562499994
22.54657596371882,0.36477235386196916,0.07978932612081532,107.66601562499994
22.558185941043085,0.3618874425084406,0.07903780046805631,107.66601562499994
22.569795918367348,0.3580490108908086,0.0783878169078028,107.66601562499994
22.58140589569161,0.3539141534850019,0.07817912296286479,107.66601562499994
22.593015873015872,0.34939330557327425,0.07856594195255671,107.66601562499994
22.604625850340135,0.3445861134538606,0.07937155315383955,107.66601562499994
22.6162358276644,0.34001557067223503,0.08056825794538588,107.66601562499994
22.627845804988663,0.33550294262634744,0.0820554629756431,107.66601562499994
22.639455782312925,0.3310801283598078,0.08349616645687963,107.66601562499994
22.651065759637188,0.32594340441777003,0.08438360591788996,107.66601562499994
22.66267573696145,0.3196452087678334,0.0849591070862285,107.66601562499994
22.674285714285713,0.311792251483287,0.08530344154803321,107.66601562499994
22.68589569160998,0.3030523158643866,0.08575431095469081,107.66601562499994
22.69750566893424,0.29329344007831415,0.08630554256759483,107.66601562499994
22.709115646258503,0.283394502542984,0.0867702041868406,107.66601562499994
22.720725623582766,0.27418701665691436,0.08733485888316062,107.66601562499994
22.732335600907028,0.26582220696041725,0.08765537138004552,107.66601562499994
22.743945578231294,0.2598315174244969,0.0883614808310738,107.66601562499994
22.755555555555556,0.2560879058077066,0.08957711356114591,107.66601562499994
22.76716553287982,0.2557102767745564,0.09083938756368508,107.66601562499994
22.77877551020408,0.2577432766676806,0.09158194807888402,107.66601562499994
22.790385487528344,0.26127028382422374,0.09142877410229425,107.66601562499994
22.801995464852606,0.26513007393192517,0.09122814104906947,107.66601562499994
22.813605442176872,0.2683911615980906,0.09077626361287365,107.66601562499994
22.825215419501134,0.27056869968544867,0.09030160873261449,107.66601562499994
22.836825396825397,0.2718232429650851,0.09022992311642425,107.66601562499994
22.84843537414966,0.2731837232226102,0.09058766691695781,107.66601562499994
22.86004535147392,0.2751799827810559,0.09072871897904679,107.66601562499994
22.871655328798187,0.27968794029717403,0.09053837305597442,107.66601562499994
22.88326530612245,0.2872986347786002,0.09011726087761827,107.66601562499994
22.894875283446712,0.29739002612862625,0.08923962230833962,107.66601562499994
22.906485260770975,0.3102272208472508,0.08797325679406656,107.66601562499994
22.918095238095237,0.32391054863052254,0.0866851864135325,107.66601562499994
22.929705215419503,0.33831818336993863,0.08501643489751484,107.66601562499994
22.941315192743765,0.35244196701663216,0.08291153835825994,107.66601562499994
22.952925170068028,0.36573991570273107,0.08090825519342533,107.66601562499994
22.96453514739229,0.37820668918098144,0.07910536456815968,107.66601562499994
22.976145124716552,0.3894688699749506,0.07751255022889215,107.66601562499994
22.987755102040815,0.39978021603860936,0.07602960301581341,107.66601562499994
22.99936507936508,0.40916101631320867,0.07464175348639275,107.66601562499994
23.010975056689343,0.41784464151959866,0.07374696049479916,107.66601562499994
23.022585034013606,0.4243668185178934,0.07288282937248215,107.66601562499994
23.034195011337868,0.42940671247365464,0.07258838784198998,107.66601562499994
23.04580498866213,0.4324491007299796,0.07283074691958003,107.66601562499994
23.057414965986396,0.43410984182455736,0.07295368588700643,107.66601562499994
23.06902494331066,0.4360003301685213,0.07274115791398059,107.66601562499994
23.08063492063492,0.4368881156623807,0.07211397125131547,107.66601562499994
23.092244897959183,0.43693217124450623,0.07163015596865571,107.66601562499994
23.103854875283446,0.43570540707977673,0.07095018640329845,107.66601562499994
23.11546485260771,0.43243707413664767,0.07034322413892202,107.66601562499994
23.127074829931974,0.4293996729432316,0.06986033405741703,107.66601562499994
23.138684807256237,0.42602470331737946,0.06932861857117309,107.66601562499994
23.1502947845805,0.4224907166051133,0.06880916781312346,107.66601562499994
23.16190476190476,0.41853462628765287,0.06877475612994079,107.66601562499994
23.173514739229024,0.4136954793148386,0.0693071501940334,107.66601562499994
23.18512471655329,0.4072574334930584,0.06988680238454545,107.66601562499994
23.196734693877552,0.40004528588740246,0.07063010296531805,107.66601562499994
23.208344671201814,0.39142351292240773,0.07155609026666111,107.66601562499994
23.219954648526077,0.38158075835335037,0.07195216712567166,107.66601562499994
23.23156462585034,0.3708827995462573,0.07241856838356726,107.66601562499994
23.2431746031746,0.3589984495433781,0.07296567689909501,107.66601562499994
23.254784580498868,0.3478633917901044,0.07355988718578281,107.66601562499994
23.26639455782313,0.33640262060344545,0.07367499943555637,107.66601562499994
23.278004535147392,0.32618372137506507,0.07395611413420493,107.66601562499994
23.289614512471655,0.3174607769218928,0.07412696753160235,107.66601562499994
23.301224489795917,0.3097426469280574,0.07449510870819413,107.66601562499994
23.312834467120183,0.30380901498945295,0.07490102253283049,107.66601562499994
23.324444444444445,0.3004261603565028,0.07576184566064209,107.66601562499994
23.336054421768708,0.30000848321736784,0.0765269287505059,107.66601562499994
23.34766439909297,0.3029904036482913,0.07672286925603011,107.66601562499994
23.359274376417233,0.30882855086646155,0.07596146103877315,107.66601562499994
23.370884353741495,0.31468071883674165,0.07502424554092474,107.66601562499994
23.38249433106576,0.32178980158625753,0.0740096254582964,107.66601562499994
23.394104308390023,0.3285478165979254,0.07273823834556342,107.66601562499994
23.405714285714286,0.3355710030821838,0.07166491788009667,107.66601562499994
23.417324263038548,0.3438833315841747,0.07080197655277322,107.66601562499994
23.42893424036281,0.3505625714932388,0.07020621565739082,107.66601562499994
23.440544217687076,0.3574982190718428,0.06966625642548076,107.66601562499994
23.45215419501134,0.3637048600101649,0.0692787462943642,107.66601562499994
23.4637641723356,0.36945329423980255,0.06903608963570805,107.66601562499994
23.475374149659864,0.37541823463781776,0.06864933142376152,107.66601562499994
23.486984126984126,0.3806654677956443,0.06855880752883078,107.66601562499994
23.49859410430839,0.38569288368185906,0.06843773775602287,107.66601562499994
23.510204081632654,0.3904247275863936,0.06796563321352733,107.66601562499994
23.521814058956917,0.39558644515171193,0.0674193478849045,107.66601562499994
23.53342403628118,0.4016475883005986,0.0669352126358351,107.66601562499994
23.54503401360544,0.40849614761678094,0.0660201375776655,107.66601562499994
23.556643990929704,0.41543914043018193,0.0651618443984288,107.66601562499994
23.56825396825397,0.4229038040137276,0.06461353153944119,107.66601562499994
23.579863945578232,0.42925905476203424,0.06420807282998622,107.66601562499994
23.591473922902495,0.4335116116837847,0.06405485938228517,107.66601562499994
23.603083900226757,0.4368402750102941,0.06456498809354314,107.66601562499994
23.61469387755102,0.43694049856501743,0.0658888852842807,107.66601562499994
23.62630385487528,0.4354164639684201,0.0673963470443356,107.66601562499994
23.637913832199548,0.4322912314926867,0.06883226771667733,107.66601562499994
23.64952380952381,0.42718200261871214,0.06995728248466151,107.66601562499994
23.661133786848072,0.4207351005328854,0.07096162728965066,107.66601562499994
23.672743764172335,0.4138189780510883,0.07197718492434015,107.66601562499994
23.684353741496597,0.40587015370739454,0.07279980687320442,107.66601562499994
23.695963718820863,0.3979454800092522,0.07389219752921918,107.66601562499994
23.707573696145126,0.3890761656345475,0.07463084204502965,107.66601562499994
23.719183673469388,0.37982811102877695,0.07570600163789004,107.66601562499994
23.73079365079365,0.3711632937217387,0.0768999700879111,107.66601562499994
23.742403628117913,0.36230288142508743,0.07851893948047058,107.66601562499994
23.754013605442175,0.35441738370083276,0.08041558787627538,107.66601562499994
23.76562358276644,0.3470737773834541,0.08239969578397326,107.66601562499994
23.777233560090703,0.33896373521504586,0.0842489164328414,107.66601562499994
23.788843537414966,0.33198074177563086,0.08592788751038344,107.66601562499994
23.800453514739228,0.3250211309724133,0.0872964309104464,107.66601562499994
23.81206349206349,0.31775463296076506,0.08840481535490015,107.66601562499994
23.823673469387757,0.3102765208837064,0.08942547228901392,107.66601562499994
23.83528344671202,0.30160299475042596,0.09010217102209316,107.66601562499994
23.84689342403628,0.29223077502284917,0.0910881797209227,107.66601562499994
23.858503401360544,0.2827024869649462,0.09240526053714333,107.66601562499994
23.870113378684806,0.27362253977756285,0.09445745927616417,107.66601562499994
23.881723356009072,0.26557910367851395,0.09676127086560597,107.66601562499994
23.893333333333334,0.26114114413423783,0.0998547699164217,107.66601562499994
23.904943310657597,0.2584973593964555,0.10150112039421018,107.66601562499994
23.91655328798186,0.2607924279044225,0.1022166413873022,107.66601562499994
23.92816326530612,0.26554873898764764,0.10195984922370643,107.66601562499994
23.939773242630384,0.27269869033036487,0.10085751624690685,107.66601562499994
23.95138321995465,0.28083371945819785,0.09927287723166317,107.66601562499994
23.962993197278912,0.28799278612234674,0.09826415511788252,107.66601562499994
23.974603174603175,0.2945462582523411,0.09759705720598212,107.66601562499994
23.986213151927437,0.2986424677948137,0.09698600904653103,107.66601562499994
23.9978231292517,0.3021350178201914,0.09634776315236249,107.66601562499994
24.009433106575965,0.3056738225000314,0.09647898374352849,107.66601562499994
24.021043083900228,0.30813483850420037,0.09692375522234943,107.66601562499994
24.03265306122449,0.3098592943878039,0.09758080238528845,107.66601562499994
24.044263038548753,0.3106871343359419,0.09818223023599705,107.66601562499994
24.055873015873015,0.3111455068080335,0.09825733206676171,107.66601562499994
24.067482993197277,0.31280185975372143,0.09803649955072793,107.66601562499994
24.079092970521543,0.31547377179286373,0.09743601340396656,107.66601562499994
24.090702947845806,0.3186330932217425,0.09616683106260182,107.66601562499994
24.102312925170068,0.32143681299204274,0.09497509734046271,107.66601562499994
24.11392290249433,0.3235449720131444,0.09426783392741464,107.66601562499994
24.125532879818593,0.32517203231573033,0.09413166801189968,107.66601562499994
24.13714285714286,0.32600698509670245,0.09460182801583783,107.66601562499994
24.14875283446712,0.3266209152811876,0.09563668755199335,107.66601562499994
24.160362811791384,0.3271172250830136,0.09695532877275018,107.66601562499994
24.171972789115646,0.3276884424522696,0.09807540133969121,107.66601562499994
24.18358276643991,0.3286119203895198,0.09860761776511479,107.66601562499994
24.19519274376417,0.3282144847116651,0.09819223574722798,107.66601562499994
24.206802721088437,0.3264988084577691,0.09835230632954856,107.66601562499994
24.2184126984127,0.3228472846610385,0.09843716482091756,107.66601562499994
24.23002267573696,0.31723270063428965,0.09878002665768827,107.66601562499994
24.241632653061224,0.3102910539197128,0.09941131641462664,107.66601562499994
24.253242630385486,0.30291970263968715,0.09982416587100766,107.66601562499994
24.264852607709752,0.29526984551208435,0.10001587278235377,107.66601562499994
24.276462585034015,0.28804484582798834,0.1002932937001928,107.66601562499994
24.288072562358277,0.2813827478543846,0.10125536462669857,107.66601562499994
24.29968253968254,0.27490111208738655,0.10273527564652112,107.66601562499994
24.3112925170068,0.26897702945380736,0.10462265110992983,107.66601562499994
24.322902494331064,0.26357470005558525,0.10636845435258767,107.66601562499994
24.33451247165533,0.25992517125061465,0.10832439119735254,107.66601562499994
24.346122448979592,0.2584279503428491,0.10951496829271773,107.66601562499994
24.357732426303855,0.2573787754299945,0.11018355135820096,107.66601562499994
24.369342403628117,0.25756682776808926,0.11064890016951495,107.66601562499994
24.38095238095238,0.25855472936200097,0.11044445322743693,107.66601562499994
24.392562358276646,0.2584927238519278,0.11015659606132203,107.66601562499994
24.404172335600908,0.25865969424995916,0.10995506965145438,107.66601562499994
24.41578231292517,0.25845124884787,0.11014361148956185,107.66601562499994
24.427392290249433,0.2573025534170542,0.1106130060817758,107.66601562499994
24.439002267573695,0.25733087147127987,0.1112754826752605,107.66601562499994
24.450612244897957,0.25883552757589257,0.11277994222062175,107.66601562499994
24.462222222222223,0.26081159481899285,0.11425941496507473,107.66601562499994
24.473832199546486,0.26268171342245705,0.11554737072098716,107.66601562499994
24.485442176870748,0.2670209062974328,0.11733403060800077,107.66601562499994
24.49705215419501,0.2736365388721422,0.11823291063195603,107.66601562499994
24.508662131519273,0.28414222212267587,0.11843258640968499,107.66601562499994
24.52027210884354,0.295028214942261,0.11845673818213304,107.66601562499994
24.5318820861678,0.3054344176579669,0.11873996476799833,107.66601562499994
24.543492063492064,0.3141299944893136,0.12011438797074007,107.66601562499994
24.555102040816326,0.32007617696689383,0.12218206437534927,107.66601562499994
24.56671201814059,0.3284873895886394,0.1246782234581892,107.66601562499994
24.57832199546485,0.338476258353772,0.1264359808412124,107.66601562499994
24.589931972789117,0.35213713893957127,0.1274094724803181,107.66601562499994
24.60154195011338,0.36836416035003133,0.1277398190448283,107.66601562499994
24.61315192743764,0.38573036120555965,0.12715155462520722,107.66601562499994
24.624761904761904,0.40369973928163616,0.1259996990425162,107.66601562499994
24.636371882086166,0.4193015902492359,0.1238609709875486,107.66601562499994
24.647981859410432,0.43204682209509265,0.12256621334556622,107.66601562499994
24.659591836734695,0.44261018684641945,0.12243686394994725,107.66601562499994
24.671201814058957,0.45004789846613036,0.12221736153618006,107.66601562499994
24.68281179138322,0.45608935741865847,0.12300513640461759,107.66601562499994
24.694421768707482,0.46180996588640033,0.12401721875297415,107.66601562499994
24.706031746031748,0.466333129487937,0.1253313990084765,107.66601562499994
24.71764172335601,0.470765094894132,0.12604733929096973,107.66601562499994
24.729251700680273,0.47560691407302796,0.12667604897310508,107.66601562499994
24.740861678004535,0.47984533279221436,0.1270174331583863,107.66601562499994
24.752471655328797,0.4830707055244764,0.12598694395866195,107.66601562499994
24.76408163265306,0.48671243012159787,0.12405198188775156,107.66601562499994
24.775691609977326,0.4897891280712838,0.12200465735616818,107.66601562499994
24.787301587301588,0.4895551959206025,0.11989294110014162,107.66601562499994
24.79891156462585,0.48655519811549364,0.11875059175223196,107.66601562499994
24.810521541950113,0.47932737878751147,0.11795751907831653,107.66601562499994
24.822131519274375,0.4710899311975283,0.11739537405026709,107.7541220207651
24.83374149659864,0.46364016216415355,0.11660684390541508,107.84222841653022
24.845351473922904,0.456808906381929,0.1150394278478074,107.93033481229537
24.856961451247166,0.45212554785750725,0.11317375276213348,108.0184412080605
24.86857142857143,0.4459360655142844,0.11114170019187182,108.10654760382565
24.88018140589569,0.43784787662722136,0.10916957089300534,108.19465399959077
24.891791383219953,0.42761542311662076,0.10753619004077873,108.28276039535592
24.90340136054422,0.4154934050390338,0.10615004183981865,108.37086679112105
24.91501133786848,0.4022840564775881,0.10475094923735132,108.4589731868862
24.926621315192744,0.3892001549971631,0.10347083628381991,108.54707958265132
24.938231292517006,0.37723885328915935,0.10286318797702082,108.63518597841647
24.94984126984127,0.366400808576332,0.10214915102362852,108.7232923741816
24.961451247165535,0.3573229505076686,0.1007074999661369,108.81139876994675
24.973061224489797,0.3489190189811103,0.09909138484386286,108.89950516571187
24.98467120181406,0.34048372318535103,0.09791795496890104,108.98761156147702
24.99628117913832,0.33249309730867677,0.09697754400724969,109.07571795724218
25.007891156462584,0.3257172181662017,0.09587457060250215,109.1638243530073
25.019501133786846,0.3212886588231827,0.09497576623307451,109.25193074877245
25.031111111111112,0.319851854095938,0.0936060764135441,109.34003714453758
25.042721088435375,0.32109282393476934,0.09195307353784071,109.42814354030273
25.054331065759637,0.32482917444793913,0.0905710893642421,109.51624993606785
25.0659410430839,0.3300284178499106,0.08956288407464587,109.604356331833
25.077551020408162,0.338012507317257,0.08851857527115593,109.69246272759815
25.089160997732428,0.34686654813500567,0.08733815682332492,109.78056912336328
25.10077097505669,0.35620130200062927,0.08606768362953567,109.86867551912843
25.112380952380953,0.36566794856156937,0.08543816923814375,109.95678191489355
25.123990929705215,0.37412797392533215,0.08471878934735531,109.95678191489355
25.135600907029477,0.38315120253905166,0.08408257978022143,109.95678191489355
25.14721088435374,0.3921350269418303,0.08341853627937526,109.95678191489355
25.158820861678006,0.4028073174102669,0.08309652916839406,109.95678191489355
25.170430839002268,0.41368433068447746,0.08265695747838751,109.95678191489355
25.18204081632653,0.42452142996279657,0.08216294694643758,109.95678191489355
25.193650793650793,0.4360345865510378,0.08163012980691126,109.95678191489355
25.205260770975055,0.44674924331421423,0.08100208872785009,109.95678191489355
25.21687074829932,0.4582774777086545,0.08049243734467823,109.95678191489355
25.228480725623584,0.4698325124642154,0.08002268318739089,109.95678191489355
25.240090702947846,0.48212133600940826,0.07951329671682757,109.95678191489355
25.25170068027211,0.49434953096368445,0.07869306420523983,109.95678191489355
25.26331065759637,0.5052842640558575,0.0781013538749807,109.95678191489355
25.274920634920633,0.5162041242553903,0.07810136777897292,109.95678191489355
25.2865306122449,0.5261365135126774,0.07760057512417565,109.95678191489355
25.29814058956916,0.5355005566894754,0.07722771976732931,109.95678191489355
25.309750566893424,0.5443523767773568,0.07711904117551066,109.95678191489355
25.321360544217686,0.5513035136552409,0.0769639997973505,109.95678191489355
25.33297052154195,0.5555287137839312,0.07708069381957869,109.95678191489355
25.344580498866215,0.557528866699991,0.07742573426200766,109.95678191489355
25.356190476190477,0.5568360939413645,0.07784122141915102,109.95678191489355
25.36780045351474,0.553872915604219,0.07823406726449375,109.95678191489355
25.379410430839002,0.5483081364009849,0.07842443268309253,109.95678191489355
25.391020408163264,0.5420798604225875,0.07855464516396408,109.95678191489355
25.402630385487527,0.5342415986055269,0.07867195188000425,109.95678191489355
25.414240362811793,0.5263728962962431,0.07843900183370706,109.95678191489355
25.425850340136055,0.5185508393099538,0.07862364788138941,109.95678191489355
25.437460317460317,0.5084882333170251,0.07878588791402984,109.95678191489355
25.44907029478458,0.4980798198672352,0.07901800677187326,109.95678191489355
25.460680272108842,0.4850778063429451,0.07936309504930021,109.95678191489355
25.472290249433108,0.4712712188892421,0.0796476861305848,109.95678191489355
25.48390022675737,0.4580577370713818,0.0804871601667718,109.95678191489355
25.495510204081633,0.4443103113273894,0.08117329501495942,109.95678191489355
25.507120181405895,0.4312838464510655,0.08215338600231763,109.95678191489355
25.518730158730158,0.4176737502755491,0.08340516032586567,109.95678191489355
25.530340136054424,0.4036344468248053,0.08453288622132991,109.95678191489355
25.541950113378686,0.3895964294981856,0.08536742535703389,109.95678191489355
25.55356009070295,0.376120902388977,0.08631704522804427,109.95678191489355
25.56517006802721,0.3639761364074353,0.08702540116501115,109.95678191489355
25.576780045351473,0.35176363983090775,0.08751263435485747,109.95678191489355
25.588390022675735,0.3405759259569192,0.08825868877746375,109.95678191489355
25.6,0.33042789849844195,0.08877853816387613,109.95678191489355
25.611609977324264,0.3217440533848184,0.0885548557098379,109.95678191489355
25.623219954648526,0.31615672369435055,0.08827605897820304,109.95678191489355
25.63482993197279,0.3124815082251207,0.08749941616973957,109.95678191489355
25.64643990929705,0.3097641012110507,0.0864371659401945,109.95678191489355
25.658049886621317,0.3099516970750392,0.08528397580371597,109.95678191489355
25.66965986394558,0.3120917676344802,0.083873463849179,109.95678191489355
25.68126984126984,0.3157670339156088,0.08225604711673262,109.95678191489355
25.692879818594104,0.32154779367561276,0.08060653158833664,109.95678191489355
25.704489795918366,0.3290908217016629,0.07915310739017462,109.95678191489355
25.71609977324263,0.33626570002910483,0.07768707312122178,109.95678191489355
25.727709750566895,0.3439990877532393,0.07601106679373147,109.95678191489355
25.739319727891157,0.3526562582860161,0.07448097992861105,109.95678191489355
25.75092970521542,0.35976357428082517,0.07299741460553508,109.95678191489355
25.762539682539682,0.3662054634813028,0.07156485057822146,109.95678191489355
25.774149659863944,0.37248358509933027,0.07026653115281196,109.95678191489355
25.78575963718821,0.3768202681997036,0.0685906013466453,109.95678191489355
25.797369614512473,0.37971719115288893,0.06710202610279804,109.95678191489355
25.808979591836735,0.382231536327185,0.0655159448416213,109.95678191489355
25.820589569160997,0.3830558169434689,0.06395713375754793,109.95678191489355
25.83219954648526,0.3825167535102985,0.06275941923477284,109.95678191489355
25.843809523809522,0.3817236730657722,0.061796436664446466,109.95678191489355
25.855419501133788,0.38026853190695703,0.061004160921541095,109.95678191489355
25.86702947845805,0.3779203224827829,0.06068562277282944,109.95678191489355
25.878639455782313,0.37572032636918706,0.060652191127679216,109.95678191489355
25.890249433106575,0.3731737781128709,0.060893158234656034,109.95678191489355
25.901859410430838,0.3706918617587025,0.06129365040736499,109.95678191489355
25.913469387755104,0.3678937837751204,0.062282113122871095,109.95678191489355
25.925079365079366,0.3637236887340653,0.06336124828354855,109.95678191489355
25.93668934240363,0.35909474725419144,0.06507271254431583,109.95678191489355
25.94829931972789,0.354515523134728,0.0669345760261535,109.95678191489355
25.959909297052153,0.34886318420129075,0.06844742383490733,109.95678191489355
25.971519274376416,0.34361504725805314,0.06998417011507085,109.95678191489355
25.98312925170068,0.3406424845463075,0.07105541942948074,109.95678191489355
25.994739229024944,0.33750207763846957,0.07168763267909453,109.95678191489355
26.006349206349206,0.33514663626504293,0.07203275847877653,109.95678191489355
26.01795918367347,0.333780447582244,0.07237288735637011,109.95678191489355
26.02956916099773,0.3305295622789494,0.072626644218191,109.95678191489355
26.041179138321997,0.32657181516039896,0.07280967069538238,109.95678191489355
26.05278911564626,0.3225005009493372,0.07296567320174038,109.95678191489355
26.064399092970522,0.3182290544960043,0.07299545226939705,109.95678191489355
26.076009070294784,0.3137710359134941,0.07293671111701591,109.95678191489355
26.087619047619047,0.3100471343155027,0.07290242232411322,109.95678191489355
26.09922902494331,0.3075029575587858,0.07287142903950453,109.95678191489355
26.110839002267575,0.30452639653370095,0.07273733078736781,109.95678191489355
26.122448979591837,0.3031082439381841,0.07229109237899055,109.95678191489355
26.1340589569161,0.30253377294144823,0.07170858901770641,109.95678191489355
26.145668934240362,0.3021794690687412,0.07127992602701616,109.95678191489355
26.157278911564624,0.30241985183161,0.070621212035587,109.95678191489355
26.16888888888889,0.3032311704158371,0.06997477207863667,109.95678191489355
26.180498866213153,0.3045496625524259,0.0695480612961937,109.95678191489355
26.192108843537415,0.3057894445590027,0.06875322492736166,109.95678191489355
26.203718820861678,0.30687217281761164,0.06824004320568496,109.95678191489355
26.21532879818594,0.3087956189252388,0.06797250150131397,109.95678191489355
26.226938775510202,0.31068548419870745,0.06825358392180317,109.95678191489355
26.23854875283447,0.31547331448577554,0.06841698189472044,109.95678191489355
26.25015873015873,0.3211490110659518,0.06799939036194136,109.95678191489355
26.261768707482993,0.32759736920421967,0.06730067028253245,109.95678191489355
26.273378684807255,0.3342182037511799,0.06659602689846982,109.95678191489355
26.284988662131518,0.3382188977528861,0.06673803173368499,109.95678191489355
26.296598639455784,0.3417391627535609,0.06702481328312396,109.95678191489355
26.308208616780046,0.3440554356499373,0.06723860337565409,109.95678191489355
26.31981859410431,0.34807584466833413,0.0674538666401001,109.95678191489355
26.33142857142857,0.35255006391670607,0.06738066135417828,109.95678191489355
26.343038548752833,0.35871163636685666,0.06751657316915259,109.95678191489355
26.354648526077096,0.36658710248953946,0.06804346742108953,109.95678191489355
26.36625850340136,0.37383656935232606,0.06898725542092088,109.95678191489355
26.377868480725624,0.38500740451314913,0.0699566351124986,109.95678191489355
26.389478458049886,0.395849904846404,0.07105239067162557,109.95678191489355
26.40108843537415,0.40725829562937216,0.07211874266169184,109.95678191489355
26.41269841269841,0.4191477209912464,0.07324137467265027,109.95678191489355
26.424308390022677,0.4284232065254704,0.07433959619415824,109.95678191489355
26.43591836734694,0.4389222925589943,0.07537133828451219,109.95678191489355
26.447528344671202,0.4490453513836495,0.07603877454284932,109.95678191489355
26.459138321995464,0.4585872437026894,0.07634489728386491,109.95678191489355
26.470748299319727,0.4684556291262157,0.07658942885778865,109.95678191489355
26.482358276643993,0.47774741361817097,0.07643722151503028,109.95678191489355
26.493968253968255,0.4870846039559856,0.07646477065584945,109.95678191489355
26.505578231292517,0.4972824670583095,0.07648664491954926,109.95678191489355
26.51718820861678,0.506021634667856,0.07654711848085047,109.95678191489355
26.528798185941042,0.5136598358790927,0.07614430494504264,109.95678191489355
26.540408163265305,0.5176952902173926,0.07546819565908126,109.95678191489355
26.55201814058957,0.5189827787659629,0.07518183270718058,109.95678191489355
26.563628117913833,0.5174896186451826,0.0755751320567086,109.95678191489355
26.575238095238095,0.5134378378607473,0.07574950929249356,109.95678191489355
26.586848072562358,0.5070227906704875,0.07555402878093607,109.95678191489355
26.59845804988662,0.4984488575245976,0.07566530722816694,109.95678191489355
26.610068027210886,0.48958498335498013,0.07632483859451888,109.95678191489355
26.62167800453515,0.4773504352474044,0.07745555000722168,109.95678191489355
26.63328798185941,0.4669430055492924,0.07940728910541243,109.95678191489355
26.644897959183673,0.4558291638461754,0.08148864181863509,109.95678191489355
26.656507936507936,0.4436204331810243,0.08360592199885518,109.95678191489355
26.668117913832198,0.4345375972122532,0.08562987345163613,109.95678191489355
26.679727891156464,0.42227036789102024,0.0880327478744448,109.95678191489355
26.691337868480726,0.4113994978586591,0.08983287434660814,109.95678191489355
26.70294784580499,0.4001949935675915,0.09166724361142531,109.95678191489355
26.71455782312925,0.38832363891604693,0.0932198698439547,109.95678191489355
26.726167800453513,0.37860664546220385,0.09457559017452999,109.95678191489355
26.73777777777778,0.36860502957435637,0.09595574652481614,109.95678191489355
26.749387755102042,0.35900860276031415,0.09717567708442312,109.95678191489355
26.760997732426304,0.35038049330165855,0.0988529215577566,109.95678191489355
26.772607709750567,0.3420471761535821,0.10136438017450168,109.95678191489355
26.78421768707483,0.3334322111500295,0.10441864411619674,109.95678191489355
26.79582766439909,0.3265492929945515,0.10723769141696736,109.95678191489355
26.807437641723357,0.32026541713724316,0.10979064165572056,109.95678191489355
26.81904761904762,0.31482147029505053,0.11133336770249101,109.95678191489355
26.830657596371882,0.3109305299945082,0.11304004633705586,109.95678191489355
26.842267573696144,0.3064300593201179,0.11442129401546536,109.95678191489355
26.853877551020407,0.3028037382251361,0.11529785683575162,109.95678191489355
26.865487528344673,0.299694973802469,0.11605851489050442,109.95678191489355
26.877097505668935,0.2970221346544211,0.11689699195709188,109.95678191489355
26.888707482993198,0.2962462344625247,0.11815879882948807,109.95678191489355
26.90031746031746,0.296017660051718,0.11946007757381628,109.95678191489355
26.911927437641722,0.29587496524652984,0.1209450541170053,109.95678191489355
26.923537414965985,0.29629460155920107,0.12248246674856186,109.95678191489355
26.93514739229025,0.2978235765717182,0.1238816395291129,109.95678191489355
26.946757369614513,0.2996156622594922,0.1248352992748068,109.95678191489355
26.958367346938775,0.3030182635624468,0.1250313637669232,109.95678191489355
26.969977324263038,0.3060556364344767,0.1244603763756164,109.95678191489355
26.9815873015873,0.308519638678921,0.12332035621945239,109.95678191489355
26.993197278911566,0.31131869624927133,0.12252577463155699,109.95678191489355
27.00480725623583,0.31321916371694475,0.12160302574419234,109.95678191489355
27.01641723356009,0.31641801430405614,0.12080022395488134,109.95678191489355
27.028027210884353,0.3195836738925596,0.12031283906877412,109.95678191489355
27.039637188208616,0.32265573213280796,0.12032271769349134,109.95678191489355
27.051247165532878,0.32711737168783606,0.12119558552986728,109.95678191489355
27.062857142857144,0.33164203965476663,0.12212572762142805,109.95678191489355
27.074467120181406,0.3373303992264812,0.1226840238994789,109.95678191489355
27.08607709750567,0.34416236137739564,0.12216520575868856,109.95678191489355
27.09768707482993,0.3494129647801745,0.1213919382478979,109.95678191489355
27.109297052154194,0.3534509463856975,0.12072056692872186,109.95678191489355
27.12090702947846,0.35633520634734456,0.120171999096441,109.95678191489355
27.132517006802722,0.3580488084761958,0.11890742252039924,109.95678191489355
27.144126984126984,0.3603963790032175,0.11774946077686224,109.95678191489355
27.155736961451247,0.36195032098359275,0.11705502723117941,109.95678191489355
27.16734693877551,0.3625534657178451,0.11700010693487133,109.95678191489355
27.17895691609977,0.3620805202266137,0.11832542189392779,109.95678191489355
27.190566893424037,0.3605829044854059,0.12036424554403606,109.95678191489355
27.2021768707483,0.35927752098569643,0.12298839056291366,109.95678191489355
27.213786848072562,0.3581158818484266,0.12550973073149385,109.95678191489355
27.225396825396825,0.3566973902292578,0.12778351909273195,109.95678191489355
27.237006802721087,0.35409480977640095,0.12966819132577664,109.95678191489355
27.248616780045353,0.35178124990222165,0.1310584582310649,109.95678191489355
27.260226757369615,0.3497705181154516,0.13146309636577982,109.95678191489355
27.271836734693878,0.34847941359225504,0.13207451796942274,109.95678191489355
27.28344671201814,0.3480512450455141,0.13244133118945203,109.95678191489355
27.295056689342402,0.34779358457112786,0.13280873837093624,109.95678191489355
27.30666666666667,0.3492906963582585,0.13383110210911656,109.95678191489355
27.31827664399093,0.352305943563847,0.135129229749373,109.95678191489355
27.329886621315193,0.3568462840860857,0.1369189912841855,109.95678191489355
27.341496598639456,0.36158514752947646,0.13846280484836113,109.95678191489355
27.353106575963718,0.36652466716078236,0.14075652019660498,109.95678191489355
27.36471655328798,0.3704817104095887,0.14253703210879437,109.95678191489355
27.376326530612246,0.3749383304154121,0.1431024076987505,109.95678191489355
27.38793650793651,0.38201070864847314,0.14393165378984593,109.95678191489355
27.39954648526077,0.38889272718344975,0.14393029106793254,109.95678191489355
27.411156462585033,0.3960457064155395,0.14328707254462283,109.95678191489355
27.422766439909296,0.4022017861827402,0.14317093446436258,109.95678191489355
27.434376417233562,0.4059107765709219,0.14312605526630245,109.95678191489355
27.445986394557824,0.4097958743360972,0.14382493929142734,109.95678191489355
27.457596371882087,0.41522935725908805,0.14503763422049606,109.95678191489355
27.46920634920635,0.4239152465104064,0.14558808908363538,109.95678191489355
27.48081632653061,0.4353158255886879,0.14544081357908448,109.95678191489355
27.492426303854874,0.4495526148980613,0.1447085940001939,109.95678191489355
27.50403628117914,0.46735515168830805,0.14304339859638102,109.95678191489355
27.515646258503402,0.48570012382264127,0.1408118392905511,109.95678191489355
27.527256235827664,0.5041796725201201,0.13824947792108466,109.95678191489355
27.538866213151927,0.5221949895505014,0.1355833722522446,109.95678191489355
27.55047619047619,0.5368733051050968,0.13319234386417902,109.95678191489355
27.562086167800455,0.5487272404381929,0.1318059192436486,109.95678191489355
27.573696145124718,0.5603039343903055,0.13044019526486017,109.95678191489355
27.58530612244898,0.5693176703417718,0.12997963301545648,109.95678191489355
27.596916099773242,0.5771677888238473,0.13058201871426545,109.95678191489355
27.608526077097505,0.5847150150789037,0.13144074006217743,109.95678191489355
27.620136054421767,0.5890680371201419,0.13261743324903935,109.95678191489355
27.631746031746033,0.5922432576754179,0.13375371632942906,109.95678191489355
27.643356009070295,0.5942973861555945,0.13492700374324906,109.95678191489355
27.654965986394558,0.5936339193677813,0.13409296607092533,109.95678191489355
27.66657596371882,0.5935878138170875,0.133472932588892,109.95678191489355
27.678185941043083,0.5908556846801092,0.13355966371000721,109.95678191489355
27.68979591836735,0.5839716686544267,0.1333869270859256,109.95678191489355
27.70140589569161,0.5764612335459475,0.13454176470618792,109.95678191489355
27.713015873015873,0.5668420230097266,0.13676907919969852,109.95678191489355
27.724625850340136,0.5596309432869252,0.1392666235428279,109.95678191489355
27.736235827664398,0.5560371942849657,0.14246416444696774,109.95678191489355
27.74784580498866,0.5528090627164994,0.14552118357377478,109.95678191489355
27.759455782312926,0.55053507364965,0.14866046902243119,109.95678191489355
27.77106575963719,0.5452585894978187,0.15114371473477978,109.95678191489355
27.78267573696145,0.5385212249415665,0.15317186735770597,109.95678191489355
27.794285714285714,0.5299000983705616,0.155063572728841,109.95678191489355
27.805895691609976,0.5158741351256781,0.15674247967165533,109.95678191489355
27.817505668934242,0.5008373349619903,0.15861678538229498,109.95678191489355
27.829115646258504,0.48405597656140364,0.1603972256436309,109.95678191489355
27.840725623582767,0.4658800422862908,0.16237893109255436,109.95678191489355
27.85233560090703,0.4510374901804098,0.16542923833473494,109.95678191489355
27.86394557823129,0.43841384787618326,0.16901530701590042,109.95678191489355
27.875555555555554,0.42738801404755605,0.1730763375808701,109.95678191489355
27.88716553287982,0.4213011200948003,0.17679638861211727,109.95678191489355
27.898775510204082,0.4200552606519478,0.17991514654370827,109.95678191489355
27.910385487528345,0.4205482310291535,0.1820376861202741,109.95678191489355
27.921995464852607,0.4230178259143813,0.18346524022444732,109.95678191489355
27.93360544217687,0.42636116388382794,0.18434094932219702,109.95678191489355
27.945215419501135,0.4286666080149104,0.18495877403507996,109.95678191489355
27.956825396825398,0.4316773029741656,0.18556405788948652,109.95678191489355
27.96843537414966,0.4359548168679909,0.1868610837309789,109.95678191489355
27.980045351473922,0.4413808579302789,0.18814437080569363,109.95678191489355
27.991655328798185,0.44967885414491227,0.1895254402511626,109.95678191489355
28.003265306122447,0.4580596371031999,0.1906028922549146,109.95678191489355
28.014875283446713,0.46663903627661757,0.19163156182163366,109.95678191489355
28.026485260770976,0.47327963165427533,0.19297122061160843,109.95678191489355
28.038095238095238,0.47603286022393776,0.19352130173304163,109.95678191489355
28.0497052154195,0.478779773124488,0.19389955812067605,109.95678191489355
28.061315192743763,0.47933384939126567,0.1942917055559372,109.95678191489355
28.07292517006803,0.4799923649343937,0.1951604944117076,109.95678191489355
28.08453514739229,0.48009492167154677,0.19522703764413996,109.95678191489355
28.096145124716553,0.4814817733044905,0.19538199340515058,109.95678191489355
28.107755102040816,0.48529686893291407,0.19533993370017752,109.95678191489355
28.11936507936508,0.49163401398564915,0.19480629376721398,109.95678191489355
28.130975056689344,0.5024749766342322,0.1946242538603891,109.95678191489355
28.142585034013607,0.5149988835111554,0.19410119470386808,109.95678191489355
28.15419501133787,0.5272914363165192,0.19250121297586434,109.95678191489355
28.16580498866213,0.5376745704302213,0.19080882409819128,109.95678191489355
28.177414965986394,0.5437812110529814,0.1892044311689818,109.95678191489355
28.189024943310656,0.5453661991034544,0.18744344266739663,109.95678191489355
28.200634920634922,0.5414919767505622,0.18533438986235343,109.95678191489355
28.212244897959184,0.534644197105481,0.1835995614412023,109.95678191489355
28.223854875283447,0.5277127694134138,0.18189708840822025,109.95678191489355
28.23546485260771,0.5208063228498979,0.1798533691277607,109.95678191489355
28.24707482993197,0.516099838247718,0.17763843862020917,109.95678191489355
28.258684807256238,0.5120505897283976,0.17580017719212074,109.95678191489355
28.2702947845805,0.5052189432776405,0.17363718605752101,109.95678191489355
28.281904761904762,0.49658114124106484,0.17165086255284784,109.95678191489355
28.293514739229025,0.48573235106113805,0.17006676611220717,109.95678191489355
28.305124716553287,0.47501424908463435,0.16834715981393092,109.95678191489355
28.31673469387755,0.46604327092942216,0.16615512537223973,109.95678191489355
28.328344671201815,0.4572898618275501,0.16408620266732146,109.95678191489355
28.339954648526078,0.4504432550210486,0.1624045824435191,109.95678191489355
28.35156462585034,0.44299476711390623,0.16031197493242003,109.95678191489355
28.363174603174603,0.4350387058230684,0.15808352416022958,109.95678191489355
28.374784580498865,0.42781100644448644,0.15588394591938992,109.95678191489355
28.38639455782313,0.4209032729238644,0.15477113563000855,109.95678191489355
28.398004535147393,0.4117790527460678,0.1534427601389648,109.95678191489355
28.409614512471656,0.4024250844859029,0.15236245553867192,109.95678191489355
28.421224489795918,0.3906171847330173,0.15140342641421717,109.95678191489355
28.43283446712018,0.3768832191442852,0.15032243998210232,109.95678191489355
28.444444444444443,0.3639819639491274,0.1492043377047487,109.95678191489355
28.45605442176871,0.35127056366499493,0.14875622343869888,109.95678191489355
28.46766439909297,0.3417948184422621,0.14887127494716565,109.95678191489355
28.479274376417234,0.3351287571405608,0.1493890331232949,109.95678191489355
28.490884353741496,0.332569426776288,0.1501728973597222,109.95678191489355
28.50249433106576,0.33343307578528913,0.15093986528102155,109.95678191489355
28.514104308390024,0.33615769808897267,0.15101653822065508,109.95678191489355
28.525714285714287,0.34053820686845465,0.15140136866120876,109.95678191489355
28.53732426303855,0.346827893607816,0.15192885451082366,109.95678191489355
28.54893424036281,0.35291560888077017,0.1525257658041484,109.95678191489355
28.560544217687074,0.3586226397427974,0.15372951815604943,109.95678191489355
28.572154195011336,0.36462221886204216,0.15504397409781842,109.95678191489355
28.583764172335602,0.36912338091144736,0.1563334051448685,109.95678191489355
28.595374149659865,0.3733584926923093,0.15767805240111077,109.95678191489355
28.606984126984127,0.37770284838938445,0.15939227365262912,109.95678191489355
28.61859410430839,0.3812872355072564,0.16135452936964859,109.95678191489355
28.63020408163265,0.38525062524550696,0.1627354043156431,109.95678191489355
28.641814058956918,0.3899896561182688,0.1639319865597042,109.95678191489355
28.65342403628118,0.3956130239396349,0.1653391988298002,109.95678191489355
28.665034013605442,0.40262006223589425,0.1668431961327627,109.95678191489355
28.676643990929705,0.40919659130614516,0.16880913237769712,109.95678191489355
28.688253968253967,0.4152161444994655,0.17036113490735175,109.95678191489355
28.69986394557823,0.42301658477128207,0.17193262710552645,109.95678191489355
28.711473922902496,0.43236667133558,0.17291380869743242,109.95678191489355
28.723083900226758,0.4427161146615067,0.17432801326178377,109.95678191489355
28.73469387755102,0.45350697344605667,0.17587854518822338,109.95678191489355
28.746303854875283,0.46446892172435944,0.17766264659966233,109.95678191489355
28.757913832199545,0.47487333186291825,0.17903533942239488,109.95678191489355
28.76952380952381,0.48495854165392527,0.17953075911520644,109.95678191489355
28.781133786848073,0.4950065429744004,0.17923247499456937,109.95678191489355
28.792743764172336,0.5010622634108206,0.1783055734040477,109.95678191489355
28.804353741496598,0.503455775391093,0.17768054282935014,109.95678191489355
28.81596371882086,0.5028049516032513,0.17771850787434365,109.95678191489355
28.827573696145123,0.4987291742749247,0.1775355073683915,109.95678191489355
28.83918367346939,0.49209817318331733,0.17749536199656904,109.95678191489355
28.85079365079365,0.48512221094450586,0.17742444540101923,109.95678191489355
28.862403628117914,0.47800654597165515,0.177198565740487,109.95678191489355
28.874013605442176,0.47095080072208567,0.1769242574154316,109.95678191489355
28.88562358276644,0.46528949390502117,0.1763831408699371,109.95678191489355
28.897233560090704,0.45983977949583665,0.17581548048831175,109.95678191489355
28.908843537414967,0.45464385302797283,0.17496702344647874,109.95678191489355
28.92045351473923,0.4506438878854691,0.17365379735965739,109.95678191489355
28.93206349206349,0.4467204213059114,0.17154504352247424,109.95678191489355
28.943673469387754,0.44243072088622065,0.16928673728903149,109.95678191489355
28.955283446712016,0.4375960970053715,0.1670494265048714,109.95678191489355
28.966893424036282,0.43135004352628925,0.16417140916222211,109.95678191489355
28.978503401360545,0.4252428614652643,0.16108854813802526,109.86867551912842
28.990113378684807,0.41939895667588545,0.15832239092197523,109.78056912336328
29.00172335600907,0.41147234046384584,0.1561366773636873,109.69246272759814
29.013333333333332,0.4021379839306103,0.15524775932087573,109.604356331833
29.024943310657598,0.39358449216166747,0.1552655971266675,109.51624993606787
29.03655328798186,0.3862601760401871,0.1548026346799093,109.42814354030273
29.048163265306123,0.3808185665453342,0.15412493436162636,109.34003714453759
29.059773242630385,0.37746294209218856,0.153349119847378,109.25193074877245
29.071383219954647,0.37588379824304646,0.15296668657659732,109.16382435300731
29.082993197278913,0.3752603612356153,0.1525127460049901,109.07571795724218
29.094603174603176,0.3782063501573295,0.15210803739068526,108.98761156147704
29.106213151927438,0.38374186170692,0.15186283893018573,108.8995051657119
29.1178231292517,0.39135977480988754,0.15085093111167236,108.81139876994676
29.129433106575963,0.4008513458566064,0.14986259883245118,108.72329237418163
29.141043083900225,0.4099025659956288,0.14928507802698482,108.63518597841647
29.15265306122449,0.41809491177816277,0.14960556061391206,108.54707958265134
29.164263038548754,0.42536861508364116,0.1502886389457772,108.4589731868862
29.175873015873016,0.4326356495356623,0.15099073486179007,108.37086679112106
29.18748299319728,0.4398018415273746,0.15203236209305498,108.28276039535592
29.19909297052154,0.44698024670037456,0.15320376227739615,108.19465399959078
29.210702947845807,0.4530541211453192,0.15494137092030658,108.10654760382565
29.22231292517007,0.4576113695350915,0.157034982426559,108.0184412080605
29.23392290249433,0.4616397601864919,0.15933509388501024,107.93033481229536
29.245532879818594,0.4663348795830049,0.1619940001410861,107.84222841653022
29.257142857142856,0.47168804472082854,0.1643856984503971,107.75412202076508
29.26875283446712,0.4776370218528366,0.16709630488138694,107.66601562499994
29.280362811791385,0.48412313739673857,0.16978620906037853,107.66601562499994
29.291972789115647,0.4906355901637993,0.17195315940877523,107.66601562499994
29.30358276643991,0.497702605659094,0.17325598730324135,107.66601562499994
29.31519274376417,0.5043860821143339,0.17402207778411086,107.66601562499994
29.326802721088434,0.5100343494320204,0.17380810669418428,107.66601562499994
29.3384126984127,0.5145547900155766,0.17363991514300323,107.66601562499994
29.350022675736962,0.5168494470304624,0.17353450674790796,107.66601562499994
29.361632653061225,0.5170435168301329,0.17352509635836283,107.66601562499994
29.373242630385487,0.5151940536799761,0.17408535778774767,107.66601562499994
29.38485260770975,0.5113238579618091,0.17470183244171852,107.66601562499994
29.396462585034012,0.5054816407938523,0.1755149404287992,107.66601562499994
29.408072562358278,0.4981398245546749,0.1757742941162534,107.66601562499994
29.41968253968254,0.4882802470822425,0.17680705039021927,107.66601562499994
29.431292517006803,0.4771084814805861,0.1782531339546396,107.66601562499994
29.442902494331065,0.46562891988719635,0.17925724325766154,107.66601562499994
29.454512471655327,0.4555630461060945,0.1788075760432662,107.66601562499994
29.466122448979593,0.4470959812119086,0.17769405386102993,107.66601562499994
29.477732426303856,0.43962145428914406,0.1764184255075757,107.66601562499994
29.489342403628118,0.43392180531311947,0.17458007709817425,107.66601562499994
29.50095238095238,0.4290679895282417,0.17232191412298187,107.66601562499994
29.512562358276643,0.42589697053389974,0.16937399285980567,107.66601562499994
29.524172335600905,0.4231324583908011,0.16593127134974953,107.66601562499994
29.53578231292517,0.4198280431687307,0.1627959524192515,107.66601562499994
29.547392290249434,0.41569665263378197,0.1597778787287337,107.66601562499994
29.559002267573696,0.41089132139603485,0.1568519946321762,107.66601562499994
29.57061224489796,0.4079303154758038,0.15385072196848687,107.66601562499994
29.58222222222222,0.4068891746738153,0.15104029131301966,107.66601562499994
29.593832199546487,0.406321873985668,0.14905441638104835,107.66601562499994
29.60544217687075,0.40644117532589336,0.148379094902275,107.66601562499994
29.61705215419501,0.40756174762025876,0.14862396915643103,107.66601562499994
29.628662131519274,0.411132418024431,0.1486185493714679,107.66601562499994
29.640272108843536,0.4183988743869819,0.14864294203140485,107.66601562499994
29.6518820861678,0.42800833403654653,0.14895392407393623,107.66601562499994
29.663492063492065,0.43979989484856763,0.1502169419355673,107.66601562499994
29.675102040816327,0.4523964094297687,0.1507005041012046,107.66601562499994
29.68671201814059,0.46406001588511253,0.1507209888383748,107.66601562499994
29.698321995464852,0.4758622222063995,0.15139437423843458,107.66601562499994
29.709931972789114,0.48718077921845293,0.15225457909331713,107.66601562499994
29.72154195011338,0.4977216526242642,0.1524748490832331,107.66601562499994
29.733151927437643,0.507619062470706,0.15270844940869194,107.66601562499994
29.744761904761905,0.5163260136705211,0.15313679196214988,107.66601562499994
29.756371882086167,0.523283963507739,0.15442399651943892,107.66601562499994
29.76798185941043,0.5293834471496218,0.1555866750922897,107.66601562499994
29.779591836734692,0.5349727126901315,0.15689020332659867,107.66601562499994
29.791201814058958,0.5383905808861866,0.1580965216989167,107.66601562499994
29.80281179138322,0.5406371281958173,0.16001575461819093,107.66601562499994
29.814421768707483,0.5426420790878842,0.16225918827090074,107.66601562499994
29.826031746031745,0.545127438989416,0.16443987527180667,107.66601562499994
29.837641723356008,0.550034654747886,0.16608720048017608,107.66601562499994
29.849251700680274,0.5552724635479791,0.1676505857513861,107.66601562499994
29.860861678004536,0.5598832651800216,0.16906668796803997,107.66601562499994
29.8724716553288,0.5632958606003605,0.17029885379639167,107.66601562499994
29.88408163265306,0.5635816500420708,0.17124891650277063,107.66601562499994
29.895691609977323,0.563004893342876,0.17189821377083833,107.66601562499994
29.90730158730159,0.5609685523591676,0.17207759400070183,107.66601562499994
29.91891156462585,0.5567846548072724,0.17143656540790436,107.66601562499994
29.930521541950114,0.549628358641075,0.17080224685212955,107.66601562499994
29.942131519274376,0.5382679667767633,0.17048734274037225,107.66601562499994
29.95374149659864,0.5255597826359231,0.16965743513627587,107.66601562499994
29.9653514739229,0.51135185281904,0.16764572341743847,107.66601562499994
29.976961451247167,0.4954094913267718,0.1654683671571346,107.66601562499994
29.98857142857143,0.48109436839522574,0.163788411579792,107.66601562499994
30.00018140589569,0.465249897275251,0.16187904257091737,107.66601562499994
30.011791383219954,0.4489122525304756,0.15958303301050614,107.66601562499994
30.023401360544216,0.43512164416943677,0.15802417078213074,107.66601562499994
30.035011337868482,0.4217424047752581,0.15620236775969015,107.66601562499994
30.046621315192745,0.4106134769361226,0.15418005032135423,107.66601562499994
30.058231292517007,0.4015519428146489,0.15199439972019962,107.66601562499994
30.06984126984127,0.39265670937372205,0.15055984380234344,107.66601562499994
30.081451247165532,0.38353099815824254,0.14900686532685456,107.66601562499994
30.093061224489794,0.3750565880292596,0.14819357928773746,107.66601562499994
30.10467120181406,0.36722937321876276,0.1466931821108408,107.66601562499994
30.116281179138323,0.35987674070902065,0.14429362344137248,107.66601562499994
30.127891156462585,0.35294221015920574,0.14199400335524487,107.66601562499994
30.139501133786847,0.3454414243135854,0.1401571086097625,107.66601562499994
30.15111111111111,0.33814067824924016,0.13868872125629844,107.66601562499994
30.162721088435376,0.33336237727563073,0.13741120458268494,107.66601562499994
30.174331065759638,0.33078428149408534,0.13605280886934817,107.66601562499994
30.1859410430839,0.33286841398394557,0.13449323961001158,107.66601562499994
30.197551020408163,0.33771311361440975,0.13284993020915775,107.66601562499994
30.209160997732425,0.34637078810126376,0.13101883803747835,107.66601562499994
30.220770975056688,0.35853002297920206,0.1289125904330243,107.66601562499994
30.232380952380954,0.3717147194399651,0.12680126051466525,107.66601562499994
30.243990929705216,0.3874893958356925,0.12487887515790146,107.66601562499994
30.25560090702948,0.4033341135183232,0.12327331212914563,107.66601562499994
30.26721088435374,0.42121412429337457,0.12176096966981974,107.66601562499994
30.278820861678003,0.4394534401647348,0.12042407245974654,107.66601562499994
30.29043083900227,0.4579717633388034,0.11902209689070542,107.66601562499994
30.30204081632653,0.47884005186298767,0.11719272905509923,107.66601562499994
30.313650793650794,0.5004484964907969,0.11573421665503986,107.66601562499994
30.325260770975056,0.5242089091591775,0.1140252463055739,107.66601562499994
30.33687074829932,0.5513085257076081,0.11192275067306139,107.66601562499994
30.34848072562358,0.5793554601365747,0.10974341406049319,107.66601562499994
30.360090702947847,0.61017534065084,0.1074214288709132,107.66601562499994
30.37170068027211,0.6419840615296698,0.10457156866471731,107.66601562499994
30.383310657596372,0.6746208497607088,0.10143578182085539,107.66601562499994
30.394920634920634,0.7059370059245405,0.09814763354626097,107.66601562499994
30.406530612244897,0.7330270381827041,0.09501991229895396,107.66601562499994
30.418140589569163,0.7564676124393626,0.09271687875946054,107.66601562499994
30.429750566893425,0.7748719511969651,0.0908219225882692,107.66601562499994
30.441360544217687,0.7910640006934172,0.08930707237021407,107.66601562499994
30.45297052154195,0.8066836958002577,0.08715997696101926,107.66601562499994
30.464580498866212,0.8212737727443643,0.08505216758311325,107.66601562499994
30.476190476190474,0.8341313655248749,0.08317294495815133,107.66601562499994
30.48780045351474,0.8438376859810479,0.08152511467773108,107.66601562499994
30.499410430839003,0.8513152366282754,0.07964831644154172,107.66601562499994
30.511020408163265,0.8549940530784563,0.07746007641647548,107.66601562499994
30.522630385487528,0.8556381113869351,0.07558412651924448,107.66601562499994
30.53424036281179,0.854259732846343,0.07428374526279044,107.66601562499994
30.545850340136056,0.848687466801381,0.07274329734548561,107.66601562499994
30.55746031746032,0.8405907106950065,0.0713575984333178,107.66601562499994
30.56907029478458,0.8286667324090432,0.07024253379216701,107.66601562499994
30.580680272108843,0.8165471866218712,0.06907369828085375,107.66601562499994
30.592290249433105,0.80376724108641,0.06794169210640176,107.66601562499994
30.603900226757368,0.7896258598631316,0.06679600443829677,107.66601562499994
30.615510204081634,0.7757103017112935,0.06554942239690696,107.66601562499994
30.627120181405896,0.7594237220917168,0.06454439120855289,107.66601562499994
30.63873015873016,0.7391598236097937,0.06399835255416571,107.66601562499994
30.65034013605442,0.7176378375100552,0.06396432616438906,107.66601562499994
30.661950113378683,0.6922556281520036,0.06383484451811985,107.66601562499994
30.67356009070295,0.6660606233327352,0.06340962187964153,107.66601562499994
30.68517006802721,0.6395639057888828,0.0631899161132484,107.66601562499994
30.696780045351474,0.6149749118184327,0.06296305289292667,107.66601562499994
30.708390022675736,0.5939380860571772,0.06328757603486265,107.66601562499994
30.72,0.5754135521697216,0.06392934640943726,107.66601562499994
30.731609977324265,0.5609098038085022,0.06480042995080751,107.66601562499994
30.743219954648527,0.548805888094559,0.0660345027997398,107.66601562499994
30.75482993197279,0.5372834137702732,0.06776605740003099,107.66601562499994
30.766439909297052,0.5257500373782823,0.06987190856449592,107.66601562499994
30.778049886621314,0.5147521234385105,0.0721776184378515,107.66601562499994
30.789659863945577,0.5041088465642241,0.07486644333354482,107.66601562499994
30.801269841269843,0.49484835970291413,0.07747318257742208,107.66601562499994
30.812879818594105,0.48675139368508924,0.08022594805441093,107.66601562499994
30.824489795918367,0.4800775723235819,0.08306271021915856,107.66601562499994
30.83609977324263,0.476632353998322,0.08559532651487325,107.66601562499994
30.847709750566892,0.476793211141854,0.0876739942593549,107.66601562499994
30.859319727891158,0.48024227784370305,0.08947750802122047,107.66601562499994
30.87092970521542,0.48642317547499375,0.09133825078262779,107.66601562499994
30.882539682539683,0.4924821212175076,0.09333292413944759,107.66601562499994
30.894149659863945,0.49719845166628557,0.09525987891360906,107.66601562499994
30.905759637188208,0.501309522439651,0.09735096737912978,107.66601562499994
30.91736961451247,0.5044212681047018,0.09946967390722036,107.66601562499994
30.928979591836736,0.5080111520704333,0.10133523965621934,107.66601562499994
30.940589569161,0.5136354061845897,0.1028026617789482,107.66601562499994
30.95219954648526,0.5193895505054651,0.10401759826764156,107.66601562499994
30.963809523809523,0.5248138939505478,0.10571535089632163,107.66601562499994
30.975419501133786,0.527833440175958,0.10771074610534477,107.66601562499994
30.98702947845805,0.5283176642427341,0.1100013919949627,107.66601562499994
30.998639455782314,0.5263923280990721,0.11186615615514749,107.66601562499994
31.010249433106576,0.5241764645123929,0.11301863127115495,107.66601562499994
31.02185941043084,0.5226681257945982,0.1140734056935381,107.66601562499994
31.0334693877551,0.5216596828659059,0.11487480566105633,107.66601562499994
31.045079365079363,0.5206141139318942,0.11545972516848313,107.66601562499994
31.05668934240363,0.5201397023924383,0.11545720846640084,107.66601562499994
31.068299319727892,0.5204298083465911,0.11471798368879592,107.66601562499994
31.079909297052154,0.5208832437346906,0.11357078563645828,107.66601562499994
31.091519274376417,0.521150412697987,0.11181847386806397,107.66601562499994
31.10312925170068,0.5195881883781257,0.11024368762944771,107.66601562499994
31.114739229024945,0.5170092896019849,0.10860853806974574,107.66601562499994
31.126349206349207,0.5125492793596426,0.10711432545385347,107.66601562499994
31.13795918367347,0.5043427237380972,0.10556684821241004,107.66601562499994
31.149569160997732,0.49308951082775515,0.10445586384696087,107.66601562499994
31.161179138321994,0.47803491983567115,0.10373894063037356,107.66601562499994
31.172789115646257,0.4603120194513601,0.10328996373797689,107.66601562499994
31.184399092970523,0.44224525329110337,0.10281382292959954,107.66601562499994
31.196009070294785,0.4257953325758326,0.10222393247605487,107.66601562499994
31.207619047619048,0.411301464213471,0.10151288161957385,107.66601562499994
31.21922902494331,0.3988476660949886,0.10068846614963832,107.66601562499994
31.230839002267572,0.38653545574868853,0.09979173612388978,107.66601562499994
31.24244897959184,0.37292048912773545,0.09907608814525051,107.66601562499994
31.2540589569161,0.35781432739041213,0.09878519783379316,107.66601562499994
31.265668934240363,0.3423465690234473,0.09845399760595444,107.66601562499994
31.277278911564625,0.32903657666788666,0.09861877655968188,107.66601562499994
31.288888888888888,0.31891562070615337,0.09917050992819108,107.66601562499994
31.30049886621315,0.31235284166887983,0.10088788688951544,107.66601562499994
31.312108843537416,0.3080386832332998,0.10296515249058502,107.66601562499994
31.32371882086168,0.305203085243938,0.10432103289817943,107.66601562499994
31.33532879818594,0.3035542899434433,0.10543984548921119,107.66601562499994
31.346938775510203,0.30322321044036404,0.10610526023385806,107.66601562499994
31.358548752834466,0.30340382258372,0.10661114430468832,107.66601562499994
31.37015873015873,0.3024170055323015,0.10743143428805832,107.66601562499994
31.381768707482994,0.30043287252502127,0.10835946559684621,107.66601562499994
31.393378684807256,0.297667555721363,0.10982209710200562,107.66601562499994
31.40498866213152,0.2945582923425104,0.11139417110772626,107.66601562499994
31.41659863945578,0.29139035121645773,0.11304895241115168,107.66601562499994
31.428208616780044,0.2894445328797332,0.11524739596380235,107.66601562499994
31.43981859410431,0.28834384719633915,0.11735344100482145,107.66601562499994
31.451428571428572,0.28817746654952536,0.11897381177877708,107.66601562499994
31.463038548752834,0.29045064345897764,0.12061626205790202,107.66601562499994
31.474648526077097,0.29422512788562105,0.12191634380343078,107.66601562499994
31.48625850340136,0.29889074805950944,0.1231802482799081,107.66601562499994
31.497868480725625,0.3045168930426824,0.12445495107983345,107.66601562499994
31.509478458049887,0.3100697547732197,0.12571643825568493,107.66601562499994
31.52108843537415,0.31569630958351,0.1270193115144505,107.66601562499994
31.532698412698412,0.3208973380657912,0.1285728954600353,107.66601562499994
31.544308390022675,0.32654612516421194,0.130306790752449,107.66601562499994
31.555918367346937,0.3335578381551504,0.13141405438458115,107.66601562499994
31.567528344671203,0.34088180359123166,0.13189963954053577,107.66601562499994
31.579138321995465,0.34874387911264654,0.13202797206578215,107.66601562499994
31.590748299319728,0.35541891038043005,0.13156415755006215,107.66601562499994
31.60235827664399,0.36018320976051443,0.1309871813367072,107.66601562499994
31.613968253968252,0.36326873148795097,0.13016000678557016,107.66601562499994
31.62557823129252,0.3645528472926231,0.12948299344418424,107.66601562499994
31.63718820861678,0.3652428004073634,0.1284660435107027,107.66601562499994
31.648798185941043,0.36341317972013476,0.12804136732255753,107.66601562499994
31.660408163265306,0.36006000923180126,0.12793071107991452,107.66601562499994
31.672018140589568,0.3564747766372544,0.1278393937852015,107.66601562499994
31.683628117913834,0.35241397465834723,0.12736424516370243,107.66601562499994
31.695238095238096,0.3495060921617024,0.12633509462891615,107.66601562499994
31.70684807256236,0.34721076792827815,0.1252279941725608,107.66601562499994
31.71845804988662,0.34589923368988174,0.12431116094170148,107.66601562499994
31.730068027210883,0.34438337564406335,0.12300528093756205,107.66601562499994
31.741678004535146,0.3436532761314687,0.12151848904470058,107.66601562499994
31.753287981859412,0.3439709904392293,0.1205880542826389,107.66601562499994
31.764897959183674,0.3444118777872989,0.11909953640531447,107.66601562499994
31.776507936507937,0.34506574529117007,0.11722565063764499,107.66601562499994
31.7881179138322,0.3453718103464203,0.11477240645965116,107.66601562499994
31.79972789115646,0.3444639333280308,0.1125358619874412,107.66601562499994
31.811337868480727,0.3419891131470579,0.11036554935411229,107.66601562499994
31.82294784580499,0.3384492072650857,0.10844999763797934,107.66601562499994
31.834557823129252,0.33497086208082766,0.10627320550802834,107.66601562499994
31.846167800453514,0.3312618925171947,0.10407000269175888,107.66601562499994
31.857777777777777,0.32707372426686393,0.10245394912160559,107.66601562499994
31.86938775510204,0.3248610818213687,0.10195193442172218,107.66601562499994
31.880997732426305,0.3242478088596387,0.10154128904035142,107.66601562499994
31.892607709750568,0.32651635355649106,0.10073981476713206,107.66601562499994
31.90421768707483,0.33112256212608515,0.09949665455663624,107.66601562499994
31.915827664399092,0.33595167833030937,0.09870804113646002,107.66601562499994
31.927437641723355,0.33979259140115753,0.09836284339098514,107.66601562499994
31.93904761904762,0.3414278499120528,0.09852441443939193,107.66601562499994
31.950657596371883,0.34348099380756963,0.09838034736087835,107.66601562499994
31.962267573696145,0.3447122827302282,0.09860919294454026,107.66601562499994
31.973877551020408,0.34628329417663445,0.09928578617635979,107.66601562499994
31.98548752834467,0.3490985032669117,0.10044182370138108,107.66601562499994
31.997097505668933,0.35107371253860786,0.10179515560658955,107.66601562499994
32.008707482993195,0.354536564258676,0.10347344468877948,107.66601562499994
32.02031746031746,0.35796090139252146,0.10484022679942435,107.66601562499994
32.03192743764173,0.3608403183971362,0.10614151691206847,107.66601562499994
32.04353741496599,0.36337731651544514,0.107867850636184,107.66601562499994
32.05514739229025,0.36497038365780937,0.10947304608927369,107.66601562499994
32.066757369614514,0.36560228792671845,0.11121235133100213,107.66601562499994
32.07836734693878,0.3656797402539926,0.11298311757971165,107.66601562499994
32.08997732426304,0.365564612153315,0.11499687570753672,107.66601562499994
32.1015873015873,0.3646752181713184,0.1166194575237356,107.66601562499994
32.113197278911564,0.363893504598423,0.11857531237462823,107.66601562499994
32.124807256235826,0.3630225478388124,0.12035737161107497,107.66601562499994
32.13641723356009,0.36242339891895353,0.12252750834064782,107.66601562499994
32.14802721088435,0.3621806304957923,0.12515273134604452,107.66601562499994
32.15963718820862,0.3632243718674152,0.1277726840163352,107.66601562499994
32.17124716553288,0.36559236544578133,0.1293838657049104,107.66601562499994
32.182857142857145,0.367461297049973,0.13015080469451928,107.66601562499994
32.19446712018141,0.368231988605763,0.13130742837840134,107.66601562499994
32.20607709750567,0.3682096863471492,0.13211562217755854,107.66601562499994
32.21768707482993,0.36700611073382367,0.13260511195004585,107.66601562499994
32.229297052154195,0.3665307562588052,0.13280973090513712,107.66601562499994
32.24090702947846,0.36655112433334125,0.13244158712358084,107.66601562499994
32.25251700680272,0.36553198091857453,0.13159346417705775,107.66601562499994
32.26412698412698,0.36539047894353266,0.13087113962196584,107.66601562499994
32.275736961451244,0.36425571013786684,0.12947271982998254,107.66601562499994
32.287346938775514,0.36382647537423546,0.12760241747384898,107.66601562499994
32.298956916099776,0.3642011040064172,0.12604940199043932,107.66601562499994
32.31056689342404,0.3637729762757917,0.1242502914732813,107.66601562499994
32.3221768707483,0.3630083988074829,0.12251286538861333,107.66601562499994
32.33378684807256,0.3616490172531442,0.12051523049252263,107.66601562499994
32.345396825396826,0.360210454933994,0.11838543694293442,107.66601562499994
32.35700680272109,0.35850766574377974,0.11594509141566108,107.66601562499994
32.36861678004535,0.35682913048887815,0.11363579032271366,107.66601562499994
32.38022675736961,0.3551137607723382,0.11156144726150594,107.66601562499994
32.391836734693875,0.3531567404944081,0.10991905815368164,107.66601562499994
32.40344671201814,0.3510743189494643,0.10878992366133396,107.66601562499994
32.41505668934241,0.3489176012458387,0.10769621421162595,107.66601562499994
32.42666666666667,0.3472305762389466,0.10683824321511644,107.66601562499994
32.43827664399093,0.3468873968401242,0.1058288578427964,107.66601562499994
32.449886621315194,0.34852464117997806,0.1045057081937058,107.66601562499994
32.46149659863946,0.3509887866973171,0.10321571675904656,107.66601562499994
32.47310657596372,0.35216198512504726,0.10280141194592878,107.66601562499994
32.48471655328798,0.3521396012342027,0.10294584670826064,107.66601562499994
32.496326530612244,0.35158466199812943,0.10322763869798306,107.66601562499994
32.507936507936506,0.3501040499173789,0.10361568943147055,107.66601562499994
32.51954648526077,0.3497240035706224,0.10390889475231442,107.66601562499994
32.53115646258503,0.34911482055024584,0.1042145141740664,107.66601562499994
32.5427664399093,0.3483307563022997,0.10470503928007939,107.66601562499994
32.55437641723356,0.3481226690824472,0.10569825926067082,107.66601562499994
32.565986394557825,0.34734130619495096,0.10672749093291346,107.66601562499994
32.57759637188209,0.3469443877988844,0.10872624151066446,107.66601562499994
32.58920634920635,0.3440984758270711,0.11162434081414405,107.66601562499994
32.60081632653061,0.3405368599366484,0.11463579410353308,107.66601562499994
32.612426303854875,0.33764472996157846,0.11767852562762864,107.66601562499994
32.62403628117914,0.3358267335374019,0.12035379799938692,107.66601562499994
32.6356462585034,0.33596465202411346,0.12251018856970328,107.66601562499994
32.64725623582766,0.336985439745241,0.12431989688655476,107.66601562499994
32.658866213151924,0.3373481867229495,0.12642986652699215,107.66601562499994
32.670476190476194,0.3370505047980006,0.12843901249100173,107.66601562499994
32.682086167800456,0.3369931248366719,0.1302065210219488,107.66601562499994
32.69369614512472,0.33686588767744985,0.1319061470936784,107.66601562499994
32.70530612244898,0.33837764495314965,0.1336394814868859,107.66601562499994
32.71691609977324,0.340925401866269,0.13478981627681738,107.66601562499994
32.728526077097506,0.34350804489625586,0.13567385479417152,107.66601562499994
32.74013605442177,0.3456195649995083,0.13676568181087473,107.66601562499994
32.75174603174603,0.3464577122662423,0.13761545528706398,107.66601562499994
32.76335600907029,0.34644466110511724,0.1379125360817393,107.66601562499994
32.774965986394555,0.3449299334157992,0.1373387397852799,107.66601562499994
32.78657596371882,0.3424549857885885,0.13696903330946675,107.66601562499994
32.79818594104309,0.33824270854180366,0.1367290248271659,107.66601562499994
32.80979591836735,0.3330541956132565,0.1365009580546344,107.66601562499994
32.82140589569161,0.3276325277061833,0.135863703761479,107.66601562499994
32.833015873015874,0.32357962239612126,0.13541288288300618,107.66601562499994
32.84462585034014,0.3208223297075458,0.13542068909733365,107.66601562499994
32.8562358276644,0.3187518181384615,0.1351293624410724,107.66601562499994
32.86784580498866,0.3179969857259354,0.1344827534803367,107.66601562499994
32.879455782312924,0.3167000136779134,0.1329873005750278,107.66601562499994
32.891065759637186,0.3163728042089538,0.13105659403466877,107.66601562499994
32.90267573696145,0.3165717336252954,0.1284034743789443,107.66601562499994
32.91428571428571,0.31543642004943706,0.1254347313841747,107.66601562499994
32.92589569160998,0.3133028434172446,0.12274840109883473,107.66601562499994
32.93750566893424,0.30963470996051706,0.12098786433050206,107.66601562499994
32.949115646258505,0.3041755936841115,0.11996898789867681,107.66601562499994
32.96072562358277,0.2995288747035528,0.11913410803487806,107.66601562499994
32.97233560090703,0.29613695889299757,0.11837373558134873,107.66601562499994
32.98394557823129,0.2934301182549086,0.11803495007609616,107.66601562499994
32.995555555555555,0.2919588588954444,0.11809471591140588,107.66601562499994
33.00716553287982,0.2908390329529023,0.11835260047236819,107.66601562499994
33.01877551020408,0.29083916706299556,0.11867195357862709,107.66601562499994
33.03038548752834,0.29270455266304435,0.11935880265843526,107.66601562499994
33.041995464852604,0.29733646622250043,0.1197030035925958,107.66601562499994
33.053605442176874,0.30432474576534274,0.11947771558672403,107.66601562499994
33.065215419501136,0.31349104569208974,0.11871079612713992,107.66601562499994
33.0768253968254,0.32644998238804057,0.11789086293407464,107.66601562499994
33.08843537414966,0.34125680290037935,0.11645391606551168,107.66601562499994
33.10004535147392,0.3577339529624727,0.11466596938969305,107.66601562499994
33.111655328798186,0.3749709316628025,0.11305263289819972,107.66601562499994
33.12326530612245,0.38956898357605724,0.11192855357242142,107.66601562499994
33.13487528344671,0.40134944073874224,0.11092921521524603,107.66601562499994
33.14648526077097,0.41125564437558465,0.11027249499389101,107.66601562499994
33.158095238095235,0.41861771040586165,0.10983233577824017,107.66601562499994
33.1697052154195,0.42437344572225333,0.10919687103234868,107.66601562499994
33.18131519274377,0.429684663555256,0.10907025466483676,107.66601562499994
33.19292517006803,0.433845374221711,0.10861856280905711,107.66601562499994
33.20453514739229,0.4378498233060285,0.10838052031145429,107.66601562499994
33.216145124716554,0.4429901174086856,0.10837220275304311,107.66601562499994
33.22775510204082,0.4489467229893523,0.10830299458688576,107.66601562499994
33.23936507936508,0.4560358733138896,0.10785534192001504,107.66601562499994
33.25097505668934,0.4637437318073526,0.10727423619863233,107.66601562499994
33.262585034013604,0.47006467536124397,0.10698205120715487,107.66601562499994
33.274195011337866,0.4742038334528363,0.10712191104453278,107.66601562499994
33.28580498866213,0.4759434037938443,0.10698878090831496,107.66601562499994
33.29741496598639,0.47727040567399037,0.10659892435289378,107.66601562499994
33.30902494331066,0.478645618050207,0.10561589183874874,107.66601562499994
33.32063492063492,0.47966018422918216,0.10447669352085184,107.66601562499994
33.332244897959185,0.4798571628018069,0.1026759681706915,107.66601562499994
33.34385487528345,0.47668746158490294,0.1005352201815175,107.66601562499994
33.35546485260771,0.47013003112470264,0.09901051590886367,107.66601562499994
33.36707482993197,0.46009703097608745,0.0981514222390904,107.66601562499994
33.378684807256235,0.4458037804844715,0.09758954435339506,107.66601562499994
33.3902947845805,0.42981437467085665,0.09757254798755606,107.66601562499994
33.40190476190476,0.41299550542729174,0.09765657831407078,107.66601562499994
33.41351473922902,0.3970104411155778,0.09792672314317778,107.66601562499994
33.425124716553285,0.38419418089921226,0.09800082072480788,107.66601562499994
33.436734693877554,0.3734553609957554,0.09766148301623748,107.66601562499994
33.448344671201816,0.36402413615907375,0.09696539299425762,107.66601562499994
33.45995464852608,0.3560003117869541,0.0965322218741931,107.66601562499994
33.47156462585034,0.3489030898673629,0.09636266010854122,107.66601562499994
33.483174603174604,0.3430203939417552,0.09564857658874955,107.66601562499994
33.494784580498866,0.3382737429501542,0.09517001453631697,107.66601562499994
33.50639455782313,0.33290673698432105,0.0947838336525079,107.66601562499994
33.51800453514739,0.32627833229743847,0.0945071495777735,107.66601562499994
33.52961451247165,0.3194236330713345,0.09448466699791874,107.66601562499994
33.541224489795916,0.3134806317518048,0.09408767024410913,107.66601562499994
33.55283446712018,0.3100048146677519,0.09330206566619995,107.66601562499994
33.56444444444445,0.3096022161677978,0.09226494601774737,107.66601562499994
33.57605442176871,0.311647331783322,0.09104349596432851,107.66601562499994
33.58766439909297,0.31607767537366865,0.0901488077228928,107.66601562499994
33.599274376417235,0.32023607784715213,0.08920274242279694,107.66601562499994
33.6108843537415,0.3230067007458044,0.08859531292989187,107.66601562499994
33.62249433106576,0.3244124777285541,0.0886932588417995,107.66601562499994
33.63410430839002,0.3247998693101078,0.08919379311992054,107.66601562499994
33.645714285714284,0.32509413351013344,0.0896719017456453,107.66601562499994
33.65732426303855,0.32660196410894116,0.09038030338013164,107.66601562499994
33.66893424036281,0.3293562397369093,0.09102883240396209,107.66601562499994
33.68054421768707,0.3336203626129758,0.09161527636905109,107.66601562499994
33.69215419501134,0.33942522637154215,0.0919437752284525,107.66601562499994
33.7037641723356,0.34618655831731776,0.09197533928693594,107.66601562499994
33.715374149659866,0.3535062580528552,0.09175011622085527,107.66601562499994
33.72698412698413,0.3603625357797462,0.09180625025050586,107.66601562499994
33.73859410430839,0.3667835237972426,0.09213759633326844,107.66601562499994
33.75020408163265,0.37262810663392526,0.09236493388393431,107.66601562499994
33.761814058956915,0.3779989151623405,0.0924294964018233,107.66601562499994
33.77342403628118,0.3825802817113683,0.09243579415033623,107.66601562499994
33.78503401360544,0.38651233550180397,0.09279033717115957,107.66601562499994
33.7966439909297,0.39047207511316856,0.0930984474281076,107.66601562499994
33.80825396825397,0.3952086853403963,0.09333426708565808,107.66601562499994
33.819863945578234,0.40094076646847615,0.09363431464699253,107.66601562499994
33.8314739229025,0.40635435028576644,0.0936464864891285,107.66601562499994
33.84308390022676,0.41028338285068516,0.09405193879381243,107.66601562499994
33.85469387755102,0.41205334786990955,0.094741817107036,107.66601562499994
33.866303854875284,0.4125888436414065,0.09537081587321697,107.66601562499994
33.877913832199546,0.41343636445397525,0.09535429716265345,107.66601562499994
33.88952380952381,0.4146944520717905,0.09498847349716068,107.66601562499994
33.90113378684807,0.4169005997570552,0.09410870973936901,107.66601562499994
33.91274376417233,0.4194246150187586,0.09312695373907162,107.66601562499994
33.924353741496596,0.422043565232812,0.09154246828711929,107.66601562499994
33.935963718820865,0.42413555274242015,0.09000465784716312,107.66601562499994
33.94757369614513,0.42479151936079446,0.0889628397185836,107.66601562499994
33.95918367346939,0.42400585412154873,0.08789543005219869,107.66601562499994
33.97079365079365,0.42088300480716195,0.08728139247659565,107.66601562499994
33.982403628117915,0.4161251318827886,0.08678426854201884,107.66601562499994
33.99401360544218,0.4103327153734365,0.08639211957346467,107.66601562499994
34.00562358276644,0.40403353014094856,0.08617776030399053,107.66601562499994
34.0172335600907,0.39782746895806065,0.08562965931668494,107.66601562499994
34.028843537414964,0.39235526153739675,0.08486688988043622,107.66601562499994
34.04045351473923,0.3879718123316465,0.08385590901641078,107.66601562499994
34.05206349206349,0.3843254671836723,0.08272402591551445,107.66601562499994
34.06367346938776,0.38180554519524995,0.08143597639767712,107.66601562499994
34.07528344671202,0.3796743883756098,0.08012632913292188,107.66601562499994
34.08689342403628,0.3775267551730838,0.07877877930883075,107.66601562499994
34.098503401360546,0.37450170793490434,0.07767339321999352,107.66601562499994
34.11011337868481,0.36978556990495587,0.07687856424204935,107.66601562499994
34.12172335600907,0.3640506166551271,0.07612347506125056,107.66601562499994
34.13333333333333,0.35782684544309196,0.07565836564287133,107.66601562499994
34.144943310657595,0.35229070999002415,0.0748718704150618,107.66601562499994
34.15655328798186,0.3484957225457696,0.07409056733295802,107.66601562499994
34.16816326530612,0.34601830845901776,0.07299418061708875,107.66601562499994
34.17977324263038,0.34337060454118107,0.07202405221344073,107.66601562499994
34.19138321995465,0.34012294620994404,0.07133319279211744,107.66601562499994
34.202993197278914,0.3354640115491518,0.07127635934466683,107.66601562499994
34.21460317460318,0.3298340140244799,0.07133238264981012,107.66601562499994
34.22621315192744,0.32321645309656627,0.07125374639377159,107.66601562499994
34.2378231292517,0.3157088526256482,0.07107226925275209,107.66601562499994
34.249433106575964,0.3086703167830766,0.0710665830231444,107.66601562499994
34.261043083900226,0.30097861980532387,0.0709818223619529,107.66601562499994
34.27265306122449,0.2943772966109686,0.07049933750465134,107.66601562499994
34.28426303854875,0.2885708984996582,0.07022580207381454,107.66601562499994
34.29587301587301,0.2828569272320595,0.07023280747430745,107.66601562499994
34.307482993197276,0.2771343400157056,0.07048860070677838,107.66601562499994
34.319092970521545,0.27047872305813025,0.07081518371108457,107.66601562499994
34.33070294784581,0.2632266185580126,0.0713934533991653,107.66601562499994
34.34231292517007,0.2552854234959594,0.07241457781470044,107.66601562499994
34.35392290249433,0.24741411478616748,0.07347863394652734,107.66601562499994
34.365532879818595,0.2402183915020257,0.07419600336141327,107.66601562499994
34.37714285714286,0.2339366335013143,0.07468249264499717,107.66601562499994
34.38875283446712,0.22847532148449995,0.07481529455763808,107.66601562499994
34.40036281179138,0.22401980101484484,0.07500625320587895,107.66601562499994
34.411972789115644,0.22045051877508506,0.07514334079947611,107.66601562499994
34.42358276643991,0.217841039565754,0.07541036655454371,107.66601562499994
34.43519274376417,0.21667230508827087,0.07524167908955232,107.66601562499994
34.44680272108844,0.21714217521015877,0.07504953815798368,107.66601562499994
34.4584126984127,0.21824756724154598,0.07443410291248151,107.66601562499994
34.47002267573696,0.21923583284856796,0.07371819751264368,107.66601562499994
34.481632653061226,0.22028451796803855,0.07302954972530885,107.66601562499994
34.49324263038549,0.22095776896178582,0.07213770056384333,107.66601562499994
34.50485260770975,0.22217014919427727,0.07101399084205808,107.66601562499994
34.51646258503401,0.22335561661308548,0.06987341804560086,107.66601562499994
34.528072562358275,0.22566974707989756,0.06919471989636578,107.66601562499994
34.53968253968254,0.22821421538029538,0.06867876763811961,107.66601562499994
34.5512925170068,0.2304875963703244,0.06794954724007936,107.66601562499994
34.56290249433106,0.23415807050631937,0.06732670376536243,107.66601562499994
34.57451247165533,0.23649942157364368,0.06684056866027581,107.66601562499994
34.586122448979594,0.23995849905251598,0.06664292445354386,107.66601562499994
34.59773242630386,0.24348026008876525,0.06591164051212901,107.66601562499994
34.60934240362812,0.24734323926784565,0.06497882614904052,107.66601562499994
34.62095238095238,0.2520583664742031,0.06386981083138682,107.66601562499994
34.632562358276644,0.2562484376717888,0.06256952461551715,107.66601562499994
34.644172335600906,0.26038009892586983,0.06079705028800318,107.66601562499994
34.65578231292517,0.26403117874322335,0.05925122847443124,107.66601562499994
34.66739229024943,0.26628163398765214,0.05782744247368279,107.66601562499994
34.67900226757369,0.2677893425546049,0.05691765033531252,107.5815054086538
34.690612244897956,0.2688401026321021,0.056648038422730536,107.49699519230765
34.702222222222225,0.2700785085525047,0.05673456683396422,107.4124849759615
34.71383219954649,0.2727023596158356,0.05660705842015758,107.32797475961536
34.72544217687075,0.2754515582188448,0.05623126126522039,107.24346454326921
34.73705215419501,0.2779391921610883,0.05628334669320117,107.15895432692307
34.748662131519275,0.27862041146012806,0.056882460731867576,107.07444411057692
34.76027210884354,0.27717539186493495,0.05773680568845145,106.98993389423077
34.7718820861678,0.2740072783116195,0.05905332759432895,106.90542367788463
34.78349206349206,0.26902102756017865,0.060610847907001185,106.82091346153848
34.795102040816325,0.2634315987552076,0.06241108441183505,106.73640324519232
34.80671201814059,0.257273998795956,0.06415183821676063,106.65189302884617
34.81832199546485,0.2520411928854288,0.06581489508584566,106.56738281250003
34.82993197278912,0.2472811850283287,0.06726362549503365,106.48287259615387
34.84154195011338,0.24401606239761828,0.06855805424582796,106.39836237980771
34.853151927437644,0.24260175151483498,0.07018367882148575,106.31385216346156
34.864761904761906,0.24175719278606517,0.07148921491329185,106.22934194711542
34.87637188208617,0.2433448180573782,0.07267493017441465,106.14483173076925
34.88798185941043,0.2445397148318116,0.07321389750775814,106.0603215144231
34.89959183673469,0.24596873450979187,0.07426131660039956,105.97581129807695
34.911201814058956,0.246939437525471,0.07522941032676574,105.8913010817308
34.92281179138322,0.2468472347539027,0.07648396951057874,105.80679086538464
34.93442176870748,0.2465157895717493,0.07745419242264824,105.72228064903848
34.94603174603174,0.24569769384641205,0.07876074361612849,105.63777043269234
34.95764172335601,0.2453313034056731,0.08006236092078195,105.55326021634619
34.969251700680275,0.2469202531182798,0.08127168856012287,105.46875000000003
34.98086167800454,0.24983612890967544,0.08177439480665526,105.46875000000003
34.9924716553288,0.25382026073135555,0.08204499031658512,105.46875000000003
35.00408163265306,0.25792431862972043,0.08210563374486543,105.46875000000003
35.015691609977324,0.260314345413532,0.08234404089876723,105.46875000000003
35.02730158730159,0.2617163223326456,0.08287876531657865,105.46875000000003
35.03891156462585,0.2614037891725871,0.08346510058663428,105.46875000000003
35.05052154195011,0.26023257074294187,0.08349044907900649,105.46875000000003
35.062131519274374,0.25865210495145197,0.08382030630586985,105.46875000000003
35.073741496598636,0.256799375679086,0.08355451916876495,105.46875000000003
35.085351473922906,0.2557692810506793,0.08332197301640724,105.46875000000003
35.09696145124717,0.25468534330228526,0.08274198684486328,105.46875000000003
35.10857142857143,0.2545938593941361,0.0820727692119285,105.46875000000003
35.12018140589569,0.25536189123857356,0.08151661790944807,105.46875000000003
35.131791383219955,0.25606965267433074,0.08100458541542332,105.46875000000003
35.14340136054422,0.2566604517831659,0.0808760828330683,105.46875000000003
35.15501133786848,0.2563582117810103,0.08035931767556038,105.46875000000003
35.16662131519274,0.25449580409141737,0.07963807893070968,105.46875000000003
35.178231292517005,0.2517717423845832,0.07873487197988623,105.46875000000003
35.18984126984127,0.24819294624153077,0.07799957885965793,105.46875000000003
35.20145124716553,0.244395814701748,0.07713482186980129,105.46875000000003
35.2130612244898,0.24099799471516162,0.07599349474993602,105.46875000000003
35.22467120181406,0.23834517545519643,0.07491532342543938,105.46875000000003
35.236281179138324,0.23672968443885423,0.07419441956807103,105.46875000000003
35.247891156462586,0.23550358249477146,0.07328528833832314,105.46875000000003
35.25950113378685,0.2347762626429295,0.072234943371761,105.46875000000003
35.27111111111111,0.23271333454147877,0.07151191966597946,105.46875000000003
35.28272108843537,0.23057821855865074,0.07159038211614947,105.46875000000003
35.294331065759636,0.22778265784650847,0.07165108885062564,105.46875000000003
35.3059410430839,0.22430988281252123,0.07131620338986533,105.46875000000003
35.31755102040816,0.22193528452030772,0.07125620944578927,105.46875000000003
35.32916099773242,0.2195598115970512,0.0709567702715227,105.46875000000003
35.34077097505669,0.21831276348896214,0.0707106316150709,105.46875000000003
35.352380952380955,0.21785619608874687,0.07055051477791019,105.46875000000003
35.36399092970522,0.21737490161947376,0.07009112589179606,105.46875000000003
35.37560090702948,0.2173840052791582,0.07008512268551252,105.46875000000003
35.38721088435374,0.21723481321479368,0.07014989978166791,105.46875000000003
35.398820861678004,0.21742802754200585,0.07023285040952887,105.46875000000003
35.41043083900227,0.21716997723206902,0.0704199554810161,105.46875000000003
35.42204081632653,0.2164319935453584,0.070315281980375,105.46875000000003
35.43365079365079,0.21550727529799105,0.07023834945258836,105.46875000000003
35.445260770975054,0.21430445020139863,0.06973345514078262,105.46875000000003
35.456870748299316,0.21323149781890433,0.06916935307321762,105.46875000000003
35.468480725623586,0.21209413594044157,0.0689771437698864,105.46875000000003
35.48009070294785,0.21049939283840263,0.06939505974461638,105.46875000000003
35.49170068027211,0.2086659999924329,0.06995091108270989,105.46875000000003
35.50331065759637,0.20695637326991745,0.07048511051981311,105.46875000000003
35.514920634920635,0.20543144904860217,0.0711947022432976,105.46875000000003
35.5265306122449,0.20441250971441213,0.07161829875254958,105.46875000000003
35.53814058956916,0.20409166506049964,0.07193728602307793,105.46875000000003
35.54975056689342,0.20475903353574648,0.07225130721566266,105.46875000000003
35.561360544217685,0.20581043667530585,0.07248723843180116,105.46875000000003
35.57297052154195,0.2074784013893167,0.07275978670624052,105.46875000000003
35.58458049886622,0.20829716100126464,0.07286186186028148,105.46875000000003
35.59619047619048,0.20853606772012562,0.07295770089758838,105.46875000000003
35.60780045351474,0.20844069212032618,0.07304435768130714,105.46875000000003
35.619410430839004,0.20744358774187852,0.07254723283998607,105.46875000000003
35.631020408163266,0.20666623732841463,0.07176018168781728,105.46875000000003
35.64263038548753,0.20572091110771099,0.07063870610693997,105.46875000000003
35.65424036281179,0.20484053998615015,0.0697888058405537,105.46875000000003
35.66585034013605,0.204222653970405,0.06893501778136729,105.46875000000003
35.677460317460316,0.20395131260054278,0.06842827158410852,105.46875000000003
35.68907029478458,0.20354200276505224,0.06762308998092996,105.46875000000003
35.70068027210884,0.20290270578137518,0.06693827612841868,105.46875000000003
35.71229024943311,0.2026198309434929,0.06636561136302323,105.46875000000003
35.72390022675737,0.20215205660418029,0.06598528581677444,105.46875000000003
35.735510204081635,0.20190071513083402,0.06550393300966856,105.46875000000003
35.7471201814059,0.20156438117764136,0.06516807290599577,105.46875000000003
35.75873015873016,0.20135000327813501,0.06501858244561998,105.46875000000003
35.77034013605442,0.20134940269815219,0.06466057196887855,105.46875000000003
35.781950113378684,0.20192623186677633,0.06389013942796132,105.46875000000003
35.79356009070295,0.20296542723943062,0.06301568344238355,105.46875000000003
35.80517006802721,0.20377096367948175,0.06202378947344874,105.46875000000003
35.81678004535147,0.2056025701956689,0.06155159603619971,105.46875000000003
35.828390022675734,0.20657713491564822,0.06105888317706709,105.46875000000003
35.84,0.20783535664355676,0.06110178481292781,105.46875000000003
35.851609977324266,0.20873704543907165,0.06194927218158853,105.46875000000003
35.86321995464853,0.2088232532395768,0.06310562243364239,105.46875000000003
35.87482993197279,0.21029317149810847,0.06477024727609278,105.46875000000003
35.88643990929705,0.2125485609110926,0.06596460433046519,105.46875000000003
35.898049886621315,0.21590471763970145,0.0670784500403788,105.46875000000003
35.90965986394558,0.21973393564403212,0.06816537281089226,105.46875000000003
35.92126984126984,0.2242204671985432,0.06950056870191028,105.46875000000003
35.9328798185941,0.22972352493854764,0.0706185529478938,105.46875000000003
35.944489795918365,0.23662502692123408,0.07141085685679897,105.46875000000003
35.95609977324263,0.24408881420777284,0.07207043733253543,105.46875000000003
35.9677097505669,0.25182740057223035,0.07281777481716077,105.46875000000003
35.97931972789116,0.2581611862087785,0.07379056640119118,105.46875000000003
35.99092970521542,0.26336581400604686,0.07500606493139698,105.46875000000003
36.002539682539684,0.2692672053784435,0.07643632674614798,105.46875000000003
36.014149659863946,0.27454838171757495,0.0778410115039004,105.46875000000003
36.02575963718821,0.28005390591712065,0.07902287883244413,105.46875000000003
36.03736961451247,0.2854471624759903,0.08060993331592756,105.46875000000003
36.04897959183673,0.290548949489262,0.08209077403306901,105.46875000000003
36.060589569160996,0.29564842664359847,0.08354767350736612,105.46875000000003
36.07219954648526,0.30123009288981756,0.08536674854815939,105.46875000000003
36.08380952380952,0.30603113926843595,0.08697640237138053,105.46875000000003
36.09541950113379,0.3105378189902494,0.08880085137359861,105.46875000000003
36.10702947845805,0.3143517750993712,0.09059892832183995,105.46875000000003
36.118639455782315,0.31607590945194364,0.09227658885466802,105.46875000000003
36.13024943310658,0.3185047340358396,0.09470533416089065,105.46875000000003
36.14185941043084,0.3200867791610985,0.09648935730639208,105.46875000000003
36.1534693877551,0.3222185732119271,0.0971521065630359,105.46875000000003
36.165079365079364,0.32595777418931504,0.09721321842879758,105.46875000000003
36.17668934240363,0.32950440056962504,0.09673382742019178,105.46875000000003
36.18829931972789,0.3335903661001295,0.09623990423682965,105.46875000000003
36.19990929705215,0.33829106730866054,0.09543699409977907,105.46875000000003
36.211519274376414,0.34315248821870253,0.09460756062087829,105.46875000000003
36.22312925170068,0.3478544597247007,0.09380666427457084,105.46875000000003
36.234739229024946,0.3517016784688778,0.09336690434562991,105.46875000000003
36.24634920634921,0.35420115241649724,0.09328265218215852,105.46875000000003
36.25795918367347,0.3560682897775778,0.09312778571016508,105.46875000000003
36.26956916099773,0.35739507674838183,0.09292373917491052,105.46875000000003
36.281179138321995,0.3590657619814273,0.09232949933952553,105.46875000000003
36.29278911564626,0.36127185385690164,0.09201212022001025,105.46875000000003
36.30439909297052,0.36269286941136575,0.09147373660898014,105.46875000000003
36.31600907029478,0.3643839035603625,0.09111314941639988,105.46875000000003
36.327619047619045,0.36600298306292667,0.09083038689901136,105.46875000000003
36.33922902494331,0.367594484199233,0.09018163080150175,105.46875000000003
36.35083900226758,0.369823234016612,0.0894915197518414,105.46875000000003
36.36244897959184,0.3716139402862839,0.0887299820262635,105.46875000000003
36.3740589569161,0.37289026437783623,0.08772369556477774,105.46875000000003
36.385668934240364,0.3749214741927591,0.08709020288975138,105.46875000000003
36.39727891156463,0.37717396899348193,0.08609029265423905,105.46875000000003
36.40888888888889,0.3802812415454843,0.08529859049778155,105.46875000000003
36.42049886621315,0.38497374454570576,0.08427814601180324,105.46875000000003
36.432108843537414,0.3892977071787866,0.08299555674406676,105.46875000000003
36.443718820861676,0.3933446883212509,0.08221964814878227,105.46875000000003
36.45532879818594,0.39630701535084795,0.08197896679947182,105.46875000000003
36.4669387755102,0.3971103681287284,0.08237395221336274,105.46875000000003
36.47854875283447,0.39558179711245495,0.08267671580863434,105.46875000000003
36.49015873015873,0.39391912349976316,0.08293656238347043,105.46875000000003
36.501768707482995,0.39321275814174705,0.0831411200417011,105.46875000000003
36.51337868480726,0.3947395474096385,0.08298409306384615,105.46875000000003
36.52498866213152,0.3984654539951733,0.08263574596103102,105.46875000000003
36.53659863945578,0.40315233520024335,0.08231931075462912,105.46875000000003
36.548208616780045,0.40760479529423005,0.08221858965988448,105.46875000000003
36.55981859410431,0.4110659902132083,0.0828417267235983,105.46875000000003
36.57142857142857,0.4138786637064428,0.08338717741927362,105.46875000000003
36.58303854875283,0.4170858541087944,0.08394954501744174,105.46875000000003
36.594648526077094,0.421251878367081,0.08436544018245735,105.46875000000003
36.606258503401364,0.4258994661478091,0.08460292006510345,105.46875000000003
36.617868480725626,0.43092096952817344,0.08456502046845057,105.46875000000003
36.62947845804989,0.43661243695552737,0.08450405552313803,105.46875000000003
36.64108843537415,0.44288013963537814,0.08438361554204139,105.46875000000003
36.65269841269841,0.4494595774785834,0.0844940738522433,105.46875000000003
36.664308390022676,0.4561893668970216,0.08480089203160782,105.46875000000003
36.67591836734694,0.4620991855477629,0.08532930220848124,105.46875000000003
36.6875283446712,0.46669496684936085,0.08573929998053,105.46875000000003
36.69913832199546,0.4708714925110366,0.08615936713720798,105.46875000000003
36.710748299319725,0.4755233659838754,0.0865491810580412,105.46875000000003
36.72235827664399,0.47975638031619805,0.08668768304105731,105.55326021634617
36.73396825396826,0.484736724392662,0.086476444071665,105.63777043269232
36.74557823129252,0.49014130117617355,0.08601713515829068,105.72228064903847
36.75718820861678,0.4960096823070445,0.08521003309544749,105.80679086538461
36.768798185941044,0.5028951510532403,0.08402745355411621,105.89130108173076
36.78040816326531,0.5102094547317335,0.08303061548816282,105.9758112980769
36.79201814058957,0.516593878173742,0.08241332715609552,106.06032151442305
36.80362811791383,0.5194488888073481,0.08206225109524819,106.1448317307692
36.815238095238094,0.5189009016385935,0.08239295023936218,106.22934194711534
36.826848072562356,0.515402808951349,0.08291005049306405,106.31385216346149
36.83845804988662,0.510203069092138,0.08327725094492888,106.39836237980765
36.85006802721088,0.5059181799761655,0.083307532087405,106.4828725961538
36.86167800453515,0.5032385020463434,0.08244343893503364,106.56738281249994
36.87328798185941,0.502325425554649,0.08165551217362961,106.6518930288461
36.884897959183675,0.5015210748643977,0.08075039121673139,106.73640324519226
36.89650793650794,0.4996093229903061,0.0796712340603716,106.82091346153841
36.9081179138322,0.49660832394089854,0.07886179118937803,106.90542367788456
36.91972789115646,0.4923845973572702,0.07822984977877846,106.98993389423072
36.931337868480725,0.48687428517750075,0.07786091498970854,107.07444411057688
36.94294784580499,0.4805934197169442,0.07766284756255343,107.15895432692302
36.95455782312925,0.4744320305228216,0.07718440205912153,107.24346454326917
36.96616780045351,0.4688095789815957,0.07628964397970192,107.32797475961533
36.977777777777774,0.4648621525093524,0.07492420698061628,107.41248497596149
36.989387755102044,0.4631790491814607,0.07354933634031825,107.49699519230764
37.000997732426306,0.4624417918550066,0.07223152188553562,107.58150540865378
37.01260770975057,0.46173812869042224,0.0708124690282042,107.66601562499994
37.02421768707483,0.4612900677018363,0.06933630610990472,107.66601562499994
37.03582766439909,0.4594086796856289,0.06797164719573812,107.66601562499994
37.047437641723356,0.4565201631862393,0.06651763325718596,107.66601562499994
37.05904761904762,0.4523306338434093,0.06520469673369814,107.66601562499994
37.07065759637188,0.4466149149796887,0.0640746842327412,107.66601562499994
37.08226757369614,0.4406134158370592,0.06289426471287432,107.66601562499994
37.093877551020405,0.43339102838434485,0.061634854875525245,107.66601562499994
37.10548752834467,0.42653227003721955,0.06064857172245203,107.66601562499994
37.11709750566894,0.4196513577022668,0.05964568921812757,107.66601562499994
37.1287074829932,0.41282900566405967,0.058293066432535026,107.66601562499994
37.14031746031746,0.40622649921885046,0.0569917614427123,107.66601562499994
37.151927437641724,0.39887885044008936,0.055978953010658396,107.66601562499994
37.16353741496599,0.3906931943355614,0.05527105225040343,107.66601562499994
37.17514739229025,0.3816094129322821,0.05451244139544879,107.66601562499994
37.18675736961451,0.3722779801656759,0.05378431434430884,107.66601562499994
37.198367346938774,0.36342783603746925,0.053175400427181496,107.66601562499994
37.209977324263036,0.35505238333065214,0.05262007793572129,107.66601562499994
37.2215873015873,0.3475209229248818,0.05192121683071546,107.66601562499994
37.23319727891157,0.34067761306092126,0.050931253262419804,107.66601562499994
37.24480725623583,0.33429020004670973,0.050018151301324316,107.66601562499994
37.25641723356009,0.3279592898638381,0.049358250855003435,107.66601562499994
37.268027210884355,0.32240686878075014,0.04896858050891145,107.66601562499994
37.27963718820862,0.31820478140210695,0.0487500434681703,107.66601562499994
37.29124716553288,0.3153736873461254,0.04835776862941181,107.66601562499994
37.30285714285714,0.31379230444151335,0.04799654191975433,107.66601562499994
37.314467120181405,0.312750808789216,0.04777467201986979,107.66601562499994
37.32607709750567,0.31131958753995326,0.04783040375810593,107.66601562499994
37.33768707482993,0.30953947680063043,0.04778299293473244,107.66601562499994
37.34929705215419,0.30728010156903623,0.04783420662133702,107.66601562499994
37.36090702947846,0.3042233393762566,0.0481569650415493,107.66601562499994
37.372517006802724,0.300508810491118,0.04839328916986951,107.66601562499994
37.384126984126986,0.2961555285595129,0.04898756198787833,107.66601562499994
37.39573696145125,0.2919351947113493,0.049633289382652664,107.66601562499994
37.40734693877551,0.28829075292712103,0.05015437335859407,107.66601562499994
37.41895691609977,0.2857738030182809,0.05093624694326376,107.66601562499994
37.430566893424036,0.28421888561604725,0.052203954557522546,107.66601562499994
37.4421768707483,0.2838453190358462,0.05313966964496207,107.66601562499994
37.45378684807256,0.28427808397696347,0.0540546922808298,107.66601562499994
37.46539682539682,0.28526152411957406,0.05495783242268614,107.66601562499994
37.477006802721085,0.2862297815002605,0.05558762270703437,107.66601562499994
37.488616780045355,0.2865671475180839,0.055917558424767276,107.66601562499994
37.50022675736962,0.2867384994011496,0.055985957839676255,107.66601562499994
37.51183673469388,0.2867865183113727,0.05595184913686879,107.66601562499994
37.52344671201814,0.2863473452401473,0.05592471856226277,107.66601562499994
37.535056689342404,0.28616910293042697,0.05612453944908059,107.66601562499994
37.54666666666667,0.28663236500653977,0.05620483712875389,107.66601562499994
37.55827664399093,0.2889277717051767,0.05579689941693674,107.66601562499994
37.56988662131519,0.2913977106119479,0.055303578683861036,107.66601562499994
37.581496598639454,0.2929305273371986,0.0547927498146195,107.66601562499994
37.593106575963716,0.2944276041390875,0.054545327838645,107.66601562499994
37.60471655328798,0.2948304741911559,0.05416142569278558,107.66601562499994
37.61632653061225,0.2946584134404544,0.053593375363356885,107.66601562499994
37.62793650793651,0.2939495957835901,0.052846076553918875,107.66601562499994
37.63954648526077,0.29358628237815854,0.05224696791901146,107.66601562499994
37.651156462585035,0.29230086295674135,0.05139825879046664,107.66601562499994
37.6627664399093,0.2915072419069323,0.050408232229421875,107.66601562499994
37.67437641723356,0.29243403927723605,0.04982283617820222,107.66601562499994
37.68598639455782,0.2918658922794319,0.048644770125802976,107.66601562499994
37.697596371882085,0.2915867042196413,0.04730882843978203,107.66601562499994
37.70920634920635,0.291332695538105,0.04588493793873802,107.66601562499994
37.72081632653061,0.2900995665583283,0.04414551198260635,107.66601562499994
37.73242630385487,0.2874318086001491,0.04237495460940727,107.66601562499994
37.74403628117914,0.2840413763304391,0.041362058446721466,107.66601562499994
37.755646258503404,0.27939011843125827,0.04013844934911333,107.66601562499994
37.767256235827666,0.2746790053648971,0.0389736036255937,107.66601562499994
37.77886621315193,0.2706918793896132,0.03798765316180808,107.66601562499994
37.79047619047619,0.2678233961060175,0.037277898593066953,107.66601562499994
37.802086167800454,0.2655728738065421,0.03662403869737953,107.66601562499994
37.813696145124716,0.2659816180472915,0.036260979931828384,107.66601562499994
37.82530612244898,0.26909507715620445,0.036210584992569864,107.66601562499994
37.83691609977324,0.2740772954420463,0.03610407543237612,107.66601562499994
37.8485260770975,0.2804706001375597,0.03629541548701149,107.66601562499994
37.860136054421766,0.2861266833248427,0.03682856837404141,107.66601562499994
37.871746031746035,0.29132441153265504,0.037581886245430546,107.66601562499994
37.8833560090703,0.2960428844109973,0.038029836943776776,107.66601562499994
37.89496598639456,0.29831404467115913,0.038245681758429746,107.66601562499994
37.90657596371882,0.29837856911863603,0.03857738011294815,107.66601562499994
37.918185941043085,0.29659942130644246,0.039070318980771936,107.66601562499994
37.92979591836735,0.2935978816517522,0.03968663335444027,107.66601562499994
37.94140589569161,0.2892297801383513,0.04048118914049297,107.66601562499994
37.95301587301587,0.28536691965919814,0.04158639542455419,107.66601562499994
37.964625850340134,0.2815955480860858,0.04277990152467484,107.66601562499994
37.9762358276644,0.27682503799261443,0.04380106045673535,107.66601562499994
37.98784580498866,0.2742610141915687,0.044849269309919816,107.66601562499994
37.99945578231293,0.27252055547531556,0.04558833849731581,107.66601562499994
38.01106575963719,0.27100526219125637,0.04618784470066954,107.66601562499994
38.02267573696145,0.26994947006982517,0.04667153835910727,107.66601562499994
38.034285714285716,0.2697018736833068,0.04707875560230156,107.66601562499994
38.04589569160998,0.26958593800663283,0.04707176552546161,107.66601562499994
38.05750566893424,0.2705658742106889,0.046989675521439296,107.66601562499994
38.0691156462585,0.27202672837617853,0.046806393241465315,107.66601562499994
38.080725623582765,0.27449544155001676,0.04677628165349412,107.66601562499994
38.09233560090703,0.27860135033426486,0.04682242592745993,107.66601562499994
38.10394557823129,0.28382578394325597,0.04696800398133324,107.66601562499994
38.11555555555555,0.28909879372739183,0.04701025580414626,107.66601562499994
38.12716553287982,0.29351969046949244,0.046984432808196565,107.66601562499994
38.138775510204084,0.29678251823494245,0.047078743430355084,107.66601562499994
38.15038548752835,0.29869604935847005,0.046930606824830134,107.66601562499994
38.16199546485261,0.29902788770810185,0.04683089381807248,107.66601562499994
38.17360544217687,0.2988121320564573,0.04647650230610848,107.66601562499994
38.185215419501134,0.2983138305947991,0.04619061301228453,107.66601562499994
38.196825396825396,0.2976768826202088,0.04595377229688313,107.66601562499994
38.20843537414966,0.2986033101465287,0.04584493443106778,107.66601562499994
38.22004535147392,0.3004002971000712,0.04563802857882715,107.66601562499994
38.23165532879818,0.3030910778462473,0.045441169050965326,107.66601562499994
38.243265306122446,0.3072109857250746,0.044903417024142155,107.66601562499994
38.254875283446715,0.31194014076388843,0.0443340781682148,107.66601562499994
38.26648526077098,0.3170823040780316,0.04380491356449062,107.66601562499994
38.27809523809524,0.3221628425548508,0.043130357121220125,107.66601562499994
38.2897052154195,0.3267429558825413,0.042707353910536996,107.66601562499994
38.301315192743765,0.3303892006561911,0.042675685836326284,107.66601562499994
38.31292517006803,0.33303191168024543,0.04300370805446143,107.66601562499994
38.32453514739229,0.3356148687444257,0.04343878015891804,107.66601562499994
38.33614512471655,0.3381349806527316,0.04380429258930833,107.66601562499994
38.347755102040814,0.3402207745250826,0.04431487280327207,107.66601562499994
38.35936507936508,0.34152691145696196,0.044963356632808316,107.66601562499994
38.37097505668934,0.341524441665493,0.045766820213253415,107.66601562499994
38.38258503401361,0.3396950233928771,0.04665058971888891,107.66601562499994
38.39419501133787,0.3358915341183939,0.0477696893291974,107.66601562499994
38.40580498866213,0.3311976317085036,0.04917746986520039,107.66601562499994
38.417414965986396,0.3247938456011676,0.05049698933085493,107.66601562499994
38.42902494331066,0.3167654398283466,0.051709830331624636,107.66601562499994
38.44063492063492,0.3071424658796953,0.05272477146091852,107.66601562499994
38.45224489795918,0.2961249531242144,0.053840971109566954,107.66601562499994
38.463854875283445,0.28459810689418663,0.0549841961828136,107.66601562499994
38.47546485260771,0.27315907820227414,0.05621626415709992,107.66601562499994
38.48707482993197,0.26186846315309786,0.05792146079501234,107.66601562499994
38.49868480725623,0.2505260766100331,0.05981781174800337,107.66601562499994
38.5102947845805,0.23949894166360663,0.06175108566460652,107.66601562499994
38.521904761904764,0.22904516568301853,0.06352811520103181,107.66601562499994
38.53351473922903,0.2192327329062571,0.06536564828482794,107.66601562499994
38.54512471655329,0.21012410031961004,0.06772875566092879,107.66601562499994
38.55673469387755,0.2018561743367251,0.07001159063960706,107.66601562499994
38.568344671201814,0.19409022618131563,0.07172504428871561,107.66601562499994
38.579954648526076,0.1875355416460994,0.07320360965875398,107.66601562499994
38.59156462585034,0.1823283361862,0.07457552456979477,107.66601562499994
38.6031746031746,0.17771493606697789,0.07562590402127267,107.66601562499994
38.61478458049886,0.1740188419052794,0.07692510023623031,107.66601562499994
38.626394557823126,0.17053596571572777,0.07792638379134947,107.66601562499994
38.638004535147395,0.16708050296200883,0.07908928274277584,107.66601562499994
38.64961451247166,0.16404741036770684,0.0801838032438474,107.66601562499994
38.66122448979592,0.1614911128906983,0.08114961503291072,107.66601562499994
38.67283446712018,0.15971893213949848,0.08177434930573409,107.66601562499994
38.684444444444445,0.15888886688009263,0.08238376507892155,107.66601562499994
38.69605442176871,0.1581487403473267,0.08233868940568442,107.66601562499994
38.70766439909297,0.15732728978720323,0.082350591483537,107.66601562499994
38.71927437641723,0.15677819142053304,0.08217923680423828,107.66601562499994
38.730884353741494,0.15605724221461176,0.08151122960099905,107.66601562499994
38.74249433106576,0.15674541941184383,0.08086093827141835,107.66601562499994
38.75410430839002,0.15752205471030734,0.07996682232959373,107.66601562499994
38.76571428571429,0.15804503867648917,0.07922549124840342,107.66601562499994
38.77732426303855,0.15879553208606018,0.07876083035769703,107.66601562499994
38.78893424036281,0.15867754019345337,0.0780191846877812,107.66601562499994
38.800544217687076,0.15928518136424846,0.07715610118993523,107.66601562499994
38.81215419501134,0.15966817646709278,0.0759683287206369,107.66601562499994
38.8237641723356,0.1596320983530611,0.07535583408453204,107.66601562499994
38.83537414965986,0.15976885524644938,0.07482886016508793,107.66601562499994
38.846984126984125,0.15998276750904808,0.07380602242090331,107.66601562499994
38.85859410430839,0.1607015047314126,0.07281496869545416,107.66601562499994
38.87020408163265,0.16204338117016276,0.07213152926510101,107.66601562499994
38.88181405895691,0.16330712515188026,0.07182683979016326,107.66601562499994
38.89342403628118,0.16418740714437285,0.07143411339550634,107.66601562499994
38.905034013605444,0.1653206553414968,0.07122441326177316,107.66601562499994
38.91664399092971,0.16620840834906034,0.07076030997997151,107.66601562499994
38.92825396825397,0.1672783370070918,0.07056821141809501,107.66601562499994
38.93986394557823,0.16841976800235922,0.07032328748974268,107.66601562499994
38.951473922902494,0.16922651976306913,0.07039511073910763,107.66601562499994
38.963083900226756,0.1703754559256672,0.07071175579016849,107.66601562499994
38.97469387755102,0.17124344976849704,0.07097983189722787,107.66601562499994
38.98630385487528,0.17186657315822568,0.07132802781405394,107.66601562499994
38.99791383219954,0.17272951288310004,0.07204167188015896,107.66601562499994
39.00952380952381,0.17309302037332494,0.07239592019940205,107.66601562499994
39.021133786848075,0.17307419414837044,0.07275522536275958,107.7541220207651
39.03274376417234,0.17330760152042604,0.07354246263983863,107.84222841653022
39.0443537414966,0.17245565257583403,0.07447377573928465,107.93033481229537
39.05596371882086,0.1718604136732283,0.0757247693777675,108.0184412080605
39.067573696145125,0.171733594670943,0.07701333288783875,108.10654760382565
39.07918367346939,0.17100986663725087,0.07800560607122671,108.19465399959077
39.09079365079365,0.17126830428379244,0.07910753902066799,108.28276039535592
39.10240362811791,0.17118808895540458,0.0799688401114717,108.37086679112105
39.114013605442175,0.1710044585019685,0.08102705205008554,108.4589731868862
39.12562358276644,0.17131777591452887,0.08153088858598048,108.54707958265132
39.137233560090706,0.17132741851353214,0.0818346727205015,108.63518597841647
39.14884353741497,0.17092800783548417,0.08237730550364936,108.7232923741816
39.16045351473923,0.1699553019147167,0.08296580940856416,108.81139876994675
39.172063492063494,0.16851351887087354,0.08375352269020836,108.89950516571187
39.183673469387756,0.16690488579489024,0.08431926715216798,108.98761156147702
39.19528344671202,0.1654076619716879,0.08472255043616587,109.07571795724218
39.20689342403628,0.16390035573501494,0.08491155578578122,109.1638243530073
39.21850340136054,0.1625760976973981,0.08516106792510227,109.25193074877245
39.230113378684806,0.16121047252688536,0.08534632005452827,109.34003714453758
39.24172335600907,0.1598207841739256,0.08544977178840367,109.42814354030273
39.25333333333333,0.1586316312264987,0.08538279756406143,109.51624993606785
39.2649433106576,0.1569170299358036,0.08513843214408652,109.604356331833
39.27655328798186,0.1551144703330445,0.08519523099475783,109.69246272759815
39.288163265306125,0.15281563757966496,0.0851272180947629,109.78056912336328
39.29977324263039,0.14996030416555492,0.08523206814703195,109.86867551912843
39.31138321995465,0.1470520430786158,0.08554660030077642,109.95678191489355
39.32299319727891,0.14371391874316722,0.08604795284863759,109.95678191489355
39.334603174603174,0.1403805263699066,0.08670183605364586,109.95678191489355
39.34621315192744,0.1371712722547846,0.087195562194853,109.95678191489355
39.3578231292517,0.13374784057231418,0.08742023974978974,109.95678191489355
39.36943310657596,0.13043498953383426,0.08754184676528369,109.95678191489355
39.381043083900224,0.12723501567056913,0.08800806269270012,109.95678191489355
39.39265306122449,0.12369656334209216,0.08842062326473771,109.95678191489355
39.404263038548756,0.12021295933456554,0.08879818572320795,109.95678191489355
39.41587301587302,0.11655031418763259,0.08928619666501787,109.95678191489355
39.42748299319728,0.11259315827801808,0.08976593221471289,109.95678191489355
39.43909297052154,0.1088359244909789,0.09072461362507382,109.95678191489355
39.450702947845805,0.10503806867339437,0.09150775742413066,109.95678191489355
39.46231292517007,0.10147023686344751,0.09233670649515748,109.95678191489355
39.47392290249433,0.09802871343785317,0.09260868318114221,109.95678191489355
39.48553287981859,0.094732591800525,0.09285285494970759,109.95678191489355
39.497142857142855,0.09178752269912428,0.09326322476699643,109.95678191489355
39.50875283446712,0.08897470780720448,0.09362812140345282,109.95678191489355
39.52036281179139,0.08647621865249025,0.09381539769500725,109.95678191489355
39.53197278911565,0.0840180514465755,0.09440245862921137,109.95678191489355
39.54358276643991,0.08168336236060735,0.09475224426406642,109.95678191489355
39.555192743764174,0.0795669222494926,0.0950685039468193,109.95678191489355
39.566802721088436,0.07768340804686882,0.09493812279911779,109.95678191489355
39.5784126984127,0.07611563044462116,0.0945943220020576,109.95678191489355
39.59002267573696,0.07485832041545219,0.09402478989415737,109.95678191489355
39.60163265306122,0.07387945313547793,0.09331639707625171,109.95678191489355
39.613242630385486,0.07300016301623714,0.09294033399869438,109.95678191489355
39.62485260770975,0.07215054100671046,0.0923231364488028,109.95678191489355
39.63646258503401,0.07112718207856208,0.0915010238589955,109.95678191489355
39.64807256235828,0.06981901912634529,0.09101097645502164,109.95678191489355
39.65968253968254,0.06831114708668573,0.0908367056037602,109.95678191489355
39.671292517006805,0.06662081420436457,0.09104639605489014,109.95678191489355
39.68290249433107,0.06486617646943191,0.09060240565533315,109.95678191489355
39.69451247165533,0.06318323828021086,0.09033388832722164,109.95678191489355
39.70612244897959,0.06149143029098664,0.09024991322466133,109.95678191489355
39.717732426303854,0.05996199568068097,0.0895631681413905,109.95678191489355
39.72934240362812,0.05853977157353633,0.08903847813398641,109.95678191489355
39.74095238095238,0.057082611474730295,0.08844088817373985,109.95678191489355
39.75256235827664,0.055788478749792945,0.08736868687618599,109.95678191489355
39.764172335600904,0.05441320494115784,0.08656000141700708,109.95678191489355
39.77578231292517,0.052987509381754526,0.08603168956175498,109.95678191489355
39.787392290249436,0.05148077451863496,0.08564245241098213,109.95678191489355
39.7990022675737,0.04963532686206996,0.08588119152934959,109.95678191489355
39.81061224489796,0.0475500394948034,0.08718392400979416,109.95678191489355
39.82222222222222,0.04516484447482915,0.0884135544025351,109.95678191489355
39.833832199546485,0.04264338059777938,0.08917860066461307,109.95678191489355
39.84544217687075,0.04004588607237606,0.09013749362346689,109.95678191489355
39.85705215419501,0.03722062397028783,0.09184005420557963,109.95678191489355
39.86866213151927,0.03414762029553111,0.08720347799888241,105.72767491816688
39.880272108843535,0.0309420281772878,0.08281242613053524,101.49856792144021
39.8918820861678,0.02771371293630256,0.07862455176863405,97.26946092471354
39.90349206349207,0.0245991936496182,0.07440824369660887,93.04035392798687
39.91510204081633,0.021631027624827447,0.06977625953547949,88.8112469312602
39.92671201814059,0.01888275738019674,0.06528557516450717,84.58213993453353
39.938321995464854,0.016415890510841216,0.060797765683110745,80.35303293780686
39.949931972789116,0.014253088082347851,0.05603669763052965,76.12392594108019
39.96154195011338,0.012503925745989691,0.0510573710257764,71.89481894435352
39.97315192743764,0.0109903403872874,0.04552793376121589,67.66571194762685
39.9847619047619,0.009643880881872065,0.040328083316504545,63.43660495090017
39.996371882086166,0.008457027589351724,0.03499669711996385,59.20749795417349
