t,rms,centroid,tempo
0.0,1.919791823559286e-05,0.47091654298627633,56.17357336956522
0.011609977324263039,2.386984674770153e-05,0.5111620599485454,60.49461747491639
0.023219954648526078,2.8642879663656558e-05,0.5512569954840962,64.81566158026756
0.034829931972789115,3.3256039428541366e-05,0.5916726488134803,69.13670568561874
0.046439909297052155,3.774175987013672e-05,0.6310524487664425,73.45774979096991
0.058049886621315196,4.223760584177988e-05,0.6703273105386925,77.77879389632109
0.06965986394557823,4.66953615989632e-05,0.7092040581054189,82.09983800167227
0.08126984126984127,5.1213907955544244e-05,0.7489276554555278,86.42088210702344
0.09287981859410431,5.577253058656597e-05,0.7872097613722963,90.74192621237462
0.10448979591836735,6.031616605023674e-05,0.8252121973891121,95.0629703177258
0.11609977324263039,6.49317893754951e-05,0.8641764281080809,99.38401442307698
0.12770975056689343,6.961829466492386e-05,0.9050012189968741,103.70505852842815
0.13931972789115646,7.439846730991922e-05,0.9465019100339637,108.02610263377933
0.1509297052154195,7.919288809482641e-05,0.9878284532060988,112.34714673913051
0.16253968253968254,8.092938334957468e-05,0.9901170457903541,112.34714673913051
0.17414965986394557,8.194777373564717e-05,0.9911420936277548,112.34714673913051
0.18575963718820862,8.236042680925347e-05,0.9920586433107821,112.34714673913051
0.19736961451247165,8.264780598724553e-05,0.9935670669200591,112.34714673913051
0.2089795918367347,8.297520287063522e-05,0.9945269329889356,112.34714673913051
0.22058956916099773,8.336970970913069e-05,0.9950420359126011,112.34714673913051
0.23219954648526078,8.371928473682436e-05,0.9976576001453873,112.34714673913051
0.2438095238095238,8.380673848634395e-05,0.9999999999999998,112.34714673913051
0.25541950113378686,8.381420563260413e-05,0.9998449868591658,112.34714673913051
0.26702947845804986,9.268866431508302e-05,0.9956228419590376,112.34714673913051
0.2786394557823129,0.00011363216383664011,0.9804482025212378,112.34714673913051
0.29024943310657597,0.00016203413024360204,0.9616839024635755,112.34714673913051
0.301859410430839,0.0003698206891673892,0.9402891676165185,112.34714673913051
0.313469387755102,0.0010898433137112606,0.9112634504771021,112.34714673913051
0.3250793650793651,0.0026769319941613925,0.8818101121755862,112.34714673913051
0.33668934240362813,0.00544060875886441,0.851756188587689,112.34714673913051
0.34829931972789113,0.009739870449154671,0.8224499925110726,112.34714673913051
0.3599092970521542,0.016152642106819014,0.7931373847747096,112.34714673913051
0.37151927437641724,0.024953094227689866,0.7643149000089785,112.34714673913051
0.3831292517006803,0.03591974673573867,0.7347411109427203,112.34714673913051
0.3947392290249433,0.04981143607748075,0.7075941888191745,112.34714673913051
0.40634920634920635,0.06712212479825257,0.6817602628963614,112.34714673913051
0.4179591836734694,0.08767033577453205,0.6545593755628695,112.34714673913051
0.4295691609977324,0.1094297548992066,0.6249082106122816,112.34714673913051
0.44117913832199546,0.13172272690810324,0.594154057387388,112.34714673913051
0.4527891156462585,0.15246486053990743,0.5635002577289319,112.34714673913051
0.46439909297052157,0.17012794945889906,0.5330512071122022,112.34714673913051
0.47600907029478456,0.1854818024365263,0.5029450014450916,112.34714673913051
0.4876190476190476,0.19797278576752966,0.4728309907102238,112.34714673913051
0.4992290249433107,0.2088307784981229,0.4421296954222417,112.34714673913051
0.5108390022675737,0.2191391510688145,0.4113181044668793,112.34714673913051
0.5224489795918368,0.2302492516677987,0.3802706278965897,112.34714673913051
0.5340589569160997,0.24178648175192613,0.34873343118151906,112.34714673913051
0.5456689342403628,0.25459006780755544,0.3173726660607516,112.34714673913051
0.5572789115646258,0.26858688034653194,0.28660033437823446,112.34714673913051
0.5688888888888889,0.2837480609765686,0.2580326583049204,112.34714673913051
0.5804988662131519,0.29993373032101917,0.24109541883712715,112.34714673913051
0.592108843537415,0.31596753779798115,0.22799853097089132,112.34714673913051
0.603718820861678,0.33119643049647657,0.21673781569191902,112.34714673913051
0.615328798185941,0.34469120589217916,0.21178940395201518,112.34714673913051
0.626938775510204,0.3560348266021192,0.20765382615935604,112.34714673913051
0.6385487528344671,0.3660837323327419,0.20415477952625521,112.34714673913051
0.6501587301587302,0.3747952395273088,0.20203312137694013,112.34714673913051
0.6617687074829932,0.38178462818561176,0.2013157510046116,112.34714673913051
0.6733786848072563,0.38733087603950034,0.20129169689026805,112.34714673913051
0.6849886621315193,0.39110437005061033,0.2015537255596144,112.34714673913051
0.6965986394557823,0.39164918689007966,0.20085761552034678,112.34714673913051
0.7082086167800453,0.3880743890603665,0.1987215521172181,112.34714673913051
0.7198185941043084,0.3802887417149234,0.1971166510879142,112.34714673913051
0.7314285714285714,0.3698476420535847,0.19602695862133235,112.34714673913051
0.7430385487528345,0.35791989702326305,0.19489647740617325,112.34714673913051
0.7546485260770975,0.34718785675986197,0.19379683138664355,112.34714673913051
0.7662585034013606,0.33860495156543496,0.192707929661031,112.34714673913051
0.7778684807256235,0.33171937203264046,0.19063797556248296,112.34714673913051
0.7894784580498866,0.32791330259658047,0.18849372845002701,112.34714673913051
0.8010884353741496,0.3259879631209907,0.18752062164377506,112.34714673913051
0.8126984126984127,0.3252442201971076,0.1872591843389925,112.34714673913051
0.8243083900226758,0.3247685641826249,0.18824235952468807,112.34714673913051
0.8359183673469388,0.3247264286238841,0.190200731821503,112.34714673913051
0.8475283446712019,0.3237777404880477,0.1920587492047594,112.34714673913051
0.8591383219954648,0.32157967522660197,0.19372856385236253,112.34714673913051
0.8707482993197279,0.3173653013642599,0.1953995859969914,112.34714673913051
0.8823582766439909,0.31063359858629247,0.1972946801473943,112.34714673913051
0.893968253968254,0.30265568568007334,0.19931723740511412,112.34714673913051
0.905578231292517,0.2945489296254409,0.20161718883022162,112.34714673913051
0.9171882086167801,0.2876805603326263,0.20416904016860113,112.34714673913051
0.9287981859410431,0.2829050498485349,0.20755388084475226,112.34714673913051
0.9404081632653061,0.2797732951241668,0.21062207311423334,112.34714673913051
0.9520181405895691,0.2775978886376077,0.2116555714361402,112.34714673913051
0.9636281179138322,0.276900656926626,0.2108405970112563,112.34714673913051
0.9752380952380952,0.27758423523053594,0.20888605986504144,112.34714673913051
0.9868480725623583,0.27871218774494017,0.2065941673803098,112.34714673913051
0.9984580498866213,0.28005119789281524,0.20431841078188726,112.34714673913051
1.0100680272108844,0.28114252335808554,0.20256399118368615,112.34714673913051
1.0216780045351475,0.28064399116042843,0.20143925757976835,112.34714673913051
1.0332879818594105,0.2793407817435971,0.20093192620710051,112.34714673913051
1.0448979591836736,0.2781305597673269,0.20076328354790013,112.34714673913051
1.0565079365079366,0.27661831852911667,0.19986186433186257,112.34714673913051
1.0681179138321995,0.276120561837651,0.1995149664166221,112.34714673913051
1.0797278911564625,0.27652027905305504,0.1995804015723011,112.34714673913051
1.0913378684807256,0.2772197131683012,0.19909153200240823,112.34714673913051
1.1029478458049886,0.2779133905453206,0.1974861083765343,112.34714673913051
1.1145578231292517,0.278244237646437,0.19511544750311327,112.34714673913051
1.1261678004535147,0.2773723187926791,0.19111295176008877,112.34714673913051
1.1377777777777778,0.27499984543740896,0.18660916232443364,112.34714673913051
1.1493877551020408,0.27152964098570626,0.18316153742535696,112.34714673913051
1.1609977324263039,0.2676587738840911,0.18065309052961173,112.34714673913051
1.172607709750567,0.264927165360829,0.17845177192310696,112.34714673913051
1.18421768707483,0.26506590600072094,0.17756677389427633,112.34714673913051
1.195827664399093,0.271438785978926,0.17946570007749835,112.34714673913051
1.207437641723356,0.2840776352015529,0.18130393871835496,112.34714673913051
1.2190476190476192,0.29968452987483396,0.18193705070060734,112.34714673913051
1.230657596371882,0.3158048837822388,0.18054585471800572,112.34714673913051
1.242267573696145,0.33017284442456374,0.17898672918793246,112.34714673913051
1.253877551020408,0.3419615989204098,0.17843050699216156,112.34714673913051
1.2654875283446712,0.3514178273761551,0.17803200757587517,112.34714673913051
1.2770975056689342,0.35906669575418837,0.17739750144331506,112.34714673913051
1.2887074829931973,0.3657111061891574,0.17618611031729825,112.34714673913051
1.3003174603174603,0.3709657678799756,0.17432205865098668,112.34714673913051
1.3119274376417234,0.3761740091529244,0.17232584052234037,112.34714673913051
1.3235374149659864,0.38281741251272106,0.1700799939476165,112.34714673913051
1.3351473922902495,0.39033175264056175,0.16774535479671543,112.34714673913051
1.3467573696145125,0.398063825086204,0.16638711118517618,112.25520963050602
1.3583673469387756,0.40524431604599587,0.1663278515568659,112.16327252188151
1.3699773242630386,0.4104334928611537,0.16621151389904448,112.071335413257
1.3815873015873017,0.41352142690430493,0.16575798761010438,111.9793983046325
1.3931972789115645,0.4141281459640862,0.16631070720836183,111.88746119600799
1.4048072562358276,0.4123419861098738,0.16830826040644406,111.79552408738348
1.4164172335600906,0.4091345962083463,0.17066025152400446,111.70358697875898
1.4280272108843537,0.4058151594063584,0.17264961210296148,111.61164987013447
1.4396371882086167,0.4034278539745633,0.1736035742609389,111.51971276150996
1.4512471655328798,0.4020989004177185,0.17494803736603315,111.42777565288546
1.4628571428571429,0.40159919704744573,0.17626409423905165,111.33583854426095
1.474467120181406,0.4011522047746962,0.17875369058337082,111.24390143563645
1.486077097505669,0.4001154704472004,0.18058123220427352,111.15196432701197
1.497687074829932,0.3944872113558492,0.18011819487831202,111.06002721838746
1.509297052154195,0.3830982298851975,0.1798160520547382,110.96809010976298
1.5209070294784581,0.36875669559509966,0.18135822627562373,110.87615300113848
1.5325170068027212,0.3526075480007781,0.1840497747302793,110.784215892514
1.5441269841269842,0.33647906835449304,0.1864857897549699,110.69227878388949
1.555736961451247,0.3219774057800656,0.18856835491042365,110.60034167526501
1.5673469387755101,0.3073311808549279,0.19069438064323957,110.50840456664051
1.5789569160997732,0.29113453996199096,0.19309414971047006,110.41646745801603
1.5905668934240362,0.27436628145197317,0.19569760248173615,110.32453034939152
1.6021768707482993,0.258846503778991,0.20025452213080414,110.23259324076705
1.6137868480725623,0.24637548292579955,0.2057668350138327,110.14065613214254
1.6253968253968254,0.23612385500379116,0.2105630624266359,110.04871902351806
1.6370068027210884,0.22897177122729298,0.21554627200670975,109.95678191489355
1.6486167800453515,0.22315450686650107,0.2183893723368715,109.95678191489355
1.6602267573696146,0.21883716394094266,0.21893965995975645,109.95678191489355
1.6718367346938776,0.2164230464862798,0.21882366430592234,109.95678191489355
1.6834467120181407,0.2154498970026263,0.21898657378167313,109.95678191489355
1.6950566893424037,0.21669725248105332,0.21772071017642197,109.95678191489355
1.7066666666666668,0.21933670154780824,0.2152571332867533,109.95678191489355
1.7182766439909296,0.22363940689812606,0.21482136356295115,109.95678191489355
1.7298866213151927,0.22911649184457303,0.2175087071016372,109.95678191489355
1.7414965986394557,0.23467851054563918,0.22448407532392625,109.95678191489355
1.7531065759637188,0.2406202349038461,0.23103889428911292,109.95678191489355
1.7647165532879818,0.24640142864744383,0.2354886200718645,109.95678191489355
1.7763265306122449,0.25126994989559076,0.2379470351778553,109.95678191489355
1.787936507936508,0.25543679380811185,0.24054800550129649,109.95678191489355
1.799546485260771,0.25954282670666995,0.2423251230418815,109.95678191489355
1.811156462585034,0.2638845485148328,0.24345134737940097,109.95678191489355
1.822766439909297,0.268356278813151,0.2432000662447552,109.95678191489355
1.8343764172335602,0.27304314669050994,0.24230086588313055,109.95678191489355
1.8459863945578232,0.2769213540290305,0.24135216699320702,109.95678191489355
1.8575963718820863,0.2802788760150483,0.24044706517650102,109.95678191489355
1.8692063492063493,0.28375726701331333,0.23951562882048408,109.95678191489355
1.8808163265306121,0.2882161793854513,0.23965688254406603,109.95678191489355
1.8924263038548752,0.2940018649841911,0.24133027758413272,109.95678191489355
1.9040362811791383,0.30054716597778913,0.24173757389718256,109.95678191489355
1.9156462585034013,0.30570840707743446,0.24031394240965842,109.95678191489355
1.9272562358276644,0.3100441355804981,0.23845708827018805,109.95678191489355
1.9388662131519274,0.3126931281214048,0.2352199796926384,109.95678191489355
1.9504761904761905,0.31412393537864064,0.23242924811252438,109.95678191489355
1.9620861678004535,0.3144616520818631,0.23043995405154213,109.95678191489355
1.9736961451247166,0.3140010322244821,0.22876470849829475,109.95678191489355
1.9853061224489796,0.3139437863732465,0.22819297504248953,109.95678191489355
1.9969160997732427,0.3139345044554257,0.22945090276698682,109.95678191489355
2.0085260770975055,0.3158283722071434,0.23162613390491069,109.95678191489355
2.020136054421769,0.3185211187907114,0.2313856517951545,109.95678191489355
2.0317460317460316,0.32135134737845134,0.22816702421962406,109.95678191489355
2.043356009070295,0.324215398365114,0.2214501691194894,109.95678191489355
2.0549659863945577,0.32598054958167416,0.21443426639154117,109.95678191489355
2.066575963718821,0.32655239002142555,0.2096581409115336,109.95678191489355
2.078185941043084,0.3262320909706874,0.20642779397475947,109.95678191489355
2.089795918367347,0.32479616170746756,0.20318459814612097,109.95678191489355
2.10140589569161,0.3222405039605933,0.20103346090280055,109.95678191489355
2.1130158730158732,0.31913179618069853,0.19932161454470212,109.95678191489355
2.124625850340136,0.3149986555506819,0.19735592215106104,109.95678191489355
2.136235827664399,0.31056188633760623,0.1954311992618651,109.95678191489355
2.147845804988662,0.30659545954718165,0.19310892694022755,109.95678191489355
2.159455782312925,0.30283074349981537,0.19119718538264138,109.95678191489355
2.1710657596371883,0.30049538698706324,0.1902595113357416,109.95678191489355
2.182675736961451,0.29884122894880216,0.18868490193341472,109.95678191489355
2.1942857142857144,0.29723526391399085,0.18566520165172729,109.95678191489355
2.2058956916099772,0.2955164814704195,0.18240781807537718,109.95678191489355
2.2175056689342405,0.29274609014074804,0.17960511614479502,109.95678191489355
2.2291156462585033,0.2895103043011829,0.1769314276838345,109.95678191489355
2.2407256235827666,0.28619800990288824,0.17468593070774735,109.95678191489355
2.2523356009070294,0.28383922993782335,0.17510291993627614,109.95678191489355
2.2639455782312927,0.2848811254214546,0.1787623727625315,109.95678191489355
2.2755555555555556,0.28834885591677867,0.18281301613407128,109.95678191489355
2.2871655328798184,0.2926418166278048,0.18579108983525833,109.95678191489355
2.2987755102040817,0.29697226902322443,0.1875782264773626,109.95678191489355
2.3103854875283445,0.2990371679599587,0.18793873732152783,109.95678191489355
2.3219954648526078,0.29901534466596363,0.18840148338968163,109.95678191489355
2.3336054421768706,0.29791863147346853,0.18881768234013357,109.95678191489355
2.345215419501134,0.29639131576098726,0.18912313401395187,109.95678191489355
2.3568253968253967,0.2951246442642217,0.18908062541667361,109.95678191489355
2.36843537414966,0.2944408277274752,0.18851525216662143,109.95678191489355
2.380045351473923,0.2941735188232121,0.18753794138681648,109.95678191489355
2.391655328798186,0.2939667452158879,0.18547631888249833,109.95678191489355
2.403265306122449,0.29367093000347944,0.1829929301850554,109.95678191489355
2.414875283446712,0.2935100603652183,0.18240440601629404,109.95678191489355
2.426485260770975,0.2944890507182751,0.18533891924891865,109.95678191489355
2.4380952380952383,0.2968901328384698,0.1895209357687925,109.95678191489355
2.449705215419501,0.30070985901352937,0.1935271398118405,109.95678191489355
2.461315192743764,0.3047913164457438,0.1965592543979788,109.95678191489355
2.4729251700680273,0.3078811930027924,0.19799562237349067,109.95678191489355
2.48453514739229,0.3096270032115557,0.1989445003091222,109.95678191489355
2.4961451247165534,0.31004167411884864,0.20014661058240282,109.95678191489355
2.507755102040816,0.30980006603953775,0.20130436648239367,109.95678191489355
2.5193650793650795,0.31018554092963435,0.20293899776495797,109.95678191489355
2.5309750566893423,0.31040840691516725,0.20508173527121593,109.95678191489355
2.5425850340136056,0.31017813322119137,0.20818506488481292,109.95678191489355
2.5541950113378684,0.3088090374314019,0.21014302154718123,109.95678191489355
2.5658049886621317,0.3034509701948279,0.21051346766798568,109.95678191489355
2.5774149659863945,0.2969385615758102,0.21091874673547117,109.95678191489355
2.589024943310658,0.29107271770794585,0.21048817941176876,109.95678191489355
2.6006349206349206,0.2867253624428842,0.20996105094098746,109.95678191489355
2.6122448979591835,0.28450560133368114,0.21039777912780058,109.95678191489355
2.6238548752834467,0.2834439175309481,0.21113629445337195,109.95678191489355
2.6354648526077096,0.2821021460479231,0.21232928385772767,109.95678191489355
2.647074829931973,0.2799511242748421,0.2131077209390548,109.95678191489355
2.6586848072562357,0.2772436772258967,0.2137544752167546,109.95678191489355
2.670294784580499,0.27390103146444694,0.21436069326563784,109.95678191489355
2.681904761904762,0.2698902983643312,0.21548568761780235,109.95678191489355
2.693514739229025,0.26553735087497726,0.2176272349506888,109.95678191489355
2.705124716553288,0.2617529747877288,0.2199693964827936,109.95678191489355
2.716734693877551,0.2587341490917016,0.2206443126867963,109.95678191489355
2.728344671201814,0.2561337410557591,0.21880958900661746,109.95678191489355
2.7399546485260773,0.2531864951642889,0.21626306433463738,109.95678191489355
2.75156462585034,0.24961106676724276,0.21433487626059264,109.95678191489355
2.7631746031746034,0.24592894920961092,0.21305888713167306,109.95678191489355
2.7747845804988662,0.24221313336736633,0.2126576861188288,109.95678191489355
2.786394557823129,0.23953332465937888,0.2129510523739151,109.95678191489355
2.7980045351473923,0.23823465082924186,0.2133551178986212,109.95678191489355
2.809614512471655,0.23821550224027435,0.21447709531641793,109.95678191489355
2.8212244897959184,0.23971979932966853,0.21675835114136047,109.95678191489355
2.8328344671201813,0.24356902222840693,0.2197677221045827,109.95678191489355
2.8444444444444446,0.24896848283680803,0.221730008619804,109.95678191489355
2.8560544217687074,0.25629086810613827,0.22181333780960505,109.95678191489355
2.8676643990929707,0.26530578439302166,0.22027932382322693,109.95678191489355
2.8792743764172335,0.27250790706096123,0.21812512112076826,109.95678191489355
2.8908843537414968,0.27705900304608266,0.21653754531300073,109.95678191489355
2.9024943310657596,0.27795703671681987,0.21602944943640945,109.95678191489355
2.914104308390023,0.2761726677737907,0.21538545799569073,109.95678191489355
2.9257142857142857,0.2732745611532605,0.2143050927095936,109.95678191489355
2.9373242630385485,0.27014647904629097,0.21316648692415502,109.95678191489355
2.948934240362812,0.2671798596607279,0.21286246195086755,109.95678191489355
2.9605442176870747,0.26483368521144707,0.21312036145051405,109.95678191489355
2.972154195011338,0.26451673058322084,0.21369491400338755,109.95678191489355
2.9837641723356008,0.2672630179143298,0.21417678324789252,109.95678191489355
2.995374149659864,0.2728436191931314,0.2138188193281538,109.95678191489355
3.006984126984127,0.2797285798203403,0.21297630850625757,109.95678191489355
3.01859410430839,0.286664231563854,0.21194713917658076,109.95678191489355
3.030204081632653,0.29262014077161413,0.21066249410427354,109.95678191489355
3.0418140589569163,0.29753092335877557,0.2090804605812668,109.95678191489355
3.053424036281179,0.30130430075241316,0.20781706879507017,109.95678191489355
3.0650340136054424,0.30373725775974164,0.20661379759939913,109.95678191489355
3.076643990929705,0.3051545915340059,0.2058180523780492,109.95678191489355
3.0882539682539685,0.3063523854196464,0.20483676533572706,109.95678191489355
3.0998639455782313,0.30795007561180926,0.20334374290975746,109.95678191489355
3.111473922902494,0.30976903496311503,0.20133485412155094,109.95678191489355
3.1230839002267574,0.310921868648237,0.1980551519033513,109.95678191489355
3.1346938775510202,0.3099922549659748,0.19429732129815788,109.95678191489355
3.1463038548752835,0.30747409973225936,0.1912819684092735,109.95678191489355
3.1579138321995464,0.3039640304305999,0.1894809561281618,109.95678191489355
3.1695238095238096,0.3004860750818924,0.18813666147875496,109.95678191489355
3.1811337868480725,0.298654286142659,0.1869513190091307,109.95678191489355
3.1927437641723357,0.2983543126843777,0.18561289488925373,109.95678191489355
3.2043537414965986,0.299914464545158,0.1833427422813925,109.95678191489355
3.215963718820862,0.30276866635329486,0.18101565589155189,109.95678191489355
3.2275736961451247,0.30585489195047555,0.17907708987552218,109.95678191489355
3.239183673469388,0.30919031742442005,0.1777301587004049,109.95678191489355
3.250793650793651,0.31319945119920006,0.17595640071072513,109.95678191489355
3.2624036281179136,0.3176281105000525,0.17354481534598448,109.95678191489355
3.274013605442177,0.3208748125680159,0.17082800348986837,109.95678191489355
3.2856235827664397,0.3225500242249542,0.1679639236355588,109.95678191489355
3.297233560090703,0.32214468438141686,0.16562396625867062,109.95678191489355
3.308843537414966,0.32026759538503113,0.16317232979107069,109.95678191489355
3.320453514739229,0.31748254940398923,0.16064601446982682,109.95678191489355
3.332063492063492,0.3144843325142804,0.15852968252093833,109.95678191489355
3.3436734693877552,0.3117433762676237,0.15818924197069212,109.95678191489355
3.355283446712018,0.3111117168954066,0.15972963431576703,109.95678191489355
3.3668934240362813,0.3150623428513034,0.16274228981841887,109.95678191489355
3.378503401360544,0.3235869501382975,0.16599613942793495,109.95678191489355
3.3901133786848074,0.333616831602508,0.16903412116076347,109.95678191489355
3.4017233560090703,0.34283774182561433,0.17093002860099182,109.95678191489355
3.4133333333333336,0.3496570651414669,0.17136287167096564,109.95678191489355
3.4249433106575964,0.352882498681411,0.1717785590962707,109.95678191489355
3.436553287981859,0.35457973604695725,0.172182727952835,109.95678191489355
3.4481632653061225,0.3563006359306346,0.17205575870053041,109.95678191489355
3.4597732426303853,0.35784590073808165,0.1712208169147274,109.95678191489355
3.4713832199546486,0.35948162155395685,0.17018893738499546,109.95678191489355
3.4829931972789114,0.36100693311187676,0.1691655295010512,109.95678191489355
3.4946031746031747,0.36183016000599943,0.16864722221927267,109.95678191489355
3.5062131519274375,0.3623542789100823,0.16914930955925692,109.95678191489355
3.517823129251701,0.36288699418784465,0.17042899524442132,109.95678191489355
3.5294331065759637,0.364294372161894,0.17221291575756925,109.95678191489355
3.541043083900227,0.3663206898738498,0.17365400527883557,109.95678191489355
3.5526530612244898,0.3683743685437757,0.1745965503204315,109.95678191489355
3.564263038548753,0.3696743534874953,0.17568547259561643,109.95678191489355
3.575873015873016,0.3707257557940727,0.1772082991873526,109.95678191489355
3.5874829931972787,0.3709033883610087,0.17868202336185096,109.95678191489355
3.599092970521542,0.3708062784927984,0.18009883310249644,109.95678191489355
3.610702947845805,0.37061526656985067,0.1817150789488631,109.95678191489355
3.622312925170068,0.36929580734122286,0.18438382126236436,109.95678191489355
3.633922902494331,0.367485560148087,0.18654534321895194,109.95678191489355
3.645532879818594,0.3655259218079016,0.18767837310630825,109.95678191489355
3.657142857142857,0.3629222093325805,0.18686514993901826,109.95678191489355
3.6687528344671203,0.3579946879732204,0.18518282793212879,109.95678191489355
3.680362811791383,0.3507049989112223,0.1830184660093251,109.95678191489355
3.6919727891156464,0.34234077230208726,0.18073693496864462,109.95678191489355
3.7035827664399092,0.333510498125213,0.1797472821564829,109.95678191489355
3.7151927437641725,0.3254447814250807,0.18043611945351715,109.95678191489355
3.7268027210884354,0.3191370906139452,0.18128969939129513,109.95678191489355
3.7384126984126986,0.31319157202297565,0.18217623210504305,109.95678191489355
3.7500226757369615,0.30655788956248514,0.1834118615838287,109.95678191489355
3.7616326530612243,0.2988447666231254,0.1856913793156718,109.95678191489355
3.7732426303854876,0.2895488684498314,0.1886588594919656,109.95678191489355
3.7848526077097504,0.28139685273767095,0.19191013770971677,109.95678191489355
3.7964625850340137,0.27604055308878567,0.19597281978386144,109.95678191489355
3.8080725623582765,0.27292418437393634,0.20050007689277694,109.95678191489355
3.81968253968254,0.2732830979687308,0.20489201864456114,109.95678191489355
3.8312925170068026,0.27441455400519865,0.20855674542775893,109.95678191489355
3.842902494331066,0.27508968753814317,0.2110061397579727,109.95678191489355
3.8545124716553287,0.275424791177002,0.2129740740740453,109.95678191489355
3.866122448979592,0.2742237186744233,0.21492926325397865,109.95678191489355
3.877732426303855,0.27190741912262467,0.21664490699786126,109.95678191489355
3.889342403628118,0.2698805274861083,0.2186763912094248,109.95678191489355
3.900952380952381,0.2683933973216328,0.2218868368106803,109.95678191489355
3.912562358276644,0.26793919059225163,0.2266213334471433,109.95678191489355
3.924172335600907,0.26987811683635743,0.23181914222623906,109.95678191489355
3.93578231292517,0.2739434893872006,0.2371490290502882,109.95678191489355
3.947392290249433,0.27934600787232433,0.2405354048316109,109.95678191489355
3.959002267573696,0.28433359889171583,0.24256125686287885,109.95678191489355
3.9706122448979593,0.2884152945567667,0.2437090583767329,109.95678191489355
3.982222222222222,0.29096986859412965,0.24466158752813888,109.95678191489355
3.9938321995464854,0.2922607657048217,0.24542861094615656,109.95678191489355
4.005442176870749,0.2931566319565362,0.24606828000112274,109.95678191489355
4.017052154195011,0.29320788283670857,0.24633417342106445,109.95678191489355
4.028662131519274,0.2925504443392363,0.24655472829918526,109.95678191489355
4.040272108843538,0.2917438620903524,0.2465007011821196,109.95678191489355
4.051882086167801,0.2919190565191335,0.24602255008855126,109.95678191489355
4.063492063492063,0.2951540985058212,0.24532763181568518,109.95678191489355
4.0751020408163265,0.3021237546548128,0.24526358263984194,109.95678191489355
4.08671201814059,0.31017836978806385,0.24491448309944727,109.95678191489355
4.098321995464852,0.317486647675162,0.24334359752574458,109.95678191489355
4.1099319727891155,0.32315997442170274,0.23983127315917638,109.95678191489355
4.121541950113379,0.3252637003128895,0.23509975298270713,109.95678191489355
4.133151927437642,0.32495506717430067,0.23041292080590658,109.95678191489355
4.144761904761904,0.3229263862925649,0.22645341690689358,109.95678191489355
4.156371882086168,0.3198460307191555,0.22313649330719282,109.95678191489355
4.167981859410431,0.31812349652490074,0.22063159917236277,109.95678191489355
4.179591836734694,0.31930427175640885,0.21989476631951885,109.95678191489355
4.191201814058957,0.3235207538960555,0.21974768750313278,109.95678191489355
4.20281179138322,0.32932948352383185,0.21870486201931713,109.95678191489355
4.214421768707483,0.33604564202571086,0.21679669503904614,109.95678191489355
4.2260317460317465,0.34239134180302816,0.21366741777600437,109.95678191489355
4.237641723356009,0.34765219588163054,0.21009987208952965,109.95678191489355
4.249251700680272,0.35283056725498896,0.20734326455140073,109.95678191489355
4.260861678004535,0.35822445354820953,0.205702370506359,109.95678191489355
4.272471655328798,0.3640819167847184,0.20427164845846124,109.95678191489355
4.284081632653061,0.3705686112510726,0.20274308857228665,109.95678191489355
4.295691609977324,0.37765305439463503,0.20119070782473722,109.95678191489355
4.307301587301588,0.3852126421017655,0.19977729579495257,109.95678191489355
4.31891156462585,0.3933742974974924,0.1982939073273046,109.95678191489355
4.330521541950113,0.4022601082466496,0.19665592458837283,109.95678191489355
4.342131519274377,0.41204127129766094,0.19497142832267844,109.95678191489355
4.35374149659864,0.4215320151933078,0.193057660650262,109.95678191489355
4.365351473922902,0.4285928516285294,0.19079550247447083,109.95678191489355
4.3769614512471655,0.43270969996467024,0.18790134073672043,109.95678191489355
4.388571428571429,0.43424983526929567,0.18506636152116565,109.95678191489355
4.400181405895691,0.4334292281033922,0.18254147573485516,109.95678191489355
4.4117913832199545,0.43141929431332615,0.18061526368681305,109.95678191489355
4.423401360544218,0.4293920394966814,0.17927831899784952,109.95678191489355
4.435011337868481,0.4274437805228561,0.17802849737847481,109.95678191489355
4.446621315192743,0.4268087742291812,0.17780347679020406,109.95678191489355
4.458231292517007,0.429299913359452,0.18077708861645234,109.95678191489355
4.46984126984127,0.4341370361861382,0.18475269762057392,109.95678191489355
4.481451247165533,0.4389465531581623,0.18831852961737264,109.95678191489355
4.493061224489796,0.4430242080277947,0.19181057111130398,109.95678191489355
4.504671201814059,0.4464434039970713,0.1947545987284709,109.95678191489355
4.516281179138322,0.4501559695437639,0.19550822895616046,109.95678191489355
4.527891156462585,0.45525610975172914,0.19508582017128256,109.95678191489355
4.539501133786848,0.4615591042106548,0.1944622432183746,109.95678191489355
4.551111111111111,0.46791084477304223,0.19371523506518945,109.95678191489355
4.562721088435374,0.4733994261198125,0.19275508061885618,109.95678191489355
4.574331065759637,0.47770387198590586,0.19131254813005497,109.95678191489355
4.5859410430839,0.48082911862233235,0.18991012318876668,109.95678191489355
4.597551020408163,0.4820798876607728,0.18978530949029812,109.95678191489355
4.609160997732427,0.4817377086732672,0.19126226067478264,109.95678191489355
4.620770975056689,0.4800598697912722,0.19393547798188085,109.95678191489355
4.632380952380952,0.47751026032630567,0.1967437458577793,109.95678191489355
4.6439909297052155,0.475017015417676,0.19912462386807572,109.95678191489355
4.655600907029479,0.47150271456773235,0.20106114751071283,109.95678191489355
4.667210884353741,0.4677469530762821,0.20294254213174887,109.95678191489355
4.6788208616780045,0.46302355310973115,0.20518804595141635,109.95678191489355
4.690430839002268,0.45664952778135065,0.2075078244083991,109.95678191489355
4.702040816326531,0.45004705965331093,0.21031912710649064,109.95678191489355
4.713650793650793,0.4424161553639184,0.2137082825637197,109.95678191489355
4.725260770975057,0.43377509928337193,0.21788871692009085,109.95678191489355
4.73687074829932,0.4255345380068758,0.22330760267577013,109.95678191489355
4.748480725623582,0.41792696345932717,0.2290732710091461,109.95678191489355
4.760090702947846,0.40916634198327845,0.23231930821368574,109.95678191489355
4.771700680272109,0.40025109781707036,0.2327539063716294,109.95678191489355
4.783310657596372,0.39202895710332103,0.23030275092949434,109.95678191489355
4.794920634920635,0.38512384414390016,0.2264600037192488,109.95678191489355
4.806530612244898,0.38049885516335874,0.22260710957553984,109.95678191489355
4.818140589569161,0.3767754358619137,0.22028717398086553,109.95678191489355
4.829750566893424,0.3727623670804224,0.21918925023204214,109.95678191489355
4.841360544217687,0.3681578361364669,0.21889411109673365,109.95678191489355
4.85297052154195,0.3621313467024848,0.21930627320898463,109.95678191489355
4.864580498866213,0.3556257160575592,0.21987194683850933,109.95678191489355
4.876190476190477,0.3484501963340191,0.2205455855218991,109.95678191489355
4.887800453514739,0.3401827355715507,0.22144000783610462,109.95678191489355
4.899410430839002,0.3320975904005173,0.22135709188947955,109.95678191489355
4.911020408163266,0.3234330571403225,0.22001941361730268,109.95678191489355
4.922630385487528,0.3149603671190574,0.21826522320498223,109.95678191489355
4.934240362811791,0.3071732695520468,0.21713022361461662,109.95678191489355
4.9458503401360545,0.3005815185697204,0.21798640877334655,109.95678191489355
4.957460317460318,0.2967012904169996,0.2211507580637665,109.95678191489355
4.96907029478458,0.2944709462721765,0.22430599217341876,109.95678191489355
4.9806802721088435,0.2944468414406321,0.2263750386820981,109.95678191489355
4.992290249433107,0.296480521047024,0.22742736268129388,109.95678191489355
5.00390022675737,0.2991801488944452,0.2273457131661815,109.95678191489355
5.015510204081632,0.3033170079558674,0.22631557388946927,109.95678191489355
5.027120181405896,0.30832278838551586,0.22452007497361007,109.95678191489355
5.038730158730159,0.3139842434733667,0.22370958780817568,109.95678191489355
5.050340136054421,0.31977303609476393,0.2231795459348338,109.95678191489355
5.061950113378685,0.3258692731895135,0.2229713087608475,109.95678191489355
5.073560090702948,0.3315937383636639,0.2231917124655058,109.95678191489355
5.085170068027211,0.3369791340719121,0.22439983248910944,109.95678191489355
5.0967800453514736,0.3406664594326684,0.225142590730858,109.95678191489355
5.108390022675737,0.34157705197220073,0.22553694853600195,109.95678191489355
5.12,0.33976206094688416,0.22588498640479138,109.95678191489355
5.131609977324263,0.3348588401698256,0.22598460537606763,109.95678191489355
5.143219954648526,0.32748133315322137,0.22566192831289084,109.95678191489355
5.154829931972789,0.3192479755045915,0.22541700815799187,109.95678191489355
5.166439909297052,0.31063472561086497,0.2256184136513058,109.95678191489355
5.178049886621316,0.3023773655874701,0.22689138132575346,109.95678191489355
5.189659863945578,0.2954247476676865,0.22918556084093375,109.95678191489355
5.201269841269841,0.29037624650948046,0.23262465356584267,109.95678191489355
5.2128798185941045,0.2881049646339546,0.23635041775509594,109.95678191489355
5.224489795918367,0.2888833562748505,0.23867671902919335,109.95678191489355
5.23609977324263,0.2919615410973094,0.23921276827290824,109.95678191489355
5.2477097505668935,0.29506846296391265,0.23741824112402843,109.95678191489355
5.259319727891157,0.2971640422916706,0.23359161222037975,109.95678191489355
5.270929705215419,0.29767642531312066,0.23000787065315667,109.95678191489355
5.282539682539682,0.29591227700682304,0.22674132778920558,109.95678191489355
5.294149659863946,0.2930728206450888,0.2246066523586882,109.95678191489355
5.305759637188209,0.28946262108268384,0.2244824609013175,109.95678191489355
5.317369614512471,0.28532989694364,0.22605692573276154,109.95678191489355
5.328979591836735,0.2837287032294137,0.22961726674300037,109.95678191489355
5.340589569160998,0.28524726680059165,0.2300740620793616,109.95678191489355
5.352199546485261,0.28821732890053625,0.2276466469368774,109.95678191489355
5.363809523809524,0.2908749627961476,0.22437670753042185,109.95678191489355
5.375419501133787,0.2916034804760274,0.22215261699132943,109.95678191489355
5.38702947845805,0.2886942360539013,0.22060188422739635,109.95678191489355
5.3986394557823125,0.28337580376426713,0.2202313368388528,109.95678191489355
5.410249433106576,0.27753348747145873,0.21983374945362955,109.95678191489355
5.421859410430839,0.2716508898377206,0.21971589018479212,109.95678191489355
5.433469387755102,0.26640846798361245,0.22008985616818422,109.95678191489355
5.445079365079365,0.26229554882330935,0.2204818295423158,109.95678191489355
5.456689342403628,0.2593103322828268,0.21985173245362,109.95678191489355
5.468299319727891,0.2582848490424715,0.2185922628995906,109.95678191489355
5.479909297052155,0.25891604361076287,0.2166894719004138,109.95678191489355
5.491519274376417,0.2604514092607673,0.21376574097107792,109.95678191489355
5.50312925170068,0.2617573258689221,0.21026138959552357,109.95678191489355
5.5147392290249435,0.26162888171886084,0.2074354097335112,109.95678191489355
5.526349206349207,0.259369254926719,0.20617472379687501,109.95678191489355
5.537959183673469,0.25583278426229084,0.20519267212386724,109.95678191489355
5.5495691609977325,0.2528917665768285,0.2035906630900407,109.95678191489355
5.561179138321996,0.2514399465170308,0.20174200968824574,109.95678191489355
5.572789115646258,0.25226770566592,0.20040033452096825,109.95678191489355
5.584399092970521,0.2565970360346588,0.20142208714835125,109.95678191489355
5.596009070294785,0.2660713252049506,0.20421649863149038,109.95678191489355
5.607619047619048,0.2788536972168196,0.2065487504224082,109.95678191489355
5.61922902494331,0.2940428214569877,0.2072697035188833,109.95678191489355
5.630839002267574,0.30695384503142253,0.2051505428475458,109.95678191489355
5.642448979591837,0.314412176286217,0.2036442265986546,109.95678191489355
5.6540589569161,0.31836972682102826,0.20368319433419776,109.95678191489355
5.6656689342403626,0.3196627247121873,0.20399615402531207,109.95678191489355
5.677278911564626,0.32106042843391946,0.20313378657651462,109.95678191489355
5.688888888888889,0.3229316432416242,0.201416417656801,109.95678191489355
5.7004988662131515,0.32483150179949527,0.1988412421175878,109.95678191489355
5.712108843537415,0.32664544993141587,0.1965143718809827,109.95678191489355
5.723718820861678,0.3285314201813065,0.19447630625145954,109.95678191489355
5.735328798185941,0.33138248248049007,0.19290601440972668,109.95678191489355
5.746938775510204,0.33496207078937285,0.1923599899448796,109.95678191489355
5.758548752834467,0.33842579380855625,0.19268174548476394,109.95678191489355
5.77015873015873,0.3407667762813696,0.1932652479526022,109.95678191489355
5.7817687074829935,0.342130043696485,0.19375135682106578,109.95678191489355
5.793378684807256,0.34278502323125365,0.19439435348249928,109.95678191489355
5.804988662131519,0.34352442548621775,0.19438890439664322,109.95678191489355
5.8165986394557825,0.3450880117315602,0.19320778037057207,109.95678191489355
5.828208616780046,0.34717637327075873,0.19140460184888178,109.95678191489355
5.839818594104308,0.34890121815693087,0.1908423177400805,109.95678191489355
5.851428571428571,0.34939850671254313,0.19163817547917283,109.95678191489355
5.863038548752835,0.3482717686858157,0.1941610441257849,109.95678191489355
5.874648526077097,0.3459120491171161,0.19767877194885627,109.95678191489355
5.88625850340136,0.34153966024564075,0.19952383464438203,109.95678191489355
5.897868480725624,0.33323403724831263,0.19940839106623054,109.95678191489355
5.909478458049887,0.32400508458452065,0.19779851435361004,109.95678191489355
5.921088435374149,0.3146933934900274,0.19584443476856425,109.95678191489355
5.932698412698413,0.3068598613444544,0.1941577006545934,109.95678191489355
5.944308390022676,0.30170159065842744,0.1922528428193119,109.95678191489355
5.955918367346939,0.2974572394418239,0.19008227688853693,109.95678191489355
5.9675283446712015,0.29363296185341303,0.1879978957376732,109.95678191489355
5.979138321995465,0.28882414042131355,0.18695723457608537,109.95678191489355
5.990748299319728,0.28384129156813886,0.18641984815960358,109.95678191489355
6.002358276643991,0.27877295544384206,0.18686656211421268,109.95678191489355
6.013968253968254,0.27391141083598114,0.1882401296878506,109.95678191489355
6.025578231292517,0.26975301169442545,0.18878882281944168,109.95678191489355
6.03718820861678,0.2674105490126946,0.1891899478114815,109.95678191489355
6.048798185941043,0.2662315930137559,0.1888264654049318,109.95678191489355
6.060408163265306,0.26635091851045767,0.18809548762320874,109.95678191489355
6.072018140589569,0.26713269622296293,0.18766704605508908,109.95678191489355
6.0836281179138325,0.26748116339117645,0.18734508705627428,109.95678191489355
6.095238095238095,0.26777732845600216,0.18711507709385744,109.95678191489355
6.106848072562358,0.2669504814223435,0.18732477338839318,109.95678191489355
6.1184580498866215,0.26590296830847054,0.1893972878496767,109.95678191489355
6.130068027210885,0.2662857476689909,0.19328423624440033,109.95678191489355
6.141678004535147,0.26889114943169784,0.19864122793641353,109.95678191489355
6.15328798185941,0.2726379097202429,0.20322820259011487,109.95678191489355
6.164897959183674,0.2773118563816604,0.20568882073658437,109.95678191489355
6.176507936507937,0.282336545084985,0.20607409220609338,109.95678191489355
6.188117913832199,0.28755603328016455,0.20514382388966243,109.95678191489355
6.199727891156463,0.29279277586336705,0.20368186971640875,109.95678191489355
6.211337868480726,0.2965310980448023,0.2026981034411767,110.04871902351806
6.222947845804988,0.29755657961919374,0.20247077224010512,110.14065613214257
6.2345578231292516,0.29539545960598523,0.2029014003824864,110.23259324076707
6.246167800453515,0.2909252969796888,0.20419985098800555,110.32453034939158
6.257777777777778,0.2853045688781085,0.206491002160525,110.41646745801609
6.2693877551020405,0.2804077012543498,0.20918902851184532,110.50840456664059
6.280997732426304,0.27772387257549236,0.2114974945576974,110.6003416752651
6.292607709750567,0.2788587729923056,0.213181882865139,110.6922787838896
6.30421768707483,0.2841494986364624,0.21448555544814635,110.78421589251411
6.315827664399093,0.2924989060802926,0.2152489239929203,110.87615300113862
6.327437641723356,0.30212053892801144,0.21609997324634245,110.96809010976311
6.339047619047619,0.31101444709466264,0.21584404795920764,111.0600272183876
6.350657596371882,0.3184997627995877,0.21520445899873586,111.1519643270121
6.362267573696145,0.32349422425406726,0.21465745376735074,111.24390143563659
6.373877551020408,0.32634339068634244,0.21438410833947388,111.33583854426108
6.3854875283446715,0.3270307565591594,0.21470580518481205,111.42777565288557
6.397097505668934,0.3272738506782614,0.21608948516003182,111.51971276151006
6.408707482993197,0.33076804167807233,0.2176702667322097,111.61164987013456
6.42031746031746,0.33677940999079437,0.2173769395586559,111.70358697875905
6.431927437641724,0.34263834427341927,0.21469036849396445,111.79552408738354
6.443537414965986,0.34616138476993713,0.210387887674209,111.88746119600803
6.455147392290249,0.34677687846153427,0.20737268087350855,111.97939830463253
6.466757369614513,0.3453544435058346,0.20543858493732273,112.07133541325702
6.478367346938776,0.3428852892680563,0.2035000969860465,112.16327252188151
6.489977324263038,0.33959412179085,0.20216960870124237,112.25520963050602
6.501587301587302,0.3349999456454614,0.2018135995989418,112.34714673913051
6.513197278911565,0.3290539980687899,0.20199392319018286,112.34714673913051
6.524807256235827,0.3237250568789287,0.20201070865453258,112.34714673913051
6.5364172335600905,0.32061662065114827,0.20194328906108364,112.34714673913051
6.548027210884354,0.3192666034798429,0.20152046723745382,112.34714673913051
6.559637188208617,0.3194943790609637,0.2003768512124458,112.34714673913051
6.5712471655328795,0.3200391134352204,0.2000556015648767,112.34714673913051
6.582857142857143,0.32077038745235853,0.20180164484724875,112.34714673913051
6.594467120181406,0.3215574754247675,0.20365328565297447,112.34714673913051
6.606077097505669,0.3213716363197024,0.20361645954626187,112.34714673913051
6.617687074829932,0.3192110535798488,0.20271668108399574,112.34714673913051
6.629297052154195,0.31489828372517226,0.2022398820967402,112.34714673913051
6.640907029478458,0.30837015340491164,0.20277711266836154,112.34714673913051
6.6525170068027215,0.3027504015581718,0.20464856113234967,112.34714673913051
6.664126984126984,0.3017093973652224,0.2078996422392578,112.34714673913051
6.675736961451247,0.3043717459386463,0.21102605656533535,112.34714673913051
6.6873469387755105,0.3110486509993166,0.21340043339072898,112.34714673913051
6.698956916099773,0.3179559372086338,0.2141522273667999,112.34714673913051
6.710566893424036,0.32049408567500975,0.2145825354393627,112.34714673913051
6.722176870748299,0.319684939507697,0.21511527421170748,112.34714673913051
6.733786848072563,0.3169451252792879,0.2163216896023021,112.34714673913051
6.745396825396825,0.31418872887928606,0.21721271383735066,112.34714673913051
6.757006802721088,0.3124768368623693,0.21684561163951113,112.34714673913051
6.768616780045352,0.31073217866763697,0.2161843975076809,112.34714673913051
6.780226757369615,0.3079859729687586,0.21562674336716406,112.34714673913051
6.791836734693877,0.30407754254630265,0.2160159164448183,112.34714673913051
6.8034467120181406,0.2995471653211163,0.21654444166149509,112.34714673913051
6.815056689342404,0.2957960477040134,0.21763534040842072,112.34714673913051
6.826666666666667,0.2938400507444036,0.21988179240821615,112.34714673913051
6.8382766439909295,0.29332143202010813,0.2225938485280352,112.34714673913051
6.849886621315193,0.2953862843098534,0.22529036029893412,112.34714673913051
6.861496598639456,0.29923887162267043,0.22676407488261457,112.34714673913051
6.873106575963718,0.30454727564266054,0.22590567902042627,112.34714673913051
6.884716553287982,0.30894857398554293,0.22291816468595796,112.34714673913051
6.896326530612245,0.3101226245538035,0.2202628123147652,112.34714673913051
6.907936507936508,0.30858059254928777,0.2198588964304172,112.34714673913051
6.919546485260771,0.30450591475712935,0.2200959519012112,112.34714673913051
6.931156462585034,0.3003691289981184,0.2210850540974277,112.34714673913051
6.942766439909297,0.297102212124297,0.22301986301012328,112.34714673913051
6.9543764172335605,0.2933928285686369,0.2251646975056964,112.34714673913051
6.965986394557823,0.28725908854423765,0.22621727191598176,112.34714673913051
6.977596371882086,0.279671376034693,0.22647261289903647,112.34714673913051
6.989206349206349,0.27215815876651517,0.22701785330892268,112.34714673913051
7.000816326530612,0.266668148022726,0.22662843617151907,112.34714673913051
7.012426303854875,0.26472608810054044,0.22508957164338853,112.34714673913051
7.024036281179138,0.2650711333789211,0.22322035540015883,112.34714673913051
7.035646258503402,0.2665764533701446,0.22058106371521058,112.34714673913051
7.047256235827664,0.2678880609109523,0.2175746172079319,112.34714673913051
7.058866213151927,0.2683771787466593,0.2151283730229813,112.34714673913051
7.070476190476191,0.2681926357615017,0.21329883700365904,112.34714673913051
7.082086167800454,0.2674056860640957,0.212628024199075,112.34714673913051
7.093696145124716,0.26746049877506783,0.21209257102662132,112.34714673913051
7.1053061224489795,0.2695939771153907,0.21150423731666038,112.34714673913051
7.116916099773243,0.2728892095444919,0.20995365747718006,112.34714673913051
7.128526077097506,0.2769545625202593,0.2077922165749585,112.34714673913051
7.1401360544217685,0.28103138107601816,0.20538658340160804,112.34714673913051
7.151746031746032,0.28380245461790304,0.20264005034395322,112.34714673913051
7.163356009070295,0.2860755357344316,0.2007195184010751,112.34714673913051
7.174965986394557,0.287132000072293,0.19965894792901073,112.34714673913051
7.186575963718821,0.28765012900320436,0.19889558542838467,112.34714673913051
7.198185941043084,0.28878480284892843,0.19955935596207486,112.34714673913051
7.209795918367347,0.2905291411785936,0.20128639348865077,112.34714673913051
7.22140589569161,0.2940809487066058,0.20431796220643253,112.34714673913051
7.233015873015873,0.29773397020487463,0.20755567516898643,112.34714673913051
7.244625850340136,0.30164111033829677,0.20878415331706493,112.34714673913051
7.2562358276643995,0.30618171574879427,0.20829937418106234,112.34714673913051
7.267845804988662,0.310933108906612,0.20705768756383489,112.34714673913051
7.279455782312925,0.3166146705126679,0.20619206409022856,112.34714673913051
7.291065759637188,0.32187112144870544,0.20519240774555203,112.34714673913051
7.302675736961452,0.32605502483147436,0.20506719939236007,112.34714673913051
7.314285714285714,0.3288430062408928,0.20538860489320063,112.34714673913051
7.325895691609977,0.3300224970142407,0.2058894689336091,112.34714673913051
7.337505668934241,0.32996900124772466,0.20659389663571676,112.34714673913051
7.349115646258503,0.32937994057221004,0.20859118481059832,112.34714673913051
7.360725623582766,0.3296242200246208,0.21271062766738114,112.34714673913051
7.3723356009070296,0.33186889145890963,0.21672087414252783,112.34714673913051
7.383945578231293,0.33724116020467576,0.21937858191984186,112.34714673913051
7.395555555555555,0.34602625843870755,0.22068134137018655,112.34714673913051
7.4071655328798185,0.35685394168911244,0.2207061014091863,112.34714673913051
7.418775510204082,0.36960285198324117,0.22014364445519408,112.34714673913051
7.430385487528345,0.3819901864722772,0.2186447222054274,112.34714673913051
7.441995464852607,0.3923626792416231,0.21695839336011719,112.34714673913051
7.453605442176871,0.39973253948396587,0.21557795320653028,112.34714673913051
7.465215419501134,0.40312084848269636,0.21527880131438065,112.34714673913051
7.476825396825397,0.4032377858201599,0.21623321975584855,112.25520963050602
7.48843537414966,0.40124957370029163,0.2180645998682397,112.16327252188151
7.500045351473923,0.3990857789820554,0.21930349012053132,112.071335413257
7.511655328798186,0.3969899405969124,0.21982877508763934,111.9793983046325
7.523265306122449,0.3955594007268812,0.21981835343976988,111.88746119600799
7.534875283446712,0.3951089190927611,0.21975524003780905,111.79552408738348
7.546485260770975,0.3948288564019275,0.2202549484341122,111.70358697875898
7.558095238095238,0.39373479542394735,0.22097702986781634,111.61164987013447
7.569705215419501,0.3912443734911318,0.2219684315609521,111.51971276150996
7.581315192743764,0.3865831956099598,0.22309780340434643,111.42777565288546
7.592925170068027,0.3798092673112015,0.2236246845485523,111.33583854426095
7.604535147392291,0.3715652225042085,0.22332219129672465,111.24390143563645
7.616145124716553,0.362698618236264,0.22299259564687818,111.15196432701197
7.627755102040816,0.35422270415837803,0.2233051808749135,111.06002721838746
7.63936507936508,0.3481580508235722,0.22563347446786838,110.96809010976298
7.650975056689342,0.3465507430218645,0.22825580825969283,110.87615300113848
7.662585034013605,0.3472572091706961,0.22803445037344505,110.784215892514
7.6741950113378685,0.3494344815368135,0.22682341943829942,110.69227878388949
7.685804988662132,0.350666446840812,0.22573306927220002,110.60034167526501
7.697414965986394,0.3486514335268411,0.22428494059921356,110.50840456664051
7.7090249433106575,0.3438312985339553,0.22332325721380447,110.41646745801603
7.720634920634921,0.3358612639709785,0.22260641260559247,110.32453034939152
7.732244897959184,0.32650606539647986,0.22304644409626914,110.23259324076705
7.743854875283446,0.3173469474400686,0.2247839070703644,110.14065613214254
7.75546485260771,0.3107622201615082,0.22804463627608426,110.04871902351806
7.767074829931973,0.30775365930199766,0.23157500618593999,109.95678191489355
7.778684807256236,0.30831947894824563,0.23415171773816648,109.95678191489355
7.790294784580499,0.31142851575600894,0.2356330563835611,109.95678191489355
7.801904761904762,0.314736756031174,0.23632960837492314,109.95678191489355
7.813514739229025,0.3179284729609025,0.23609694086767427,109.95678191489355
7.825124716553288,0.32044549034128017,0.23524150649440392,109.95678191489355
7.836734693877551,0.32211837214771644,0.2335168366894575,109.95678191489355
7.848344671201814,0.3223302894185551,0.23185671329512503,109.95678191489355
7.859954648526077,0.32133590389317823,0.23076267697775021,109.95678191489355
7.87156462585034,0.3193892484095983,0.22988520995744985,109.95678191489355
7.883174603174603,0.3169486579557196,0.2291645894270125,109.95678191489355
7.894784580498866,0.3158188195701903,0.22948512732789755,109.95678191489355
7.90639455782313,0.31604804870480635,0.23114823550675595,109.95678191489355
7.918004535147392,0.31754652449987303,0.23410248614441084,109.95678191489355
7.929614512471655,0.32074378783988694,0.23588959045760832,109.95678191489355
7.9412244897959186,0.32292786900042836,0.23462035910464132,109.95678191489355
7.952834467120182,0.3224035126964909,0.23138793001364774,109.95678191489355
7.964444444444444,0.320110238431635,0.229074561570916,109.95678191489355
7.9760544217687075,0.31547424825853676,0.2279437065808887,109.95678191489355
7.987664399092971,0.310272508409674,0.22813753075830806,109.95678191489355
7.999274376417233,0.3054550481218158,0.22968605615479876,109.95678191489355
8.010884353741497,0.3011050206506724,0.2321574004743592,109.95678191489355
8.02249433106576,0.2973960210996894,0.23463391842986833,109.95678191489355
8.034104308390022,0.2936802269149753,0.23679210353946653,109.95678191489355
8.045714285714286,0.29036275053599647,0.23747176701834952,109.95678191489355
8.057324263038549,0.28667709113913153,0.23648551942152032,109.95678191489355
8.068934240362811,0.2825277856614769,0.23469243395220324,109.95678191489355
8.080544217687075,0.2786684128777303,0.23326940809824726,109.95678191489355
8.092154195011338,0.27514491340816044,0.2322395541938151,109.95678191489355
8.103764172335602,0.2724870912586294,0.23123021686693648,109.95678191489355
8.115374149659864,0.27081073091958796,0.23011706494031356,109.95678191489355
8.126984126984127,0.2689405615042251,0.22947814825079282,109.95678191489355
8.13859410430839,0.2675956888294163,0.22946588959323808,109.95678191489355
8.150204081632653,0.2679963015004119,0.23100213245509751,109.95678191489355
8.161814058956915,0.2710948269090026,0.23314733949963223,109.95678191489355
8.17342403628118,0.27726355384108475,0.23624249301978145,109.95678191489355
8.185034013605442,0.28630118221369927,0.23876139372017502,109.95678191489355
8.196643990929704,0.2957576155830032,0.2396829834580107,109.95678191489355
8.208253968253969,0.30381604285812874,0.2395765504583899,109.95678191489355
8.219863945578231,0.31018214569522373,0.23898459515702625,109.95678191489355
8.231473922902495,0.3125771986920956,0.23901786724639315,109.95678191489355
8.243083900226758,0.3133603066767681,0.24061129545559629,109.95678191489355
8.25469387755102,0.3142260822886766,0.24278503920801,109.95678191489355
8.266303854875284,0.3162497994309979,0.24579633600579104,109.95678191489355
8.277913832199546,0.3202591106309323,0.24891571929550305,109.95678191489355
8.289523809523809,0.32512864228617944,0.25172932454494473,109.95678191489355
8.301133786848073,0.3300626817292646,0.2538494221952268,109.95678191489355
8.312743764172335,0.33393665751950097,0.254920363164031,109.95678191489355
8.324353741496598,0.337091694922233,0.2561411083564104,109.95678191489355
8.335963718820862,0.33893913725818975,0.25733285286012414,109.95678191489355
8.347573696145124,0.3395287735242287,0.2587188572898935,109.95678191489355
8.359183673469389,0.3394216062320062,0.2605785732979348,109.95678191489355
8.370793650793651,0.3383324306931377,0.262005645086156,109.95678191489355
8.382403628117913,0.33661148166352545,0.26304938898415586,109.95678191489355
8.394013605442177,0.33442561542267435,0.2642020384575947,109.95678191489355
8.40562358276644,0.3319472484045767,0.2658288704877678,109.95678191489355
8.417233560090702,0.3300001231191795,0.26753983396040476,109.95678191489355
8.428843537414966,0.3292236540006141,0.26905083390608775,109.95678191489355
8.440453514739229,0.32932723280661463,0.2698150388328453,109.95678191489355
8.452063492063493,0.32910978953354814,0.2681780102328517,109.95678191489355
8.463673469387755,0.326486002193336,0.26429930514811,109.95678191489355
8.475283446712018,0.3216954297297027,0.2599786758285151,109.95678191489355
8.486893424036282,0.3150689334044577,0.2564570134781323,109.95678191489355
8.498503401360544,0.3075229924405435,0.25333991100921577,109.95678191489355
8.510113378684807,0.30135915511248257,0.2512680163085266,109.95678191489355
8.52172335600907,0.2976089629383213,0.2500073118516404,109.95678191489355
8.533333333333333,0.2973146104422094,0.24942265770962202,109.95678191489355
8.544943310657596,0.29956459380236594,0.24999717996605184,109.95678191489355
8.55655328798186,0.30194232577265917,0.25229936386575624,109.95678191489355
8.568163265306122,0.3028090876351914,0.25490055631399705,109.95678191489355
8.579773242630386,0.3014094888795327,0.25666949180488435,109.95678191489355
8.591383219954649,0.2984048788533907,0.2574441478577878,109.95678191489355
8.602993197278911,0.2947363355695458,0.257936807733032,109.95678191489355
8.614603174603175,0.29102103451014355,0.2582980248955221,109.95678191489355
8.626213151927438,0.2872649181683845,0.2586623744700688,109.95678191489355
8.6378231292517,0.28397127340287187,0.2583352413380243,109.95678191489355
8.649433106575964,0.28116758112097573,0.25784545049136387,109.95678191489355
8.661043083900227,0.2785224286268386,0.2565514601395397,109.95678191489355
8.672653061224489,0.27652406662196205,0.25497322140429257,109.95678191489355
8.684263038548753,0.27447302433989434,0.2527336697376409,109.95678191489355
8.695873015873016,0.27249797375125884,0.25005901402297176,109.95678191489355
8.70748299319728,0.2699676703088475,0.2469532023123642,109.95678191489355
8.719092970521542,0.26608293072590883,0.24340357577008329,109.95678191489355
8.730702947845804,0.2609709242736364,0.2394025434199686,109.95678191489355
8.742312925170069,0.254683093001559,0.23559291123296816,109.95678191489355
8.753922902494331,0.24828915982116762,0.23205279279580035,109.95678191489355
8.765532879818593,0.24271179800915282,0.22962855287369022,109.95678191489355
8.777142857142858,0.23794940699070602,0.2271915247264966,109.95678191489355
8.78875283446712,0.23421276285140036,0.22461679186242486,109.95678191489355
8.800362811791382,0.23206986848316344,0.2232861661724271,109.95678191489355
8.811972789115647,0.23240288550224836,0.2233962555091754,109.95678191489355
8.823582766439909,0.23518687109727343,0.22460222558373716,109.95678191489355
8.835192743764173,0.24144235976285452,0.22622100548770335,109.95678191489355
8.846802721088435,0.25011004002884013,0.22691850301504685,109.95678191489355
8.858412698412698,0.26119669819914165,0.22551824769694304,109.95678191489355
8.870022675736962,0.27432293098906463,0.2223767963549521,109.95678191489355
8.881632653061224,0.28868833520979814,0.21952605925287416,109.95678191489355
8.893242630385487,0.3038298820201744,0.21679896634688514,109.95678191489355
8.904852607709751,0.3182250936668525,0.2140151273109477,109.95678191489355
8.916462585034013,0.33177012728855515,0.21146950286863783,109.95678191489355
8.928072562358278,0.34402110096711797,0.20908951518244856,109.95678191489355
8.93968253968254,0.35449925499732865,0.2070405381235319,109.95678191489355
8.951292517006802,0.36387315651545377,0.2051143592468992,109.95678191489355
8.962902494331066,0.371924058631682,0.20390731469384715,109.95678191489355
8.974512471655329,0.37858752935953227,0.2040073797869038,109.95678191489355
8.986122448979591,0.3845889901849923,0.20590603105904878,109.95678191489355
8.997732426303855,0.38911775184169495,0.20858662686925075,109.95678191489355
9.009342403628118,0.39289350323387773,0.21078971556064602,109.95678191489355
9.02095238095238,0.3962529027612011,0.2134074837679193,109.95678191489355
9.032562358276644,0.3985785029729144,0.21557981619720454,109.95678191489355
9.044172335600907,0.4010253878548658,0.217915333676826,109.95678191489355
9.05578231292517,0.40384995091590214,0.22064817535902342,109.95678191489355
9.067392290249433,0.40763698546503024,0.22305285360319835,109.95678191489355
9.079002267573696,0.4122194049032374,0.22541587090211151,109.95678191489355
9.09061224489796,0.4165440726555351,0.23012976948394873,109.95678191489355
9.102222222222222,0.42014675705482607,0.23849416351384273,109.95678191489355
9.113832199546485,0.4219251160331171,0.24582923227232764,109.95678191489355
9.125442176870749,0.4225604271981841,0.2487452391366614,109.95678191489355
9.137052154195011,0.4207218894392268,0.24843056715390538,109.95678191489355
9.148662131519274,0.4172317000846831,0.24644376763961867,109.95678191489355
9.160272108843538,0.411620876971419,0.24470435362299858,109.95678191489355
9.1718820861678,0.4044379770278402,0.24334991718654178,109.95678191489355
9.183492063492064,0.3978040355099645,0.24250674447176582,109.95678191489355
9.195102040816327,0.3917249749194261,0.24190926981413133,109.95678191489355
9.206712018140589,0.38776452727340777,0.24162549035085001,109.95678191489355
9.218321995464853,0.3845152746147266,0.2410741673495218,109.95678191489355
9.229931972789116,0.3813178934077675,0.24028260136410518,109.95678191489355
9.241541950113378,0.3780485875417259,0.23954197994210547,109.95678191489355
9.253151927437642,0.37365100429832115,0.2385385764075988,109.95678191489355
9.264761904761905,0.37010670027167575,0.23787623341828115,109.95678191489355
9.276371882086167,0.36850717668625055,0.23689670132100793,109.95678191489355
9.287981859410431,0.3700493702892637,0.2345945239639518,109.95678191489355
9.299591836734693,0.37606828875034154,0.23089276334400424,109.95678191489355
9.311201814058958,0.3860165588084232,0.22741145175788166,109.95678191489355
9.32281179138322,0.3988315029133145,0.22401892693073747,109.95678191489355
9.334421768707482,0.41369325275409774,0.2215151309123052,109.95678191489355
9.346031746031747,0.42835295282817093,0.21895863519966338,109.95678191489355
9.357641723356009,0.4406842634504857,0.21678201673975425,109.95678191489355
9.369251700680271,0.4494491110604359,0.21531621944638332,109.95678191489355
9.380861678004536,0.4556262810975194,0.21464934549437922,109.95678191489355
9.392471655328798,0.4608580741020007,0.21282383346672298,109.95678191489355
9.404081632653062,0.4673198132622441,0.2081162282479265,109.95678191489355
9.415691609977324,0.47418472817893004,0.20295137286278273,109.95678191489355
9.427301587301587,0.4784280764852709,0.19938404704850718,109.95678191489355
9.438911564625851,0.4793173663445242,0.1975359307530193,109.95678191489355
9.450521541950113,0.4760682936099434,0.1963133875183627,109.95678191489355
9.462131519274376,0.47068647722511586,0.19557181869232765,109.95678191489355
9.47374149659864,0.4646157247965037,0.1941144263696829,109.95678191489355
9.485351473922902,0.45695590103992073,0.19187435163695563,109.95678191489355
9.496961451247165,0.44969227764896724,0.18947840118513837,109.95678191489355
9.508571428571429,0.4418153054949266,0.18702938585955012,109.95678191489355
9.520181405895691,0.4346001366637537,0.1848798918998409,109.95678191489355
9.531791383219955,0.4300164377652779,0.18318840566250874,109.95678191489355
9.543401360544218,0.4280974281194935,0.1823553261691178,109.95678191489355
9.55501133786848,0.42952712334583165,0.18291909904474246,109.95678191489355
9.566621315192744,0.43220982749906234,0.18328465636943997,109.95678191489355
9.578231292517007,0.43480214144943863,0.18282366016008256,109.95678191489355
9.58984126984127,0.4346826251998712,0.18224103545694934,109.95678191489355
9.601451247165533,0.43047032379661,0.18256288491544886,109.95678191489355
9.613061224489796,0.42243446949923064,0.18307481716909976,109.95678191489355
9.624671201814058,0.4119777347667716,0.18383003913901114,109.95678191489355
9.636281179138322,0.40047577928675393,0.184063154160014,109.95678191489355
9.647891156462585,0.38977942396990617,0.18377782604245033,109.95678191489355
9.659501133786849,0.38326221987382714,0.18389088214721008,109.95678191489355
9.671111111111111,0.3815987849156369,0.184659536566033,109.95678191489355
9.682721088435374,0.38343296284709055,0.1840576276173193,109.95678191489355
9.694331065759638,0.3879282048938078,0.1823596714196449,109.95678191489355
9.7059410430839,0.39164823562469764,0.17937222085070273,109.95678191489355
9.717551020408163,0.3934764877225895,0.17595785956306506,109.95678191489355
9.729160997732427,0.394125272370628,0.17325968986161475,109.95678191489355
9.740770975056689,0.39393296182882687,0.17132002054908352,109.95678191489355
9.752380952380953,0.39345195307236114,0.17046299513807972,109.95678191489355
9.763990929705216,0.3922623424013551,0.1695125329656495,109.95678191489355
9.775600907029478,0.3916296742880018,0.16946576315600625,109.95678191489355
9.787210884353742,0.3914605356379658,0.16995759779079853,109.95678191489355
9.798820861678005,0.3905992064836834,0.17050457273870248,109.95678191489355
9.810430839002267,0.39029113893983575,0.17194399579928787,109.95678191489355
9.822040816326531,0.38963087330163987,0.174237384629126,109.95678191489355
9.833650793650794,0.38753127650195796,0.1777010472318366,109.95678191489355
9.845260770975056,0.38482006853952777,0.18103255288206402,109.95678191489355
9.85687074829932,0.3821122799679846,0.1827080168737701,109.95678191489355
9.868480725623582,0.3807726051005168,0.18259658464477146,109.95678191489355
9.880090702947847,0.3822411006258853,0.18180889790886218,109.95678191489355
9.891700680272109,0.38635716429303335,0.18053050557016154,109.95678191489355
9.903310657596371,0.3935546547483729,0.17906596507757272,109.95678191489355
9.914920634920636,0.40343327168913806,0.17888417736347967,109.95678191489355
9.926530612244898,0.414160235760562,0.17965726585573727,109.95678191489355
9.93814058956916,0.42658764750995076,0.18168461701217692,109.95678191489355
9.949750566893425,0.43860750285084477,0.18465116153264574,109.95678191489355
9.961360544217687,0.4493197556281259,0.18609928054561342,109.95678191489355
9.97297052154195,0.4581363397467228,0.18542117763169888,109.95678191489355
9.984580498866213,0.4652422471690617,0.1846549006895915,109.95678191489355
9.996190476190476,0.4710688192701146,0.1832988848403117,109.95678191489355
10.00780045351474,0.47506483524521403,0.1819808070210383,109.95678191489355
10.019410430839002,0.47924968489547315,0.18058102723278383,109.95678191489355
10.031020408163265,0.48351585357519805,0.1792944657078365,109.95678191489355
10.042630385487529,0.4889951455073101,0.17692420880932563,109.95678191489355
10.054240362811791,0.4955381953672,0.17397413070999276,109.95678191489355
10.065850340136054,0.5032469193289046,0.17106414561128733,109.95678191489355
10.077460317460318,0.5104457942002378,0.1693145275811329,109.95678191489355
10.08907029478458,0.5174381678493433,0.1691020130221743,109.95678191489355
10.100680272108843,0.5257463064521475,0.16974985141964985,109.95678191489355
10.112290249433107,0.5348513930346517,0.16950410281975858,109.95678191489355
10.12390022675737,0.5455216918432563,0.16816222929314575,109.95678191489355
10.135510204081633,0.5567653287931505,0.16504521487221024,109.95678191489355
10.147120181405896,0.5669484389522343,0.16142268168929516,109.95678191489355
10.158730158730158,0.5742625893620495,0.1586727810349355,109.95678191489355
10.170340136054422,0.577069850138601,0.15809197567801803,109.95678191489355
10.181950113378685,0.5749334197102627,0.15993495174515815,109.95678191489355
10.193560090702947,0.5696573262269639,0.16594399487871236,109.95678191489355
10.205170068027211,0.5620829697499363,0.17321441593363635,109.95678191489355
10.216780045351474,0.5538332440060736,0.17872163323772017,109.95678191489355
10.228390022675738,0.5461587680970661,0.1818950546352116,109.95678191489355
10.24,0.5393856103066076,0.1827848845085347,109.95678191489355
10.251609977324263,0.5357631700745107,0.18173685291562702,109.95678191489355
10.263219954648527,0.5333955038580491,0.1809211058246117,109.95678191489355
10.27482993197279,0.5326041976650672,0.18070499519183172,109.95678191489355
10.286439909297052,0.5322781285483913,0.18079132025877803,109.95678191489355
10.298049886621316,0.5307450852520514,0.18125970392752952,109.95678191489355
10.309659863945578,0.5289055712382539,0.18157172931013896,109.95678191489355
10.32126984126984,0.5255604990003963,0.1821281476432101,109.95678191489355
10.332879818594105,0.5213506082468858,0.18285268118218007,109.95678191489355
10.344489795918367,0.5157169064515015,0.18459336150010808,109.95678191489355
10.356099773242631,0.5103849890171485,0.18665605734983504,109.95678191489355
10.367709750566894,0.5054709503035613,0.18903852831902104,109.95678191489355
10.379319727891156,0.5018429973969478,0.19004778959886737,109.95678191489355
10.39092970521542,0.49900813326468013,0.18908697055813486,109.95678191489355
10.402539682539683,0.4946401558655892,0.1874522952409469,109.95678191489355
10.414149659863945,0.48845736903124576,0.18580458927758123,109.95678191489355
10.425759637188209,0.47995536054443827,0.18522895436927728,109.95678191489355
10.437369614512471,0.47007402641656637,0.1849080068107145,109.95678191489355
10.448979591836734,0.4607626576860861,0.18492900618938646,109.95678191489355
10.460589569160998,0.45458840141984846,0.1853407040402844,109.95678191489355
10.47219954648526,0.45287521911389783,0.18553875459065117,109.95678191489355
10.483809523809525,0.4539404780751418,0.18535071732543032,109.95678191489355
10.495419501133787,0.45747566094948183,0.18282493206137135,109.95678191489355
10.50702947845805,0.46124789299294416,0.1788848572990402,109.95678191489355
10.518639455782314,0.4638373214938604,0.17499626371550836,109.95678191489355
10.530249433106576,0.4660560072233717,0.17191705867070822,109.95678191489355
10.541859410430838,0.46676632091581044,0.16953066672300907,109.95678191489355
10.553469387755102,0.46533775021509877,0.16798264122959544,109.95678191489355
10.565079365079365,0.462258504173641,0.16665415418175838,109.95678191489355
10.576689342403627,0.4571450795696061,0.16602228656867132,109.95678191489355
10.588299319727891,0.4504605244027466,0.1654855363797464,109.95678191489355
10.599909297052154,0.44225918408116316,0.16500419442887848,109.95678191489355
10.611519274376418,0.4338952690072759,0.16492980393565546,109.95678191489355
10.62312925170068,0.42737386335026273,0.1659331168324557,109.95678191489355
10.634739229024943,0.42324964812179416,0.16799365858829374,109.95678191489355
10.646349206349207,0.42253559767234705,0.17090722120458227,109.95678191489355
10.65795918367347,0.42384708776270047,0.1730946672054209,109.95678191489355
10.669569160997732,0.42573259903953903,0.17432410011787486,109.95678191489355
10.681179138321996,0.426604301317991,0.17487638912454495,109.95678191489355
10.692789115646258,0.42656275384450393,0.17515484546060953,109.95678191489355
10.704399092970522,0.42491515054117357,0.17528063540773947,109.95678191489355
10.716009070294785,0.4218840908393101,0.1764830083556852,109.95678191489355
10.727619047619047,0.4183577717258539,0.17742775983230263,109.95678191489355
10.739229024943311,0.4163221437746911,0.17839683199608924,109.95678191489355
10.750839002267574,0.41775007224632255,0.17970636576822943,109.95678191489355
10.762448979591836,0.4218880691610825,0.18106691571901895,109.95678191489355
10.7740589569161,0.42810286749159876,0.18110592413014648,109.95678191489355
10.785668934240363,0.43645791463969236,0.1796375036181616,109.95678191489355
10.797278911564625,0.4450020486894573,0.17680764704504076,109.95678191489355
10.80888888888889,0.45332349667778954,0.1738718715942447,109.95678191489355
10.820498866213152,0.45962572812525304,0.17168147954394716,109.95678191489355
10.832108843537416,0.46163253989898667,0.1700563879771121,109.95678191489355
10.843718820861678,0.4595898915759857,0.1695815730677591,109.95678191489355
10.85532879818594,0.4534177977308791,0.17000264761034828,109.95678191489355
10.866938775510205,0.4455029515537319,0.17073564797155932,109.95678191489355
10.878548752834467,0.4380163538895924,0.17158131538565555,109.95678191489355
10.89015873015873,0.43124572086741125,0.1720611532560752,109.95678191489355
10.901768707482994,0.42818168174435406,0.17238986198630085,109.95678191489355
10.913378684807256,0.42810274171132506,0.17294261496564334,109.95678191489355
10.924988662131518,0.42898586084032464,0.17275595650615078,109.95678191489355
10.936598639455783,0.42966006143349,0.171209903016879,109.95678191489355
10.948208616780045,0.42860709395383667,0.16785655183592332,109.95678191489355
10.95981859410431,0.42677106680246363,0.16461016013885993,109.95678191489355
10.971428571428572,0.4251056326876039,0.16149163421378335,109.95678191489355
10.983038548752834,0.4248684510743524,0.15932568848211826,109.95678191489355
10.994648526077098,0.4263547157705863,0.15832202882788682,109.95678191489355
11.00625850340136,0.4304909042815422,0.15901227055008424,109.95678191489355
11.017868480725623,0.43768109448310966,0.1603943490385486,109.95678191489355
11.029478458049887,0.4495825139520198,0.16209923458666586,109.95678191489355
11.04108843537415,0.46220472352729974,0.16363127850341075,109.95678191489355
11.052698412698414,0.4746803882548384,0.16331969647746428,109.95678191489355
11.064308390022676,0.48332541474382906,0.16177182264497023,109.95678191489355
11.075918367346938,0.4866408878012285,0.1612083510064999,109.95678191489355
11.087528344671203,0.48665344750300554,0.16093664055869336,109.95678191489355
11.099138321995465,0.48194724778065107,0.1606743065125723,109.95678191489355
11.110748299319727,0.47663517031028046,0.1605571024809127,109.95678191489355
11.122358276643991,0.47102901689380394,0.16063216730830762,109.95678191489355
11.133968253968254,0.4670439529653266,0.16059033706607634,109.95678191489355
11.145578231292516,0.4642715208298883,0.16014077579056263,109.95678191489355
11.15718820861678,0.4635242002485484,0.15914813536368924,109.95678191489355
11.168798185941043,0.4647999429187025,0.15967400255652098,109.95678191489355
11.180408163265307,0.46628852830263706,0.16105991990203,109.95678191489355
11.19201814058957,0.4698686472210193,0.16325553407814664,109.95678191489355
11.203628117913832,0.47298802466665635,0.16436731782825792,109.95678191489355
11.215238095238096,0.4751591871102022,0.1644169571198491,109.95678191489355
11.226848072562358,0.47670041861906814,0.16412824298692485,109.95678191489355
11.23845804988662,0.477035875442272,0.16408711248430968,109.95678191489355
11.250068027210885,0.4761619157827471,0.16520681928971254,109.95678191489355
11.261678004535147,0.4728403752848554,0.16742569116689207,109.95678191489355
11.27328798185941,0.46731087953087663,0.17286610347186232,109.95678191489355
11.284897959183674,0.46069929108351354,0.18246949650180044,109.95678191489355
11.296507936507936,0.45479212714623324,0.19149121007133538,109.95678191489355
11.3081179138322,0.4514095190759391,0.19603637287677553,109.95678191489355
11.319727891156463,0.44983845681763407,0.1967740205368786,109.95678191489355
11.331337868480725,0.44763828661081156,0.19559157746736552,109.95678191489355
11.34294784580499,0.4460175453092658,0.19402473289162883,109.95678191489355
11.354557823129252,0.4420151520243903,0.19388320804248554,109.95678191489355
11.366167800453514,0.43790725158030996,0.19452281499416565,109.95678191489355
11.377777777777778,0.4342946488649917,0.19525406553606997,109.95678191489355
11.38938775510204,0.42942626589184774,0.1960426649080078,109.95678191489355
11.400997732426303,0.425888531593808,0.19678261762573399,109.95678191489355
11.412607709750567,0.4216526068225671,0.19851433454254108,109.95678191489355
11.42421768707483,0.41824622628052494,0.20018335747089536,109.95678191489355
11.435827664399094,0.4161143322718628,0.20122619176169637,109.95678191489355
11.447437641723356,0.41567973393748314,0.2015843253609047,109.95678191489355
11.459047619047618,0.4158453882240402,0.2026621340060992,109.95678191489355
11.470657596371883,0.4149000620033365,0.2029679750139501,109.95678191489355
11.482267573696145,0.41365580271880165,0.2021889732996338,109.95678191489355
11.493877551020407,0.41063507532499244,0.20088562049346528,109.95678191489355
11.505487528344672,0.4062082810707163,0.20069342865828832,109.95678191489355
11.517097505668934,0.40142720543424587,0.20105196522239596,109.95678191489355
11.528707482993198,0.39651736494966494,0.20145966826334089,109.95678191489355
11.54031746031746,0.39270577867417866,0.2024260204284106,109.95678191489355
11.551927437641723,0.3922966579255897,0.20350202546125457,109.95678191489355
11.563537414965987,0.3962473613488075,0.20527136678965546,109.95678191489355
11.57514739229025,0.4047578146065804,0.20465979625911082,109.95678191489355
11.586757369614512,0.41539246761878307,0.1993018259585565,109.95678191489355
11.598367346938776,0.426551694343211,0.19272989691398817,109.95678191489355
11.609977324263038,0.4354861787264006,0.18871594439418948,109.95678191489355
11.6215873015873,0.44137137109889957,0.1867653415694756,109.95678191489355
11.633197278911565,0.44422975864131353,0.18568366207051692,109.95678191489355
11.644807256235827,0.444434180740605,0.18559824499112354,109.95678191489355
11.656417233560092,0.44277173036707457,0.18518048854370794,109.95678191489355
11.668027210884354,0.43930479120459887,0.18433022943934568,109.95678191489355
11.679637188208616,0.43584847589385856,0.18343435394819652,109.95678191489355
11.69124716553288,0.4324131500621856,0.18282538116374433,109.95678191489355
11.702857142857143,0.4301038942057197,0.18227262672363326,109.95678191489355
11.714467120181405,0.4298629974929905,0.18108133633862705,109.95678191489355
11.72607709750567,0.43241289766865615,0.1802706357515066,109.95678191489355
11.737687074829932,0.4365984470237496,0.18084124425819917,109.95678191489355
11.749297052154194,0.44226728732953097,0.18203894933895853,109.95678191489355
11.760907029478458,0.4490476895639711,0.18213953650335493,109.95678191489355
11.77251700680272,0.45570231152461227,0.1808585384621343,109.95678191489355
11.784126984126985,0.46085184256406514,0.17924881117791125,109.95678191489355
11.795736961451247,0.4636655639485874,0.17790341523260667,109.95678191489355
11.80734693877551,0.46442808311850825,0.17704766435364933,109.95678191489355
11.818956916099774,0.4635431430909753,0.17686969938184469,109.95678191489355
11.830566893424036,0.4634873799476031,0.1766778830989233,109.95678191489355
11.842176870748299,0.46663968267060746,0.1757556736085466,109.95678191489355
11.853786848072563,0.47107055853641744,0.17490537849868854,109.95678191489355
11.865396825396825,0.4759837609361311,0.17255656680814518,109.95678191489355
11.877006802721088,0.4804054390152967,0.16947865201261134,109.95678191489355
11.888616780045352,0.484249309172052,0.16669006152390706,109.95678191489355
11.900226757369614,0.48586465441655363,0.16476635899437445,109.95678191489355
11.911836734693878,0.4848798098663826,0.1632395698411833,109.95678191489355
11.92344671201814,0.48145877134104226,0.162205787039446,109.95678191489355
11.935056689342403,0.4751232889202708,0.16211571381269538,109.95678191489355
11.946666666666667,0.46809962180542974,0.16159051173038577,109.95678191489355
11.95827664399093,0.4618097284865458,0.16116799787675348,109.95678191489355
11.969886621315192,0.45703604473186127,0.16126309235609218,109.95678191489355
11.981496598639456,0.45324580944960685,0.16104158929962803,109.95678191489355
11.993106575963719,0.45068167111354346,0.16043609333416833,109.95678191489355
12.004716553287983,0.45021490301642125,0.15946665334189788,109.95678191489355
12.016326530612245,0.4501570107711959,0.158183084246448,109.95678191489355
12.027936507936507,0.4495352530553673,0.15601609254683071,109.95678191489355
12.039546485260772,0.4479622549470206,0.15301655909888176,109.95678191489355
12.051156462585034,0.44380992491192106,0.1500042694837343,109.95678191489355
12.062766439909296,0.43768032813971974,0.14799777825527338,109.95678191489355
12.07437641723356,0.4304251370250022,0.14737739542393466,109.95678191489355
12.085986394557823,0.4248454582737054,0.14986516277857082,109.95678191489355
12.097596371882085,0.42280586949339083,0.15432152414185787,109.95678191489355
12.10920634920635,0.4245521919860507,0.15995331529432102,109.95678191489355
12.120816326530612,0.429276095073697,0.1655100802825226,109.95678191489355
12.132426303854876,0.4334339061299991,0.1698688417534046,109.95678191489355
12.144036281179138,0.4356640303675886,0.17256522034042512,109.95678191489355
12.1556462585034,0.4362879471726205,0.17297684214349535,109.95678191489355
12.167256235827665,0.43538753367246447,0.17264538905590943,109.95678191489355
12.178866213151927,0.43277321483802894,0.17217011995647372,109.95678191489355
12.19047619047619,0.42791719165099507,0.17198433320337864,109.95678191489355
12.202086167800454,0.4223771020326311,0.17211484187409018,109.95678191489355
12.213696145124716,0.41733581366509276,0.171982357935792,109.95678191489355
12.225306122448979,0.4132099541302634,0.17176565002520489,109.95678191489355
12.236916099773243,0.4123165610019456,0.17109400840387218,109.95678191489355
12.248526077097505,0.41137830346603305,0.17132180455073936,109.95678191489355
12.26013605442177,0.4114360840916777,0.1719795941376261,109.95678191489355
12.271746031746032,0.41216038438396657,0.172794975482518,109.95678191489355
12.283356009070294,0.4149410622076853,0.17441239898162708,109.95678191489355
12.294965986394558,0.4202430922498269,0.17534314460191164,109.95678191489355
12.30657596371882,0.4250096398481827,0.17606855109146366,109.95678191489355
12.318185941043083,0.4305878667119481,0.17684602541642333,109.95678191489355
12.329795918367347,0.434092608261083,0.1777836052262019,109.95678191489355
12.34140589569161,0.4361958810100912,0.17898451379832153,109.95678191489355
12.353015873015874,0.4380508051898841,0.18060567012268292,109.95678191489355
12.364625850340136,0.4395843774297595,0.18274245154494692,109.95678191489355
12.376235827664399,0.4415448320922517,0.18431560229478675,109.95678191489355
12.387845804988663,0.4432610439535389,0.18381183028213874,109.95678191489355
12.399455782312925,0.44435152144318846,0.1817658275382735,109.95678191489355
12.411065759637188,0.4454638388864722,0.17827333911562884,109.95678191489355
12.422675736961452,0.44698310799335816,0.17387911613164936,109.95678191489355
12.434285714285714,0.4490232840259444,0.17000561351166366,109.95678191489355
12.445895691609977,0.4498339570491635,0.16751311764787183,109.95678191489355
12.45750566893424,0.4482621417751796,0.16662845603195153,109.95678191489355
12.469115646258503,0.4444402606758265,0.16648935589992747,109.95678191489355
12.480725623582767,0.4385260505442676,0.1668096601504834,109.95678191489355
12.49233560090703,0.4316750955720095,0.1673133680429704,109.95678191489355
12.503945578231292,0.4236234412730844,0.16842433679970922,109.95678191489355
12.515555555555556,0.41506071673225564,0.17076893170168844,109.95678191489355
12.527165532879819,0.4090158358898946,0.1735315780064915,109.95678191489355
12.538775510204081,0.40555685920183776,0.17746344754991916,109.95678191489355
12.550385487528345,0.407621406620191,0.1821739092806921,109.95678191489355
12.561995464852608,0.4116927841378806,0.18606772788521872,109.95678191489355
12.57360544217687,0.41706840646896,0.18871869817532838,109.95678191489355
12.585215419501134,0.4202606381815309,0.18943047294182036,109.95678191489355
12.596825396825396,0.4198008854583553,0.1902684877266861,109.95678191489355
12.60843537414966,0.41740689701241007,0.1924779910030549,109.95678191489355
12.620045351473923,0.41114678446404845,0.19518165919099487,109.95678191489355
12.631655328798185,0.405740074413774,0.19989972058062805,109.95678191489355
12.64326530612245,0.40103829615958714,0.20770899758229558,109.95678191489355
12.654875283446712,0.398356166763899,0.21687887619601054,109.95678191489355
12.666485260770974,0.39822933526688453,0.22343669641088745,109.95678191489355
12.678095238095239,0.40141019177800513,0.22791885858033767,109.95678191489355
12.689705215419501,0.4079247653170997,0.22959456594151098,109.95678191489355
12.701315192743763,0.4161541821281444,0.2291703597344331,109.95678191489355
12.712925170068027,0.42504893827041634,0.2281033677615673,109.95678191489355
12.72453514739229,0.4336989443254784,0.22714347609633195,109.95678191489355
12.736145124716554,0.4412699672087593,0.22673706611932018,109.95678191489355
12.747755102040816,0.44799551175120217,0.2262266061230708,109.95678191489355
12.759365079365079,0.4550560832981651,0.2252537386992683,109.95678191489355
12.770975056689343,0.4610580497436661,0.2247155750666194,109.95678191489355
12.782585034013605,0.4677346116157748,0.22416854816394216,109.95678191489355
12.794195011337868,0.47576171876974244,0.22362849014972905,109.95678191489355
12.805804988662132,0.48483922865195267,0.2232679861248349,109.95678191489355
12.817414965986394,0.49616550740664267,0.2232643257002003,109.95678191489355
12.829024943310658,0.5055040655008123,0.22248076453925617,109.95678191489355
12.84063492063492,0.5114998637150056,0.21987205275704866,109.95678191489355
12.852244897959183,0.5125763312813106,0.21553598466397939,109.95678191489355
12.863854875283447,0.508973472788793,0.21136890925179805,109.95678191489355
12.87546485260771,0.5036679375586238,0.2077166507512178,109.95678191489355
12.887074829931972,0.4978151989957109,0.20494255239647968,109.95678191489355
12.898684807256236,0.4938675634449992,0.2033972990894277,109.95678191489355
12.910294784580499,0.4920099437356301,0.20197779658439158,109.95678191489355
12.921904761904761,0.49284018183878964,0.2013332121153459,109.95678191489355
12.933514739229025,0.49564583246124005,0.2012965993167129,109.95678191489355
12.945124716553288,0.500555549664493,0.20058065922250704,109.95678191489355
12.956734693877552,0.5067207497510171,0.19688680890195542,109.95678191489355
12.968344671201814,0.5131802798431405,0.19291056764001807,109.95678191489355
12.979954648526077,0.5189959998554051,0.18989341844457075,109.95678191489355
12.99156462585034,0.52214629925683,0.1885097272672633,109.95678191489355
13.003174603174603,0.523716105378361,0.18818916302536473,109.95678191489355
13.014784580498866,0.522638210081001,0.18821748510069278,109.95678191489355
13.02639455782313,0.5186407630429188,0.1882641269173481,109.95678191489355
13.038004535147392,0.5133365905712128,0.18864177641632343,109.95678191489355
13.049614512471654,0.5073265208773441,0.18904828790252262,109.95678191489355
13.061224489795919,0.502513601174072,0.18948941114328652,109.95678191489355
13.072834467120181,0.5009952700048568,0.18895364619164062,109.95678191489355
13.084444444444445,0.5001557058358331,0.18804820673215697,109.95678191489355
13.096054421768708,0.4985022583311718,0.18701201057520744,109.95678191489355
13.10766439909297,0.4958946999782075,0.18574134212692922,109.95678191489355
13.119274376417234,0.4907434796513689,0.18295764591484154,109.95678191489355
13.130884353741497,0.48826078862399114,0.1798875186543009,109.95678191489355
13.142494331065759,0.4875102219120089,0.17699791842293347,109.95678191489355
13.154104308390023,0.48884580517215936,0.1741160293248433,109.95678191489355
13.165714285714285,0.4924974330916332,0.17157227148639273,109.95678191489355
13.177324263038548,0.4952085444281578,0.17066260653785756,109.95678191489355
13.188934240362812,0.498929473946567,0.17325374827955134,109.95678191489355
13.200544217687074,0.503071334231591,0.17786780350566012,109.95678191489355
13.212154195011339,0.5093833748744468,0.182748994550447,109.95678191489355
13.223764172335601,0.5191225148192801,0.18541765674643598,109.95678191489355
13.235374149659863,0.5316193864341741,0.18325548837490221,109.95678191489355
13.246984126984128,0.5465950140697344,0.1769194491690204,109.95678191489355
13.25859410430839,0.5616685820565049,0.1715030280864647,109.95678191489355
13.270204081632652,0.5768551023951107,0.16781101482035565,109.95678191489355
13.281814058956916,0.589783177109974,0.1646417679595769,109.95678191489355
13.293424036281179,0.6006921385737295,0.16170645743719908,109.95678191489355
13.305034013605443,0.6100640384362391,0.15911282979506905,109.95678191489355
13.316643990929705,0.6171769345771024,0.15676807547641192,109.95678191489355
13.328253968253968,0.6241487169125103,0.15523189316679367,109.95678191489355
13.339863945578232,0.6307453158497607,0.1543160344718283,109.95678191489355
13.351473922902494,0.6362311283645435,0.15437487199584302,109.95678191489355
13.363083900226757,0.6388820800789865,0.15540885017628014,109.95678191489355
13.374693877551021,0.6373333167473677,0.1571449537335452,109.95678191489355
13.386303854875283,0.6324887503940149,0.15954759323887838,109.95678191489355
13.397913832199546,0.6268104607410416,0.16221497079690073,109.95678191489355
13.40952380952381,0.6211166876196621,0.1640914949213117,109.95678191489355
13.421133786848072,0.6161467308280608,0.16593109577880438,109.95678191489355
13.432743764172336,0.608915793648656,0.16817553740150817,109.95678191489355
13.444353741496599,0.6002887070918297,0.17170386094528145,109.95678191489355
13.455963718820861,0.5919081548695411,0.17753907060561944,109.95678191489355
13.467573696145125,0.5872018751809198,0.185629011247764,109.95678191489355
13.479183673469388,0.5867260808914341,0.19283964907496792,109.95678191489355
13.49079365079365,0.588497170436285,0.19474944021105028,109.95678191489355
13.502403628117914,0.5916901918157405,0.19333112331485688,109.95678191489355
13.514013605442177,0.5914794540473368,0.19023311208911378,109.95678191489355
13.525623582766439,0.5875003442738072,0.18792165366936384,109.95678191489355
13.537233560090703,0.57786335123901,0.18850925395230467,109.95678191489355
13.548843537414966,0.5621167021868091,0.19088599560637626,109.95678191489355
13.56045351473923,0.5439647511278766,0.19433627291239,109.95678191489355
13.572063492063492,0.5229807647433639,0.19720481172293117,109.95678191489355
13.583673469387755,0.502493567125296,0.1997222451670206,109.95678191489355
13.595283446712019,0.4827330846141775,0.20210225140132143,109.95678191489355
13.606893424036281,0.46265820639537003,0.20425906518014414,109.95678191489355
13.618503401360543,0.44385491010189804,0.2059361610925216,109.95678191489355
13.630113378684808,0.42608920360838004,0.20765659571867817,109.95678191489355
13.64172335600907,0.4116010061871046,0.20865801394791303,109.95678191489355
13.653333333333334,0.40137896828275293,0.2082960397422335,109.95678191489355
13.664943310657597,0.3960013101437983,0.206834599898697,109.95678191489355
13.676553287981859,0.39586213218838473,0.20503031264103427,109.95678191489355
13.688163265306123,0.400085000800609,0.20258657030409502,109.95678191489355
13.699773242630386,0.4073962132831019,0.19988909141123384,109.95678191489355
13.711383219954648,0.41644730014501286,0.1976069635998383,109.95678191489355
13.722993197278912,0.42561598573205234,0.19591437690686514,109.95678191489355
13.734603174603174,0.4345144927920257,0.19571393176877283,109.95678191489355
13.746213151927437,0.4442308581774818,0.19664060694243324,109.95678191489355
13.757823129251701,0.45357584189438044,0.19646717493599333,109.95678191489355
13.769433106575963,0.4611436694589176,0.19352885317517388,109.95678191489355
13.781043083900228,0.46681063388935723,0.18959720851186318,109.95678191489355
13.79265306122449,0.4693928046185808,0.18686341424173974,109.95678191489355
13.804263038548752,0.4690577776140609,0.18442834029759378,109.95678191489355
13.815873015873017,0.4679003058854654,0.18239652784389007,109.95678191489355
13.827482993197279,0.4658739740128165,0.18029419287925613,109.95678191489355
13.839092970521541,0.46389702797376353,0.17770876506151448,109.95678191489355
13.850702947845805,0.4625205952789965,0.17512590508683495,109.95678191489355
13.862312925170068,0.46032300731620573,0.17204958398557071,109.95678191489355
13.87392290249433,0.4584884445470933,0.16961314877279204,109.95678191489355
13.885532879818594,0.4570663652746844,0.1678033483626455,109.95678191489355
13.897142857142857,0.45693652837880994,0.16685060529881424,109.95678191489355
13.908752834467121,0.4586654440477508,0.16668632441126555,109.95678191489355
13.920362811791383,0.46243291476641146,0.16694490567763504,109.95678191489355
13.931972789115646,0.4671541206585176,0.16614906462803306,109.95678191489355
13.94358276643991,0.4703880955953327,0.1653682108566173,109.95678191489355
13.955192743764172,0.47143474074201824,0.16512345813383783,109.95678191489355
13.966802721088435,0.4696074815586055,0.1653191544716696,109.95678191489355
13.978412698412699,0.46469234330885006,0.1656476472513068,109.95678191489355
13.990022675736961,0.4583767025180249,0.16630984107063118,109.95678191489355
14.001632653061224,0.4504035226152212,0.16738623043810327,109.95678191489355
14.013242630385488,0.4427065295382578,0.16838133109768236,109.95678191489355
14.02485260770975,0.4384144401263468,0.16994205204935464,109.95678191489355
14.036462585034014,0.4380875380277252,0.17059940575336555,109.95678191489355
14.048072562358277,0.44038603675534455,0.16895805103285982,109.95678191489355
14.05968253968254,0.4447567596629284,0.1655306559640241,109.95678191489355
14.071292517006803,0.44816651628079646,0.16182496555235054,109.95678191489355
14.082902494331066,0.4501992804400299,0.1586551820550682,109.95678191489355
14.094512471655328,0.45179850581791875,0.1564589224018425,109.95678191489355
14.106122448979592,0.4516305266787512,0.1550433128283828,109.95678191489355
14.117732426303855,0.450371762679596,0.15389438302197983,109.95678191489355
14.129342403628119,0.44718670460754134,0.15369667905786247,109.95678191489355
14.140952380952381,0.44336981556898886,0.15378789818332753,109.95678191489355
14.152562358276644,0.4391080991777635,0.15357188247224524,109.95678191489355
14.164172335600908,0.4356147511556816,0.15326036643961116,109.95678191489355
14.17578231292517,0.43261923812536834,0.15405429546433602,109.95678191489355
14.187392290249432,0.4291335935203203,0.15560766835062462,109.95678191489355
14.199002267573697,0.42577997405471796,0.15711266881100955,109.95678191489355
14.210612244897959,0.4223992668492238,0.15751698337783712,109.95678191489355
14.222222222222221,0.41986291928981456,0.15759261584350928,109.95678191489355
14.233832199546486,0.4179038490433162,0.15789637042925195,109.95678191489355
14.245442176870748,0.41697579720220224,0.15787430187911602,109.95678191489355
14.257052154195012,0.4166937078662948,0.15803880217338864,109.95678191489355
14.268662131519275,0.4167623955575363,0.15857035769001562,109.95678191489355
14.280272108843537,0.42017499930769475,0.16035923932182142,109.95678191489355
14.291882086167801,0.42655537279148337,0.1629977671024308,109.95678191489355
14.303492063492063,0.43638220074573913,0.16569083241158977,109.95678191489355
14.315102040816326,0.4480891855688866,0.16803610227804183,109.95678191489355
14.32671201814059,0.45956283715537166,0.16867903530647652,109.95678191489355
14.338321995464852,0.4677820865887874,0.16826969788490045,109.95678191489355
14.349931972789115,0.4748566638941849,0.16747708093015654,109.95678191489355
14.361541950113379,0.47892996893209694,0.16675681034859732,109.95678191489355
14.373151927437641,0.4810550774698295,0.16626911761540106,109.95678191489355
14.384761904761906,0.48330908829769353,0.1655689202212779,109.95678191489355
14.396371882086168,0.4832223548855806,0.16485323301339072,109.95678191489355
14.40798185941043,0.48569958654928636,0.16337288447710815,109.95678191489355
14.419591836734694,0.4884043438995292,0.16187097654538243,109.95678191489355
14.431201814058957,0.4936560951514291,0.16034495924225706,109.95678191489355
14.44281179138322,0.5014525687632203,0.15939033228222496,109.95678191489355
14.454421768707483,0.5103432274673013,0.158966777481192,109.95678191489355
14.466031746031746,0.519983788996754,0.15875678851190975,109.95678191489355
14.477641723356008,0.5294428454262049,0.1578743504586562,109.95678191489355
14.489251700680272,0.538713883669821,0.1565645422251778,109.95678191489355
14.500861678004535,0.5468498490693608,0.15443360313148252,109.95678191489355
14.512471655328799,0.5535615794392165,0.15325915482962382,109.95678191489355
14.524081632653061,0.5579035802963312,0.15240310134553775,109.95678191489355
14.535691609977324,0.5592557982059372,0.15257066967291705,109.95678191489355
14.547301587301588,0.5580280261330534,0.15488776980910104,109.95678191489355
14.55891156462585,0.5566036336697813,0.16193349056437184,109.95678191489355
14.570521541950113,0.5559922699026709,0.1684646535848909,109.95678191489355
14.582131519274377,0.556524543700002,0.17167866043983887,109.95678191489355
14.59374149659864,0.5571582830281375,0.17209531689292956,109.95678191489355
14.605351473922903,0.5558040376404758,0.17130617447594587,109.95678191489355
14.616961451247166,0.5530496595557283,0.17048706372866004,109.95678191489355
14.628571428571428,0.5475831039175658,0.17032506443245832,109.95678191489355
14.640181405895692,0.540555876637889,0.17028632453252227,109.95678191489355
14.651791383219955,0.530658113607102,0.17099386820301282,109.95678191489355
14.663401360544217,0.5201483637387095,0.17287322897176904,109.95678191489355
14.675011337868481,0.5090319914364414,0.17489639641795454,109.95678191489355
14.686621315192744,0.497286647794695,0.1771386813070285,109.95678191489355
14.698231292517006,0.488670445812953,0.17936702800608495,109.95678191489355
14.70984126984127,0.4793512153988692,0.18192437036140513,109.95678191489355
14.721451247165533,0.47234995883029496,0.18470962311076639,109.95678191489355
14.733061224489797,0.4673181964442876,0.18705510653637655,109.95678191489355
14.744671201814059,0.463109735087796,0.187861854212376,109.95678191489355
14.756281179138321,0.46073673445495433,0.18821875737555652,109.95678191489355
14.767891156462586,0.45804298079621397,0.18789692615837378,109.95678191489355
14.779501133786848,0.4554687483849329,0.18713098621337557,109.95678191489355
14.79111111111111,0.4522098581251401,0.18610671871630224,109.95678191489355
14.802721088435375,0.447683864050952,0.18547757746517046,109.95678191489355
14.814331065759637,0.44333938840447656,0.18544820826168879,109.95678191489355
14.8259410430839,0.4396019366891746,0.18623395374490953,109.95678191489355
14.837551020408164,0.4397228740059413,0.18747537259034025,109.95678191489355
14.849160997732426,0.44346868552805024,0.1877140604879664,109.95678191489355
14.86077097505669,0.4492178752723126,0.18336840596479248,109.95678191489355
14.872380952380952,0.4549903901770182,0.17971676474580525,109.95678191489355
14.883990929705215,0.4564964998351263,0.1780212364080311,109.95678191489355
14.895600907029479,0.4540682974887439,0.1778034519742113,109.95678191489355
14.907210884353741,0.44962316263798763,0.17752385083764985,109.95678191489355
14.918820861678004,0.4444541731402835,0.17666882475683535,109.95678191489355
14.930430839002268,0.4401252942477592,0.1749503485812214,109.95678191489355
14.94204081632653,0.4373755825278714,0.17347029072512912,109.95678191489355
14.953650793650795,0.43595850531204644,0.17183969420194473,109.95678191489355
14.965260770975057,0.4346962377908277,0.16960254266724414,109.95678191489355
14.97687074829932,0.4353897169181441,0.16746976613728778,109.95678191489355
14.988480725623583,0.4374689364804887,0.16551221793928245,109.95678191489355
15.000090702947846,0.4404427669907556,0.16439770669228498,109.95678191489355
15.011700680272108,0.44519797937079447,0.16429947740989354,109.95678191489355
15.023310657596372,0.4496162172345244,0.16381742934047633,109.95678191489355
15.034920634920635,0.45276809263779055,0.1628055713004924,109.95678191489355
15.046530612244897,0.4541830590773651,0.1622916636285232,109.95678191489355
15.058140589569161,0.45351317166471455,0.16173009488366577,109.95678191489355
15.069750566893424,0.4520894139336851,0.1613983728721137,109.95678191489355
15.081360544217688,0.44997326494976037,0.16140436426992583,109.95678191489355
15.09297052154195,0.4481223957260792,0.1620751840193172,109.95678191489355
15.104580498866213,0.4492407889396748,0.16443428217566813,109.95678191489355
15.116190476190477,0.454200591681358,0.16619397713355444,109.95678191489355
15.12780045351474,0.46230775839608973,0.1667271314578862,109.95678191489355
15.139410430839002,0.47159246170852476,0.1655481031293988,109.95678191489355
15.151020408163266,0.4798959389443607,0.16283228056683274,109.95678191489355
15.162630385487528,0.4859705047643202,0.1593044919495827,109.95678191489355
15.17424036281179,0.48997142866904353,0.15518897501916853,109.95678191489355
15.185850340136055,0.4919274035546317,0.15114154783610617,109.95678191489355
15.197460317460317,0.49296219703419397,0.14786181274818536,109.95678191489355
15.209070294784581,0.49272576510469357,0.14539605206840672,109.95678191489355
15.220680272108844,0.49102133410706433,0.1437717687881945,109.95678191489355
15.232290249433106,0.488385940829403,0.1427603164439465,109.95678191489355
15.24390022675737,0.48587955646356207,0.14200646235605752,109.95678191489355
15.255510204081633,0.48368084064321687,0.1417225963683471,109.95678191489355
15.267120181405895,0.4825312839090693,0.1420686161955646,109.95678191489355
15.27873015873016,0.48142216345049316,0.14255616681242006,109.95678191489355
15.290340136054422,0.4794579870246677,0.1429119636953997,109.95678191489355
15.301950113378684,0.4760299872692072,0.14238859738669374,109.95678191489355
15.313560090702948,0.4721587053425831,0.14095816329115055,109.95678191489355
15.32517006802721,0.46912734410125523,0.13957235980795657,109.95678191489355
15.336780045351475,0.4661276928166358,0.13835508524190512,109.95678191489355
15.348390022675737,0.4636294000374152,0.13764550756381638,109.95678191489355
15.36,0.46136144175985266,0.13817873610047032,109.95678191489355
15.371609977324264,0.4609713096676977,0.14007028502802982,109.95678191489355
15.383219954648526,0.4642371170095673,0.14289931094572117,109.95678191489355
15.394829931972788,0.4705692475109894,0.14546015633462356,109.95678191489355
15.406439909297053,0.4787693167021236,0.14595824083132644,109.95678191489355
15.418049886621315,0.48445234602236775,0.1457401955827812,109.95678191489355
15.429659863945579,0.4883829695828028,0.14496471019409893,109.95678191489355
15.441269841269841,0.49000735268141515,0.14398128596399093,109.95678191489355
15.452879818594104,0.4898345122596126,0.1433681172732227,109.95678191489355
15.464489795918368,0.48933945109772314,0.14266317511642435,109.95678191489355
15.47609977324263,0.48763733079201127,0.14219256209934575,109.95678191489355
15.487709750566893,0.4862095897413176,0.14164901211150993,109.95678191489355
15.499319727891157,0.48471363080119984,0.14066846548164114,109.95678191489355
15.51092970521542,0.4842113959987941,0.13966675919181046,109.95678191489355
15.522539682539682,0.48398219268661824,0.13910516691444028,109.95678191489355
15.534149659863946,0.4839945291492339,0.13995664022235735,109.95678191489355
15.545759637188208,0.48458160982666365,0.14212271149198355,109.95678191489355
15.557369614512472,0.48537164322323256,0.1436873872030674,109.95678191489355
15.568979591836735,0.4866647094189112,0.14395439953413738,109.95678191489355
15.580589569160997,0.48831057512190307,0.14345308042257413,109.95678191489355
15.592199546485261,0.48991560471798923,0.1426566827566537,109.95678191489355
15.603809523809524,0.49159047235338404,0.14288522644147061,109.95678191489355
15.615419501133786,0.4917886670796496,0.14338851850784112,109.95678191489355
15.62702947845805,0.48977484576284297,0.14450190557847684,109.95678191489355
15.638639455782313,0.4873136131833679,0.14878778236291687,109.95678191489355
15.650249433106575,0.48489531082741,0.1564609211184556,109.95678191489355
15.66185941043084,0.48569227796569486,0.16351636633740638,109.95678191489355
15.673469387755102,0.48853789756084526,0.16703527037692714,109.95678191489355
15.685079365079366,0.49155126306021846,0.16688246583026664,109.95678191489355
15.696689342403628,0.4962805880273491,0.16573442679098077,109.95678191489355
15.70829931972789,0.4977651567723416,0.164307708180784,109.95678191489355
15.719909297052155,0.4989187184836842,0.16363692530735988,109.95678191489355
15.731519274376417,0.49801401012861607,0.16408610243518762,109.95678191489355
15.74312925170068,0.4932356874974761,0.16568100169507735,109.95678191489355
15.754739229024944,0.4891579326700103,0.1667323846517213,109.95678191489355
15.766349206349206,0.4859948503276467,0.16820472044088838,109.95678191489355
15.777959183673469,0.4867829012271849,0.16924255842961947,109.95678191489355
15.789569160997733,0.4903548877428314,0.17000530383132387,109.95678191489355
15.801179138321995,0.5001789218756415,0.1707479191572909,109.95678191489355
15.81278911564626,0.5108645525499385,0.17081826240521064,109.95678191489355
15.824399092970522,0.5217129595581702,0.17039551265661257,109.95678191489355
15.836009070294784,0.5360528587047088,0.16956664491440782,109.95678191489355
15.847619047619048,0.5640597325329613,0.16724032359884902,109.95678191489355
15.85922902494331,0.5987448675164917,0.16375600227032672,109.95678191489355
15.870839002267573,0.6349991239103937,0.16044259502380273,109.95678191489355
15.882448979591837,0.6698660771951374,0.1583838959491827,109.95678191489355
15.8940589569161,0.6924845690748663,0.1581853474071874,109.95678191489355
15.905668934240364,0.7078996180102719,0.15807277544917475,109.95678191489355
15.917278911564626,0.73077843007574,0.15759176960781632,109.95678191489355
15.928888888888888,0.7594871486689894,0.15669669501847752,109.95678191489355
15.940498866213153,0.7895817443063061,0.15335843628667384,109.95678191489355
15.952108843537415,0.8209073539822391,0.14669424358447383,109.95678191489355
15.963718820861677,0.8437544394313596,0.13995475262607646,109.95678191489355
15.975328798185942,0.862862956969371,0.13529875928512036,109.95678191489355
15.986938775510204,0.8845579550851929,0.13232136265130356,109.95678191489355
15.998548752834466,0.9028164145476291,0.12930288929958852,109.95678191489355
16.01015873015873,0.922163984576342,0.127080659607336,109.95678191489355
16.021768707482995,0.939509039352197,0.12483606812718553,109.95678191489355
16.033378684807257,0.9498397314215443,0.12210974348612891,109.95678191489355
16.04498866213152,0.9587001370543399,0.1192866885459866,109.95678191489355
16.056598639455782,0.96379062966541,0.11788945844453153,109.95678191489355
16.068208616780044,0.9653929803915589,0.11734944295317673,109.95678191489355
16.07981859410431,0.9666930369717258,0.11789725716476226,109.95678191489355
16.091428571428573,0.970936885067234,0.1196244763651093,109.95678191489355
16.103038548752835,0.9736387436403057,0.12069913431172698,109.95678191489355
16.114648526077097,0.9814012657409725,0.12174205706211226,109.95678191489355
16.12625850340136,0.9929055927205895,0.12219009458931601,109.95678191489355
16.137868480725622,0.9999999999941863,0.12220689426760428,109.95678191489355
16.149478458049888,0.9963842219516912,0.12286263136058874,109.95678191489355
16.16108843537415,0.9820106253535218,0.12472508594231276,109.95678191489355
16.172698412698413,0.9646097357978473,0.12767844104871406,109.95678191489355
16.184308390022675,0.948307982579148,0.13072730813307712,109.95678191489355
16.195918367346938,0.9398072552185727,0.13306738949824579,109.95678191489355
16.207528344671204,0.9466366842713905,0.1357664326264087,109.95678191489355
16.219138321995466,0.9525737464296474,0.13795349674560056,109.95678191489355
16.23074829931973,0.960526468295865,0.13946050592676276,109.95678191489355
16.24235827664399,0.9693273623665329,0.13953880680396777,109.95678191489355
16.253968253968253,0.9731312643835702,0.13954017995047277,109.95678191489355
16.265578231292515,0.9816676833545541,0.1390048869979262,109.95678191489355
16.27718820861678,0.9872132073471318,0.13841309331929247,109.95678191489355
16.288798185941044,0.9839068254546876,0.13812148395062734,109.95678191489355
16.300408163265306,0.9827791045092642,0.13920919754212158,109.95678191489355
16.31201814058957,0.9756983514757213,0.13950279709501828,109.95678191489355
16.32362811791383,0.9662419139415075,0.13907809605676746,109.95678191489355
16.335238095238097,0.9667464744295056,0.1394049559403582,109.95678191489355
16.34684807256236,0.9669735786271783,0.13908156847630218,109.95678191489355
16.35845804988662,0.968323482512939,0.13843030328751288,109.95678191489355
16.370068027210884,0.9750877257306146,0.13839306071013638,109.95678191489355
16.381678004535146,0.9785253172731799,0.13723472384875166,109.95678191489355
16.39328798185941,0.9782818866293717,0.1352955337007542,109.95678191489355
16.404897959183675,0.9758520183190978,0.13460380758075038,109.95678191489355
16.416507936507937,0.9645441517973353,0.13422703373449615,109.95678191489355
16.4281179138322,0.94841325317148,0.13490580550651515,109.95678191489355
16.439727891156462,0.9334830297158149,0.13510607854570092,109.95678191489355
16.451337868480724,0.91429975704607,0.13422776143219897,109.95678191489355
16.46294784580499,0.899458094564907,0.1346083640568713,109.95678191489355
16.474557823129253,0.887704754296482,0.13571147822728752,109.95678191489355
16.486167800453515,0.8760201816855653,0.1365870564173784,109.95678191489355
16.497777777777777,0.8703078130752301,0.13682302023713794,109.95678191489355
16.50938775510204,0.8583732225992787,0.13555649668280909,109.95678191489355
16.520997732426302,0.8393601264750739,0.13434799491066046,109.95678191489355
16.532607709750568,0.8131196508373542,0.13350657239804406,109.95678191489355
16.54421768707483,0.7842495794763151,0.1334403843817224,109.95678191489355
16.555827664399093,0.7584784491818576,0.13203088310922445,109.95678191489355
16.567437641723355,0.7323111843273445,0.13038494562804306,109.95678191489355
16.579047619047618,0.707766458349416,0.12927428683576928,109.95678191489355
16.590657596371884,0.6871391115189861,0.12916676719945952,109.95678191489355
16.602267573696146,0.6625377377708591,0.12820662478087627,109.95678191489355
16.61387755102041,0.6437742380228242,0.1284204808991476,109.95678191489355
16.62548752834467,0.6297698090272006,0.1294805998686811,109.95678191489355
16.637097505668933,0.6130609142250153,0.13048376482807372,109.95678191489355
16.648707482993196,0.6016336997160385,0.13146499983266938,109.95678191489355
16.66031746031746,0.5943857622081041,0.1317357671924529,109.95678191489355
16.671927437641724,0.5872873399615293,0.13022067847770138,109.95678191489355
16.683537414965986,0.58367588842726,0.12896504227263877,109.95678191489355
16.69514739229025,0.5807449431594849,0.12806232011788726,109.95678191489355
16.70675736961451,0.577761450058648,0.12641478170882137,109.95678191489355
16.718367346938777,0.5774949641405472,0.12571665019942976,109.95678191489355
16.72997732426304,0.5784918119605557,0.12683808407918065,109.95678191489355
16.741587301587302,0.5787273775888324,0.13062045476908574,109.95678191489355
16.753197278911564,0.5787979478192713,0.13678374849478414,109.95678191489355
16.764807256235827,0.5791760216647803,0.14155134109378953,109.95678191489355
16.77641723356009,0.5788194854004589,0.14301045519889072,109.95678191489355
16.788027210884355,0.5803872173969451,0.14312454450574566,109.95678191489355
16.799637188208617,0.5820720649890311,0.1430176310119159,109.95678191489355
16.81124716553288,0.5830285948169042,0.1429986670508914,109.95678191489355
16.822857142857142,0.584105878705516,0.14349078409748245,109.95678191489355
16.834467120181404,0.5854961755517871,0.14453574558480733,109.95678191489355
16.84607709750567,0.585821569953087,0.14515826554853925,109.95678191489355
16.857687074829933,0.5849808196177729,0.14647486455491188,109.95678191489355
16.869297052154195,0.5854722656380181,0.1487609471769649,109.95678191489355
16.880907029478458,0.5856781937686675,0.15032909544625442,109.95678191489355
16.89251700680272,0.5840610876003325,0.1516082143056377,109.95678191489355
16.904126984126986,0.5821219672714333,0.1537355812990599,109.95678191489355
16.91573696145125,0.5772041468198127,0.15491771432224674,109.95678191489355
16.92734693877551,0.5707958209608728,0.1556288439177837,109.95678191489355
16.938956916099773,0.5642553550109783,0.15632681162563863,109.95678191489355
16.950566893424035,0.5570091584353105,0.1584161675652361,109.95678191489355
16.962176870748298,0.5481621321585265,0.16113378207566,109.95678191489355
16.973786848072564,0.5402492518187711,0.16450691193198175,109.95678191489355
16.985396825396826,0.5330066237377585,0.16698347578033826,109.95678191489355
16.99700680272109,0.5266355596601952,0.16951798815708366,109.95678191489355
17.00861678004535,0.5214285395387787,0.17318734819875856,109.95678191489355
17.020226757369613,0.5182665134175224,0.17611986907778915,109.95678191489355
17.03183673469388,0.5182943133569777,0.17690871053199553,109.95678191489355
17.04344671201814,0.5216187493001129,0.17475651364124575,109.95678191489355
17.055056689342404,0.5269023970966771,0.17012322095202195,109.95678191489355
17.066666666666666,0.5314250908963964,0.16587713473172472,109.95678191489355
17.07827664399093,0.5332604766516712,0.1636130811014811,109.95678191489355
17.08988662131519,0.5309896779056739,0.16204849792693798,109.95678191489355
17.101496598639457,0.5285432465823918,0.16023143875802212,109.95678191489355
17.11310657596372,0.5247728604269213,0.15834923341993945,109.95678191489355
17.124716553287982,0.5216785857251993,0.1566708434568299,109.95678191489355
17.136326530612244,0.5189013172965845,0.15503174073495254,109.95678191489355
17.147936507936507,0.5164397057103244,0.1538889415548826,109.95678191489355
17.159546485260773,0.5156555714918947,0.1529739077168616,109.95678191489355
17.171156462585035,0.5145951921388886,0.15132709944297545,109.95678191489355
17.182766439909297,0.515460462130756,0.1501535300456463,109.95678191489355
17.19437641723356,0.5161975761843155,0.1494047723280372,109.95678191489355
17.205986394557822,0.5176195163487393,0.14830110475177613,109.95678191489355
17.217596371882085,0.5199541215117763,0.14767054294358373,109.95678191489355
17.22920634920635,0.5230464695262577,0.14787662438427962,109.95678191489355
17.240816326530613,0.5266355638251048,0.14788443666562107,109.95678191489355
17.252426303854875,0.5299738172727549,0.1467938042825731,109.95678191489355
17.264036281179138,0.534237193796998,0.14573239818572276,109.95678191489355
17.2756462585034,0.536513150367203,0.14567344225236664,109.95678191489355
17.287256235827666,0.5381479973850172,0.14726604430775714,109.95678191489355
17.29886621315193,0.5423116826300003,0.14864682426062847,109.95678191489355
17.31047619047619,0.5467206510706387,0.1483853099990651,109.95678191489355
17.322086167800453,0.5536394974033982,0.1491893748703329,109.95678191489355
17.333696145124716,0.5576774656812102,0.15113662291251703,109.95678191489355
17.345306122448978,0.5576031470320159,0.15274382318619406,109.95678191489355
17.356916099773244,0.5562466709187035,0.1554150756204206,109.95678191489355
17.368526077097506,0.5499727042146212,0.1572298654725074,109.95678191489355
17.38013605442177,0.5445569854646042,0.1593439646612982,109.95678191489355
17.39174603174603,0.5401500661595522,0.16117067617301747,109.95678191489355
17.403356009070293,0.5330626659300826,0.1627049075858508,109.95678191489355
17.41496598639456,0.5276983171766562,0.16522629409545098,109.95678191489355
17.426575963718822,0.5220877472899037,0.1676787382623546,109.95678191489355
17.438185941043084,0.5168167175038526,0.1699864540116622,109.95678191489355
17.449795918367347,0.5133487820949699,0.17272850841622267,109.95678191489355
17.46140589569161,0.509441348751903,0.17479171392287632,109.95678191489355
17.47301587301587,0.5060598668731993,0.1772242498402299,109.95678191489355
17.484625850340137,0.5021860743389909,0.1796460556215303,109.95678191489355
17.4962358276644,0.49798889655593553,0.18119648065566293,109.95678191489355
17.507845804988662,0.49442739228509364,0.18284661552625037,109.95678191489355
17.519455782312924,0.49116952909204,0.18354067256109913,109.95678191489355
17.531065759637187,0.4874624045834167,0.1833546287456137,109.95678191489355
17.542675736961453,0.48548930025709736,0.18442666805375307,109.95678191489355
17.554285714285715,0.4834968057770463,0.18596729231072162,109.95678191489355
17.565895691609978,0.4821462554972956,0.18810792988642427,109.95678191489355
17.57750566893424,0.47946212611195593,0.18911460528483925,109.95678191489355
17.589115646258502,0.4745713875693535,0.18902254816174063,109.95678191489355
17.600725623582765,0.46586452799755246,0.1888236935613798,109.95678191489355
17.61233560090703,0.4554948423773635,0.18949093218375404,109.95678191489355
17.623945578231293,0.44208107921346373,0.1885805219561102,109.95678191489355
17.635555555555555,0.4292263135736768,0.18633881591017304,109.95678191489355
17.647165532879818,0.4179839494201956,0.1845653419134061,109.95678191489355
17.65877551020408,0.40632277110722353,0.18256896892799315,109.95678191489355
17.670385487528346,0.3993023701145915,0.18128152167871905,109.95678191489355
17.68199546485261,0.392447677552343,0.17974130967906474,109.95678191489355
17.69360544217687,0.3865607467465235,0.17835652824411843,109.95678191489355
17.705215419501133,0.38198626979116845,0.1777516222099587,109.95678191489355
17.716825396825396,0.37654385563575593,0.17677962964644015,109.95678191489355
17.728435374149658,0.37170369409093196,0.1760573292270265,109.95678191489355
17.740045351473924,0.3670428952165453,0.17537457096130024,109.95678191489355
17.751655328798186,0.362732973327141,0.17424924198783942,109.95678191489355
17.76326530612245,0.35955724965076974,0.17395464934290716,109.95678191489355
17.77487528344671,0.35674997221457944,0.1731641245702729,109.95678191489355
17.786485260770974,0.3545493821848564,0.17226932980566864,109.95678191489355
17.79809523809524,0.353714662638829,0.17140581130683982,109.95678191489355
17.809705215419502,0.3524013308253937,0.17065638416615647,109.95678191489355
17.821315192743764,0.35242292588233565,0.17335762787429787,109.95678191489355
17.832925170068027,0.35331591501440973,0.1779357948335755,109.95678191489355
17.84453514739229,0.35279186857975625,0.18079175877134124,109.95678191489355
17.856145124716555,0.35320897429327647,0.18463532083252854,109.95678191489355
17.867755102040817,0.3511776686854298,0.19087420535663616,109.95678191489355
17.87936507936508,0.34815811662914603,0.19756118496943423,109.95678191489355
17.890975056689342,0.34552913148159276,0.2037010939381897,109.95678191489355
17.902585034013605,0.3422514449841956,0.20827649633521472,109.95678191489355
17.914195011337867,0.3398550367256981,0.2112422894376483,109.95678191489355
17.925804988662133,0.3373339260720393,0.21387301646448575,109.95678191489355
17.937414965986395,0.3351857647589598,0.2161155600540923,109.95678191489355
17.949024943310658,0.33337721018513755,0.21831244498094804,109.95678191489355
17.96063492063492,0.33191792744008847,0.2197683473372621,109.95678191489355
17.972244897959182,0.3312961247432347,0.22171896773312633,109.95678191489355
17.98385487528345,0.3311040974152951,0.2235330279446649,109.95678191489355
17.99546485260771,0.33234056831863784,0.2249372560756679,109.95678191489355
18.007074829931973,0.33395541877186374,0.22524252658566002,109.95678191489355
18.018684807256236,0.33711989052811264,0.22546440409277171,109.95678191489355
18.030294784580498,0.3409972432271569,0.22540957420974922,109.95678191489355
18.04190476190476,0.3443803227652323,0.22449478114576335,109.95678191489355
18.053514739229026,0.3473987294713408,0.22329105194892826,109.95678191489355
18.06512471655329,0.34852721842611806,0.22157009239815434,109.95678191489355
18.07673469387755,0.3484141261333158,0.22035082687850296,109.95678191489355
18.088344671201813,0.3481616618003068,0.22270815132466742,109.95678191489355
18.099954648526076,0.34847345693836135,0.22742282321215132,109.95678191489355
18.11156462585034,0.34949625297895986,0.23301043494066775,109.95678191489355
18.123174603174604,0.35041350104423824,0.23648299966436556,109.95678191489355
18.134784580498867,0.35103341537102123,0.23674454580643445,109.95678191489355
18.14639455782313,0.3522308294168945,0.23650805606555148,109.95678191489355
18.15800453514739,0.3543981118305372,0.23430790645660743,109.95678191489355
18.169614512471654,0.3594252869849698,0.22917100443493077,109.95678191489355
18.18122448979592,0.3670041124101359,0.22374281708877192,109.95678191489355
18.192834467120182,0.37620489195856077,0.22032400513981187,109.95678191489355
18.204444444444444,0.3862469008069186,0.2188070357228578,109.95678191489355
18.216054421768707,0.39418203425935305,0.21787178852072295,109.95678191489355
18.22766439909297,0.4003815831893895,0.21706770752582108,109.95678191489355
18.239274376417235,0.40322431483613425,0.21624987275465524,109.95678191489355
18.250884353741498,0.40378118409137576,0.21588194595557386,109.95678191489355
18.26249433106576,0.4038001194369651,0.21767605206373475,109.95678191489355
18.274104308390022,0.4029886400872224,0.2208907923742671,109.95678191489355
18.285714285714285,0.4024537090774845,0.22524760332247315,109.95678191489355
18.297324263038547,0.4011778322972372,0.2319283135349764,109.95678191489355
18.308934240362813,0.39967008832855183,0.2399182996051777,109.95678191489355
18.320544217687075,0.3958448611407229,0.24665580788935593,109.95678191489355
18.332154195011338,0.39837208338291713,0.2565536428407405,109.95678191489355
18.3437641723356,0.40302960364036555,0.267078007156916,109.95678191489355
18.355374149659863,0.4094699218368937,0.2774002937774454,109.95678191489355
18.36698412698413,0.4222028188860987,0.28778426122305567,109.95678191489355
18.37859410430839,0.43612934741016146,0.2951165693321011,109.95678191489355
18.390204081632653,0.4532552721245099,0.29796657106766905,109.95678191489355
18.401814058956916,0.47244916698002654,0.2990686655368435,109.95678191489355
18.413424036281178,0.49122540801990255,0.3001612663372625,109.95678191489355
18.42503401360544,0.5093317383236337,0.30119376292298616,109.95678191489355
18.436643990929706,0.5275350227279512,0.30273537259524974,109.95678191489355
18.44825396825397,0.5436589792822711,0.3045280413886783,109.95678191489355
18.45986394557823,0.5592397366480604,0.3059376348438579,109.95678191489355
18.471473922902494,0.5732667777715815,0.3065900141967946,109.95678191489355
18.483083900226756,0.5845735747445258,0.3071852613744342,109.95678191489355
18.494693877551022,0.5951349361742732,0.3066833667257769,109.95678191489355
18.506303854875284,0.6030105222463562,0.306132700839555,109.95678191489355
18.517913832199547,0.6108323343359533,0.3059342590682481,109.95678191489355
18.52952380952381,0.6185417938207158,0.3061964211030929,109.95678191489355
18.54113378684807,0.6273877622104288,0.30689833403147626,109.95678191489355
18.552743764172334,0.6377362867572695,0.3079921636507314,109.95678191489355
18.5643537414966,0.6479987201210773,0.307031847203627,109.95678191489355
18.575963718820862,0.6577755466680792,0.30404941544552005,109.95678191489355
18.587573696145125,0.6671747191924727,0.29974736931415297,109.95678191489355
18.599183673469387,0.6757062918744967,0.29315202321820905,109.95678191489355
18.61079365079365,0.6838579548188032,0.28616297962591,109.95678191489355
18.622403628117915,0.693081049953553,0.28069293583046245,109.95678191489355
18.634013605442178,0.6958450239903148,0.2739544251926403,109.95678191489355
18.64562358276644,0.6964053926027102,0.2684921827087683,109.95678191489355
18.657233560090702,0.6943447018907655,0.2628327491220654,109.95678191489355
18.668843537414965,0.6881757642142512,0.2563953675962458,109.95678191489355
18.68045351473923,0.6826961640788192,0.2520309881314321,109.95678191489355
18.692063492063493,0.6760008267936547,0.24809006400464914,109.95678191489355
18.703673469387756,0.6685163324089282,0.24303319970638318,109.95678191489355
18.715283446712018,0.6607126893215305,0.23617947451814086,109.95678191489355
18.72689342403628,0.6512041720901084,0.2289258025570095,109.95678191489355
18.738503401360543,0.6389159924399594,0.2226015714520486,109.95678191489355
18.75011337868481,0.6249502687834243,0.21709798327156954,109.95678191489355
18.76172335600907,0.6081468172026921,0.21263384364014107,109.95678191489355
18.773333333333333,0.5897291424041391,0.20844586785273778,109.95678191489355
18.784943310657596,0.5722035504533033,0.20387114710817855,109.95678191489355
18.796553287981858,0.5539342130796384,0.19932564423339635,109.95678191489355
18.808163265306124,0.5384852817706101,0.19458978167803537,109.95678191489355
18.819773242630387,0.5247979706676741,0.19046986842770777,109.95678191489355
18.83138321995465,0.5134337295937914,0.18694908921970893,109.95678191489355
18.84299319727891,0.5051160233603591,0.18351503874343036,109.95678191489355
18.854603174603174,0.49741221649107986,0.17976733145853724,109.95678191489355
18.866213151927436,0.49096485293325515,0.1767445534845311,109.95678191489355
18.877823129251702,0.48455972822393245,0.17415461485087813,109.95678191489355
18.889433106575964,0.4766142974486854,0.1725533328745628,109.95678191489355
18.901043083900227,0.46807584183684414,0.1723352198086514,109.95678191489355
18.91265306122449,0.4586260748220514,0.17266540295533866,109.95678191489355
18.92426303854875,0.44829718032774296,0.17265232016622845,109.95678191489355
18.935873015873018,0.43812559030896797,0.1704993544077181,109.95678191489355
18.94748299319728,0.4295203228812271,0.16681848525273069,109.95678191489355
18.959092970521542,0.42245834859266773,0.16297597798989016,109.95678191489355
18.970702947845805,0.4154643289712377,0.16002557030700557,109.95678191489355
18.982312925170067,0.40800105730052333,0.15748798444920165,109.95678191489355
18.99392290249433,0.3982361299006155,0.15529042340264898,109.95678191489355
19.005532879818595,0.38671798458350143,0.15399831773122183,109.95678191489355
19.017142857142858,0.37521866799028775,0.15323133295977254,109.95678191489355
19.02875283446712,0.36457520619400935,0.15242132450273446,109.95678191489355
19.040362811791383,0.35626833289078075,0.15160666417893565,109.95678191489355
19.051972789115645,0.35050823108302986,0.15058046651918078,109.95678191489355
19.06358276643991,0.3462427262899156,0.149820413386574,109.95678191489355
19.075192743764173,0.34300039571120317,0.14991533258005102,109.95678191489355
19.086802721088436,0.339976830347905,0.15180316418751522,109.95678191489355
19.098412698412698,0.3378225241270121,0.1562354721779211,109.95678191489355
19.11002267573696,0.3358815687388866,0.1615639483291937,109.95678191489355
19.121632653061223,0.33443216765865913,0.16720669838253385,109.95678191489355
19.13324263038549,0.33285293051553916,0.171009024233263,109.95678191489355
19.14485260770975,0.3293476233716631,0.17368865556498456,109.95678191489355
19.156462585034014,0.32447546449135933,0.17640971141596548,109.95678191489355
19.168072562358276,0.3181577670681103,0.1794181117373528,109.95678191489355
19.17968253968254,0.3132283423450043,0.18208252358108676,109.95678191489355
19.191292517006804,0.3111449562069674,0.18360402583688729,109.95678191489355
19.202902494331067,0.31389168335254375,0.18476268344309213,109.95678191489355
19.21451247165533,0.321001833984914,0.18691245435761883,109.95678191489355
19.22612244897959,0.32919233554542016,0.1895420882255217,109.95678191489355
19.237732426303854,0.33731609109560023,0.1930972229831912,109.95678191489355
19.249342403628116,0.3426405241871712,0.19611358927621092,109.95678191489355
19.260952380952382,0.3454735907444001,0.19906729316144434,109.95678191489355
19.272562358276645,0.3469010852324379,0.20166864584719077,109.95678191489355
19.284172335600907,0.3474813454536963,0.20455271221743548,109.95678191489355
19.29578231292517,0.3485966682958399,0.20721370999900413,109.95678191489355
19.30739229024943,0.3487853178819898,0.209640911099227,109.95678191489355
19.319002267573698,0.3491196443486933,0.21168343702166154,109.95678191489355
19.33061224489796,0.3488526228232014,0.21389645739220142,109.95678191489355
19.342222222222222,0.3476232830782957,0.21627663210529233,109.95678191489355
19.353832199546485,0.3474813471196601,0.2182015393714583,109.95678191489355
19.365442176870747,0.34875787529178903,0.21932536938717948,109.95678191489355
19.37705215419501,0.3512856439701397,0.21956745768454478,109.95678191489355
19.388662131519276,0.354782036541233,0.21851824847244275,109.95678191489355
19.400272108843538,0.3584055688126606,0.21521118920371568,109.95678191489355
19.4118820861678,0.3615519806873451,0.20995710088156846,109.95678191489355
19.423492063492063,0.363836467825656,0.20443661150934872,109.95678191489355
19.435102040816325,0.3658685422758385,0.20040125323014346,109.95678191489355
19.44671201814059,0.36776963531295304,0.19758091417319168,109.95678191489355
19.458321995464853,0.3709133791464655,0.19504774523981014,109.95678191489355
19.469931972789116,0.37633565429737703,0.19237983542456963,109.95678191489355
19.481541950113378,0.38115974345555903,0.190329689603391,109.95678191489355
19.49315192743764,0.38547592687024906,0.18939712105476075,109.95678191489355
19.504761904761907,0.3856449605645598,0.18830676099445318,109.95678191489355
19.51637188208617,0.3830597694428012,0.18521708046382995,109.95678191489355
19.52798185941043,0.3796937543728652,0.18094874443593817,109.95678191489355
19.539591836734694,0.3753442341877268,0.1754590655101689,109.95678191489355
19.551201814058956,0.372647696703324,0.17066547392578005,109.95678191489355
19.56281179138322,0.36970206596384636,0.16683053269205844,109.95678191489355
19.574421768707484,0.36676393705977167,0.1635583621018419,109.95678191489355
19.586031746031747,0.3635631806099686,0.16075897718375282,109.95678191489355
19.59764172335601,0.3602740614353669,0.15847202039491007,109.95678191489355
19.60925170068027,0.3587512896393993,0.1558340944399077,109.95678191489355
19.620861678004534,0.358665973129576,0.15332497649894827,109.95678191489355
19.6324716553288,0.3603865481502946,0.15075753432408853,109.95678191489355
19.644081632653062,0.3629184101019263,0.14783784704756497,109.95678191489355
19.655691609977325,0.36444268293136006,0.14555360119927355,109.95678191489355
19.667301587301587,0.36436311316398,0.14374309793732726,109.95678191489355
19.67891156462585,0.36345682464216106,0.14278148449494954,109.95678191489355
19.690521541950112,0.36118185432257977,0.1417050928054836,109.95678191489355
19.702131519274378,0.3578797389636613,0.1407354722692317,109.95678191489355
19.71374149659864,0.35425627832868095,0.14134292167972434,109.95678191489355
19.725351473922903,0.35007186432797943,0.14253532238525027,109.95678191489355
19.736961451247165,0.347392700348018,0.1449624571395009,109.95678191489355
19.748571428571427,0.3470499424380602,0.14788299291162246,109.95678191489355
19.760181405895693,0.34912573594566215,0.15178877371124178,109.95678191489355
19.771791383219956,0.3524388499981914,0.15575024670616602,109.95678191489355
19.783401360544218,0.3566843590596995,0.1578094602381764,109.95678191489355
19.79501133786848,0.3605349663744315,0.1580083657926263,109.95678191489355
19.806621315192743,0.3642445331861196,0.15728161347073596,109.95678191489355
19.818231292517005,0.3662998644922257,0.15701809321237645,109.95678191489355
19.82984126984127,0.36778002009886995,0.15719994591908987,109.95678191489355
19.841451247165534,0.3694748284890625,0.15792406909849235,109.95678191489355
19.853061224489796,0.3702264980691409,0.1582979540213128,109.95678191489355
19.86467120181406,0.37262034324219145,0.15825997159575506,109.95678191489355
19.87628117913832,0.3749847441694259,0.15836071404594232,109.95678191489355
19.887891156462587,0.3769521242438144,0.1582173299321166,109.95678191489355
19.89950113378685,0.3787643964160603,0.1578957829418997,109.95678191489355
19.91111111111111,0.37968768609939074,0.158126257731616,109.95678191489355
19.922721088435374,0.37934687736718586,0.1588267188846314,109.95678191489355
19.934331065759636,0.37934813100501413,0.15970262686412764,109.95678191489355
19.9459410430839,0.38004011159781026,0.16082019733745528,109.95678191489355
19.957551020408165,0.38141129150842784,0.16195988748864637,109.95678191489355
19.969160997732427,0.38345764410214117,0.1632207141191448,109.95678191489355
19.98077097505669,0.38496176959725464,0.16406841130743516,109.95678191489355
19.99238095238095,0.38574771721738,0.16558429050109066,109.95678191489355
20.003990929705214,0.38581979181321263,0.1674187971801618,109.95678191489355
20.01560090702948,0.3854980450398529,0.16901875797190316,109.95678191489355
20.027210884353742,0.3864646639450522,0.17009660387866007,109.95678191489355
20.038820861678005,0.38763330179662975,0.16984068408850023,109.95678191489355
20.050430839002267,0.38942111262105844,0.16835750437549052,109.95678191489355
20.06204081632653,0.3914924904913663,0.16468860286051007,109.95678191489355
20.073650793650792,0.3934795922463011,0.1599738673095253,109.95678191489355
20.085260770975058,0.395265037402004,0.15627442524973792,109.95678191489355
20.09687074829932,0.3964154387798446,0.15370354392159433,109.95678191489355
20.108480725623583,0.39628742944635903,0.15191921763749455,109.95678191489355
20.120090702947845,0.3949497470717054,0.15025577900601864,109.95678191489355
20.131700680272107,0.3920591964304045,0.1488083614278922,109.95678191489355
20.143310657596373,0.38765082856974903,0.14789897513247405,109.95678191489355
20.154920634920636,0.38280324515578884,0.14828322226325927,109.95678191489355
20.166530612244898,0.37680365437479685,0.1499016885221622,109.95678191489355
20.17814058956916,0.3708919231975083,0.1525831630121927,109.95678191489355
20.189750566893423,0.36826906879707544,0.15742891459684516,109.95678191489355
20.201360544217685,0.3670320397958291,0.1618406665088359,109.95678191489355
20.21297052154195,0.36671159247430457,0.16621752156779923,109.95678191489355
20.224580498866214,0.3667650149384094,0.17033065248720924,109.95678191489355
20.236190476190476,0.3634563640031451,0.1732709405776954,109.95678191489355
20.24780045351474,0.3583378990253567,0.17577948933270984,109.95678191489355
20.259410430839,0.35310163124186317,0.17779879339376767,109.95678191489355
20.271020408163267,0.3500702566728242,0.17994597999597955,109.95678191489355
20.28263038548753,0.3506439863156284,0.1827303900553532,109.95678191489355
20.29424036281179,0.3556171042737135,0.18570078455126118,109.95678191489355
20.305850340136054,0.36360946275283484,0.18989028212927325,109.95678191489355
20.317460317460316,0.372067366511582,0.1933361805921937,109.95678191489355
20.329070294784582,0.3783869931210173,0.19571698879490187,109.95678191489355
20.340680272108845,0.3810039025293039,0.19820211555748027,109.95678191489355
20.352290249433107,0.37949468001766484,0.20103590552834477,109.95678191489355
20.36390022675737,0.3751398262491282,0.20445065689724964,109.95678191489355
20.375510204081632,0.36972826907691186,0.20823163780510698,109.95678191489355
20.387120181405894,0.36336960643455574,0.21133600148051446,109.95678191489355
20.39873015873016,0.3568720440527561,0.21466143661646894,109.95678191489355
20.410340136054423,0.35157063458216387,0.21779966542302917,109.95678191489355
20.421950113378685,0.347915035837755,0.22057338818014097,109.95678191489355
20.433560090702947,0.34662617953282987,0.22376562834341557,109.95678191489355
20.44517006802721,0.34761467837479665,0.22769132034544087,109.95678191489355
20.456780045351476,0.3497671378747159,0.23027981913575293,109.95678191489355
20.468390022675738,0.3528817948116668,0.23171052042845172,109.95678191489355
20.48,0.35667518459654957,0.23166118685397263,109.95678191489355
20.491609977324263,0.3591895564262677,0.22808513047447834,109.95678191489355
20.503219954648525,0.3604801245090912,0.22435251553908253,109.95678191489355
20.514829931972788,0.3602217818224915,0.2205363406118376,109.95678191489355
20.526439909297054,0.35895845474823784,0.2174114499080992,109.95678191489355
20.538049886621316,0.3596028937294657,0.21615185033660864,109.95678191489355
20.54965986394558,0.36558286695265474,0.21567527073506873,109.95678191489355
20.56126984126984,0.3749698821055509,0.2142638043464245,109.95678191489355
20.572879818594103,0.3844493365968878,0.21145089460918773,109.95678191489355
20.58448979591837,0.3917421335145253,0.20767687456086983,109.95678191489355
20.59609977324263,0.3950476857569516,0.20286796625492418,109.95678191489355
20.607709750566894,0.395360403839002,0.19624949334357883,109.95678191489355
20.619319727891156,0.3946260636153219,0.18988789385090765,109.95678191489355
20.63092970521542,0.39485651973234387,0.18432638049278957,109.95678191489355
20.64253968253968,0.3969882621382919,0.1789987599481555,109.95678191489355
20.654149659863947,0.40021795055001463,0.17368787634674163,109.95678191489355
20.66575963718821,0.403325100653671,0.16882747229237413,109.95678191489355
20.67736961451247,0.4047291750213237,0.16452494250485689,109.95678191489355
20.688979591836734,0.4047400737571011,0.16147251975406432,109.95678191489355
20.700589569160996,0.40502298607917087,0.15819736890412206,109.95678191489355
20.712199546485262,0.40509739385743343,0.15496557809648603,109.95678191489355
20.723809523809525,0.40514060979375766,0.15216112777339402,109.95678191489355
20.735419501133787,0.40459604368185415,0.1493131141132342,109.95678191489355
20.74702947845805,0.40230120174497636,0.14559566392859105,109.95678191489355
20.758639455782312,0.3993999914337165,0.14238302285120552,109.95678191489355
20.770249433106574,0.3965107943880773,0.13965019403554155,109.95678191489355
20.78185941043084,0.39348603202972326,0.13731729463178236,109.95678191489355
20.793469387755103,0.38950330711454945,0.13605817992232871,109.95678191489355
20.805079365079365,0.3869812826796961,0.13552000126094324,109.95678191489355
20.816689342403627,0.3871757573085921,0.1351234177696707,109.95678191489355
20.82829931972789,0.38995701072283534,0.1354478783174444,109.95678191489355
20.839909297052156,0.39657480072078405,0.13612039683424967,109.95678191489355
20.851519274376418,0.4020861757855163,0.13704555072095465,109.95678191489355
20.86312925170068,0.40533228810226213,0.1385753778072472,109.95678191489355
20.874739229024943,0.4062404400046935,0.14044788843172462,109.95678191489355
20.886349206349205,0.40544883393821113,0.1420263053622724,109.95678191489355
20.897959183673468,0.4029194426110303,0.14397150389493238,109.95678191489355
20.909569160997734,0.4003732100548714,0.14569085250969097,109.95678191489355
20.921179138321996,0.3995083615518686,0.14701845171229963,109.95678191489355
20.93278911564626,0.3978875036328503,0.14825002392301864,109.95678191489355
20.94439909297052,0.39529587855854326,0.149360912331873,109.95678191489355
20.956009070294783,0.39194719201202327,0.15057295218984756,109.95678191489355
20.96761904761905,0.3861152305177818,0.15160369335833707,109.95678191489355
20.97922902494331,0.38001187934072506,0.15278976289563656,109.95678191489355
20.990839002267574,0.3747559515173495,0.15457287487384402,109.95678191489355
21.002448979591836,0.369563009623797,0.15640983367968977,109.95678191489355
21.0140589569161,0.3655954841301861,0.15828734720108065,109.95678191489355
21.02566893424036,0.3629425349250373,0.16036746175650685,109.95678191489355
21.037278911564627,0.3611007143842321,0.16169052905559153,109.95678191489355
21.04888888888889,0.35983118659237473,0.1627455799721392,109.95678191489355
21.060498866213152,0.35876901133029376,0.1641548639689053,109.95678191489355
21.072108843537414,0.35716866725765195,0.1662240142675341,109.95678191489355
21.083718820861677,0.35565107327745876,0.16815649215542827,109.95678191489355
21.095328798185943,0.3545810938075286,0.16970917870990793,109.95678191489355
21.106938775510205,0.3532062162900542,0.1718007819272465,109.95678191489355
21.118548752834467,0.35104133619634287,0.17479478970406936,109.95678191489355
21.13015873015873,0.3495738219237064,0.175924790540837,109.95678191489355
21.141768707482992,0.3473594627024211,0.17456509742235052,109.95678191489355
21.153378684807254,0.34355585389502863,0.17132138599759109,109.95678191489355
21.16498866213152,0.33959866820630963,0.16825820131386102,109.95678191489355
21.176598639455783,0.33644236633698404,0.16603347023738568,109.95678191489355
21.188208616780045,0.333737352428302,0.16377818407590214,109.95678191489355
21.199818594104308,0.3329567433894666,0.16126173792339188,109.95678191489355
21.21142857142857,0.3333790802296057,0.15929844157852857,109.95678191489355
21.223038548752836,0.3320096779024603,0.15795220629353465,109.95678191489355
21.2346485260771,0.3307646364478783,0.1569884435671662,109.95678191489355
21.24625850340136,0.3307517302256118,0.15660752396350017,109.95678191489355
21.257868480725623,0.3313090809444179,0.157123619857356,109.95678191489355
21.269478458049885,0.33387157330815653,0.15917873970877502,109.95678191489355
21.28108843537415,0.337005039810423,0.16198553805072682,109.95678191489355
21.292698412698414,0.33952628457417505,0.16396672918010313,109.95678191489355
21.304308390022676,0.3409692267123956,0.16568403740412105,109.95678191489355
21.31591836734694,0.34122542447048515,0.16710884980109966,109.95678191489355
21.3275283446712,0.34042559020834323,0.16802326338796328,109.95678191489355
21.339138321995463,0.33865573764168166,0.16901617684129472,109.95678191489355
21.35074829931973,0.3378759574198822,0.170456543390249,109.95678191489355
21.36235827664399,0.34068918401312875,0.17128087373884865,109.95678191489355
21.373968253968254,0.3487446283799068,0.17188874824851572,109.95678191489355
21.385578231292516,0.35940970022680213,0.17256695391043056,109.95678191489355
21.39718820861678,0.3719977575423087,0.17355763305191071,109.95678191489355
21.408798185941045,0.38465994691905386,0.17353377259760355,109.95678191489355
21.420408163265307,0.3959527922773896,0.172033349350366,109.95678191489355
21.43201814058957,0.4037582712569957,0.17048283275334375,109.95678191489355
21.443628117913832,0.40749173298877783,0.1699460439236504,109.95678191489355
21.455238095238094,0.40777319758822606,0.1703465358462407,109.95678191489355
21.466848072562357,0.4044678785807446,0.17091292983064854,109.95678191489355
21.478458049886623,0.39988644372719717,0.1714617667050159,109.95678191489355
21.490068027210885,0.39567348343521697,0.17257351713724683,109.95678191489355
21.501678004535147,0.3920899876080268,0.17384498711465263,109.95678191489355
21.51328798185941,0.3886898219442815,0.17517350922203728,109.95678191489355
21.524897959183672,0.3864530680033863,0.176821312137179,109.95678191489355
21.536507936507938,0.3843192664660686,0.17867663935470257,109.95678191489355
21.5481179138322,0.3816780173253289,0.17999745963559244,109.95678191489355
21.559727891156463,0.37941293450144287,0.18014717619526238,109.95678191489355
21.571337868480725,0.37761314206470736,0.17865933820418617,109.95678191489355
21.582947845804988,0.37580905477306,0.17608710926998916,109.95678191489355
21.59455782312925,0.3742569345241999,0.1744401653636873,109.95678191489355
21.606167800453516,0.37278902208619336,0.1735931563641779,109.95678191489355
21.61777777777778,0.3714231424396963,0.1731539411364777,109.95678191489355
21.62938775510204,0.37078035609464866,0.17220597257648795,109.95678191489355
21.640997732426303,0.37552016747149364,0.1711967752225467,109.95678191489355
21.652607709750566,0.3850975814726255,0.16842429977599468,109.95678191489355
21.66421768707483,0.39404927692877706,0.1652718990586758,109.95678191489355
21.675827664399094,0.4000706601834321,0.16185479713833992,109.95678191489355
21.687437641723356,0.4029467269346613,0.1586231140832444,109.95678191489355
21.69904761904762,0.4020903082089488,0.1552151502974207,109.95678191489355
21.71065759637188,0.40027505729326524,0.1520333652733695,109.95678191489355
21.722267573696143,0.3984645643704554,0.14918930684566942,109.95678191489355
21.73387755102041,0.39765857103980706,0.14674949616655028,109.95678191489355
21.745487528344672,0.39665341172594454,0.1447526623269803,109.95678191489355
21.757097505668934,0.3979115993015933,0.1429436068888247,109.95678191489355
21.768707482993197,0.40178096203781455,0.14131388109726398,109.95678191489355
21.78031746031746,0.4061868359505246,0.140538813265407,109.95678191489355
21.791927437641725,0.41213665522727977,0.1405372927826967,109.95678191489355
21.803537414965987,0.41811983876288744,0.14266224826487747,109.95678191489355
21.81514739229025,0.4255169233541612,0.1458416597263447,109.95678191489355
21.826757369614512,0.43476918285279353,0.14842304971440323,109.95678191489355
21.838367346938774,0.4444071837957452,0.1486771567726601,109.95678191489355
21.849977324263037,0.4529109865256637,0.147936207665139,109.95678191489355
21.861587301587303,0.4596907781843377,0.14752503820178076,109.95678191489355
21.873197278911565,0.463287629211063,0.1469763400535911,109.95678191489355
21.884807256235828,0.46561148807401886,0.14667320221489394,109.95678191489355
21.89641723356009,0.4688464625891689,0.14648122739212532,109.95678191489355
21.908027210884352,0.4781320338687912,0.1470998215939034,109.95678191489355
21.91963718820862,0.48985957252144857,0.14812040084024597,109.95678191489355
21.93124716553288,0.5035296850461519,0.15021367787592244,109.95678191489355
21.942857142857143,0.5146347787728754,0.15355373192630445,109.95678191489355
21.954467120181405,0.5194340309083828,0.15680901191668267,109.95678191489355
21.966077097505668,0.5206907874210489,0.1591390677160767,109.95678191489355
21.97768707482993,0.5201447594258306,0.16108383034303714,109.95678191489355
21.989297052154196,0.5184137313146755,0.16248489579206127,109.95678191489355
22.00090702947846,0.5154533084818064,0.16403902737409254,109.95678191489355
22.01251700680272,0.51176273365848,0.1658888278658928,109.95678191489355
22.024126984126983,0.5064245355402565,0.1679839579046305,109.95678191489355
22.035736961451246,0.4999325324799624,0.16977778982368447,109.95678191489355
22.04734693877551,0.49438647704490346,0.17141452437166757,109.95678191489355
22.058956916099774,0.4875487856441666,0.17293329674020919,109.95678191489355
22.070566893424036,0.48044341049729095,0.17469850520212948,109.95678191489355
22.0821768707483,0.47307594840996975,0.17505199510053382,109.95678191489355
22.09378684807256,0.4638256980637903,0.17424626472853225,109.95678191489355
22.105396825396827,0.4553403900320119,0.17144777939475508,109.95678191489355
22.11700680272109,0.44575774407127916,0.16764321496183743,109.95678191489355
22.128616780045352,0.4350091916067687,0.16344728630883587,109.95678191489355
22.140226757369614,0.42581671855430636,0.16106278037359545,109.95678191489355
22.151836734693877,0.41827944143560936,0.15989580648608567,109.95678191489355
22.16344671201814,0.41207760680311384,0.15899124725670097,109.95678191489355
22.175056689342405,0.4087121056830383,0.15886653064020737,109.95678191489355
22.186666666666667,0.4070067100923159,0.15924858898406757,109.95678191489355
22.19827664399093,0.40786687973573,0.15925786176392645,109.95678191489355
22.209886621315192,0.4065480360807599,0.15948333583253493,109.95678191489355
22.221496598639455,0.40522104419639726,0.16086893148302042,109.95678191489355
22.23310657596372,0.4042461104654161,0.16294345352333517,109.95678191489355
22.244716553287983,0.4024070379320497,0.16351319643160253,109.95678191489355
22.256326530612245,0.401633947388256,0.16415734067226734,109.95678191489355
22.267936507936508,0.40119752982130696,0.16604234618617705,109.95678191489355
22.27954648526077,0.39863468094129556,0.1685372982897715,109.95678191489355
22.291156462585032,0.3943346165602366,0.1712299603329677,109.95678191489355
22.3027664399093,0.39071144496999144,0.17360205154715494,109.95678191489355
22.31437641723356,0.3873518105417592,0.17589697243347707,109.95678191489355
22.325986394557823,0.38613309964648057,0.17696351045519068,109.95678191489355
22.337596371882086,0.3869348630948087,0.17768178614845184,109.95678191489355
22.349206349206348,0.3887864853341688,0.17840328497745775,109.95678191489355
22.360816326530614,0.39087539497548757,0.17890592155852353,109.95678191489355
22.372426303854876,0.3929702745984111,0.1794807293341241,109.95678191489355
22.38403628117914,0.39485753680329944,0.18093006955669713,109.95678191489355
22.3956462585034,0.39722340877665,0.1824533421790869,109.95678191489355
22.407256235827663,0.40081917942579176,0.18321317156218828,109.95678191489355
22.418866213151926,0.40491729566393814,0.18236461558143735,109.95678191489355
22.430476190476192,0.4103929891140448,0.18215423383880994,109.95678191489355
22.442086167800454,0.41543080811177935,0.18230631906282943,109.95678191489355
22.453696145124717,0.41988974214144786,0.182133757665154,109.95678191489355
22.46530612244898,0.4258765541464109,0.18312320701940027,109.95678191489355
22.47691609977324,0.43510278462520435,0.18593209930690408,109.95678191489355
22.488526077097507,0.44659625951603293,0.18954000418280567,109.95678191489355
22.50013605442177,0.4574336061899898,0.19166988709350982,109.95678191489355
22.511746031746032,0.4657619512688324,0.1911181832072405,109.95678191489355
22.523356009070294,0.469274289613312,0.18841952168343304,109.95678191489355
22.534965986394557,0.467166780318128,0.18460530411650705,109.95678191489355
22.54657596371882,0.46068282219746526,0.18146043548503668,109.95678191489355
22.558185941043085,0.451625205590082,0.1792709685628379,109.95678191489355
22.569795918367348,0.4416411664542705,0.17747447331802912,109.95678191489355
22.58140589569161,0.433918651643473,0.1754520724047249,109.95678191489355
22.593015873015872,0.4292926705814342,0.17323850577743274,109.95678191489355
22.604625850340135,0.4272752624443696,0.17075313288950225,109.95678191489355
22.6162358276644,0.4266046520033901,0.16835021196346797,109.95678191489355
22.627845804988663,0.4258852738014184,0.167915538996048,109.95678191489355
22.639455782312925,0.42430136612852903,0.1703297113180072,109.95678191489355
22.651065759637188,0.42310462263312204,0.1739664847820492,109.95678191489355
22.66267573696145,0.4239846114159698,0.17649529796730298,109.95678191489355
22.674285714285713,0.42526887215950065,0.17741193120288662,109.95678191489355
22.68589569160998,0.4278587429738302,0.17725201414636688,109.95678191489355
22.69750566893424,0.4299695167252593,0.17695274857449114,109.95678191489355
22.709115646258503,0.4284198587710308,0.1771942486944784,109.95678191489355
22.720725623582766,0.42645374816112736,0.17974957119057053,109.95678191489355
22.732335600907028,0.4233357201462422,0.18278047016923257,109.95678191489355
22.743945578231294,0.42228155483855095,0.1858877427961749,109.95678191489355
22.755555555555556,0.42527524697033087,0.18830707828359264,109.95678191489355
22.76716553287982,0.4310131331495902,0.1891176255351788,109.95678191489355
22.77877551020408,0.4351476773541853,0.18685812671153154,109.95678191489355
22.790385487528344,0.43641625054873295,0.18203398522810066,109.95678191489355
22.801995464852606,0.4359758763175418,0.17790742376529894,109.95678191489355
22.813605442176872,0.434461281905335,0.174530156643032,109.95678191489355
22.825215419501134,0.4376314362644175,0.17132262059036787,109.95678191489355
22.836825396825397,0.44632787939698765,0.1679742595286639,109.95678191489355
22.84843537414966,0.4594123631317927,0.16416970101452805,109.95678191489355
22.86004535147392,0.4745607853751486,0.16066809714387723,109.95678191489355
22.871655328798187,0.48985151092217827,0.1570457391279976,109.95678191489355
22.88326530612245,0.5025874275309361,0.15330125887431878,109.95678191489355
22.894875283446712,0.5123262817629621,0.15003729261669763,109.95678191489355
22.906485260770975,0.5199188580540877,0.1476865264673876,109.95678191489355
22.918095238095237,0.5252424056858505,0.14540774413572713,109.95678191489355
22.929705215419503,0.5299146097490376,0.14242693839002482,109.95678191489355
22.941315192743765,0.5345491305419837,0.13747208930034058,109.95678191489355
22.952925170068028,0.537807134508986,0.13181874563929474,109.95678191489355
22.96453514739229,0.5384347797412068,0.12785265677505944,109.95678191489355
22.976145124716552,0.5380658770269195,0.1255073140663518,109.95678191489355
22.987755102040815,0.5353118079784741,0.1238236282483794,109.95678191489355
22.99936507936508,0.5331576566922231,0.12252767594302577,109.95678191489355
23.010975056689343,0.5331781422172135,0.12153863107764828,109.95678191489355
23.022585034013606,0.534522528430566,0.12084156753359243,109.95678191489355
23.034195011337868,0.5393294406680459,0.12243649586331781,109.95678191489355
23.04580498866213,0.5437404032674621,0.12443534045778831,109.95678191489355
23.057414965986396,0.5468712125573219,0.12599740209762655,109.95678191489355
23.06902494331066,0.5485395287897137,0.12681704676994474,109.95678191489355
23.08063492063492,0.5484784962025532,0.12799253570676997,109.95678191489355
23.092244897959183,0.5494276374805682,0.1293385161054111,109.95678191489355
23.103854875283446,0.549896159837668,0.13036997890654814,109.95678191489355
23.11546485260771,0.549934135484572,0.13117480764066589,109.95678191489355
23.127074829931974,0.5473999012003589,0.13207659992280835,109.95678191489355
23.138684807256237,0.5410441390011377,0.13299814380007655,109.95678191489355
23.1502947845805,0.5318515285066542,0.13408173374083665,109.95678191489355
23.16190476190476,0.5209908766638208,0.13515447437283232,109.95678191489355
23.173514739229024,0.5095966565697128,0.1363882822879845,109.95678191489355
23.18512471655329,0.5001891650546276,0.13812862384620753,109.95678191489355
23.196734693877552,0.49366047413751757,0.14037141039767612,109.95678191489355
23.208344671201814,0.4895033061432776,0.14211665616382194,109.95678191489355
23.219954648526077,0.4871235550247481,0.14363433635103368,109.95678191489355
23.23156462585034,0.4846715727097801,0.14475286325262635,109.95678191489355
23.2431746031746,0.4817565757143371,0.14602984065185542,109.95678191489355
23.254784580498868,0.47882425352740576,0.14673373621146046,109.95678191489355
23.26639455782313,0.4772782923470521,0.14747981061695106,109.95678191489355
23.278004535147392,0.4770362044701405,0.14833115754511583,109.95678191489355
23.289614512471655,0.47872375342267637,0.14969885320743095,109.95678191489355
23.301224489795917,0.4804618718761531,0.15144060350334185,109.95678191489355
23.312834467120183,0.4813955754997686,0.15326446489242218,109.95678191489355
23.324444444444445,0.4806137769627148,0.15353400503622408,109.95678191489355
23.336054421768708,0.4757732938868598,0.1505265761759504,109.95678191489355
23.34766439909297,0.46890292543737544,0.14662784018506536,109.95678191489355
23.359274376417233,0.4598439502364388,0.14363913353653573,109.95678191489355
23.370884353741495,0.4480149568817424,0.1414797608545691,109.95678191489355
23.38249433106576,0.4361027469647078,0.13982419452541323,109.95678191489355
23.394104308390023,0.42264151382568715,0.13888464405118064,109.95678191489355
23.405714285714286,0.40903445220339874,0.1389123595757208,109.95678191489355
23.417324263038548,0.39682926004555297,0.13958086508065307,109.95678191489355
23.42893424036281,0.3866573368339997,0.14040802769888638,109.95678191489355
23.440544217687076,0.3792259816995164,0.14144677132234004,109.95678191489355
23.45215419501134,0.3740928187552963,0.1427629638332474,109.95678191489355
23.4637641723356,0.37075718586884737,0.1444633766757907,109.95678191489355
23.475374149659864,0.3687065883991386,0.14821029727526747,109.95678191489355
23.486984126984126,0.3672026636526742,0.15197029420811717,109.95678191489355
23.49859410430839,0.36845549515441217,0.1543715536606708,109.95678191489355
23.510204081632654,0.3707744535845815,0.15541500138843395,109.95678191489355
23.521814058956917,0.3743052807963276,0.15556150140104194,109.95678191489355
23.53342403628118,0.37973036559534207,0.15583666409658248,109.95678191489355
23.54503401360544,0.3855028788340838,0.15607775838652108,109.95678191489355
23.556643990929704,0.39382414439936997,0.1574592926972824,109.95678191489355
23.56825396825397,0.40660048312300634,0.15928135181079559,109.95678191489355
23.579863945578232,0.4213100513272221,0.16079567727877128,109.95678191489355
23.591473922902495,0.43707084941075236,0.16161688182639122,109.95678191489355
23.603083900226757,0.45149827663418,0.1611185229910117,109.95678191489355
23.61469387755102,0.4629771843367423,0.15972418276377534,109.95678191489355
23.62630385487528,0.47226014338498296,0.1585233601590072,109.95678191489355
23.637913832199548,0.4799999150827493,0.15726919690564253,109.95678191489355
23.64952380952381,0.48801797105489514,0.15594659011242948,109.95678191489355
23.661133786848072,0.49566334923857586,0.15463241040853906,109.95678191489355
23.672743764172335,0.5044470972088737,0.1532881031853668,109.95678191489355
23.684353741496597,0.5136138302862324,0.1517860851367065,109.95678191489355
23.695963718820863,0.5232148818160371,0.1506380398172726,109.95678191489355
23.707573696145126,0.5329092489812896,0.14953292354465025,109.95678191489355
23.719183673469388,0.5405380983042222,0.14854914039052672,109.95678191489355
23.73079365079365,0.5456221061508452,0.148121415632454,109.95678191489355
23.742403628117913,0.5494168003854547,0.14829841462262733,109.95678191489355
23.754013605442175,0.5518774190572358,0.14798640629745322,109.95678191489355
23.76562358276644,0.5552289085880029,0.14687510751221663,109.95678191489355
23.777233560090703,0.560071829802013,0.1429715815255184,109.95678191489355
23.788843537414966,0.5647892139729522,0.1385746769262877,109.95678191489355
23.800453514739228,0.5674005307404554,0.13484211130077592,109.95678191489355
23.81206349206349,0.5674443739121847,0.13313463968496672,109.95678191489355
23.823673469387757,0.5654096722369456,0.13374974534299203,109.95678191489355
23.83528344671202,0.5624192120751149,0.13541626090485498,109.95678191489355
23.84689342403628,0.5589789216710457,0.1363725462119212,109.95678191489355
23.858503401360544,0.5556632453660516,0.13618754680353307,109.95678191489355
23.870113378684806,0.5476003116585998,0.13546523473416675,109.95678191489355
23.881723356009072,0.5374894385268281,0.1343339761432258,109.95678191489355
23.893333333333334,0.5264289459854046,0.1328284447580543,109.95678191489355
23.904943310657597,0.514225682180763,0.13153338397487116,109.95678191489355
23.91655328798186,0.5051196568276061,0.13122851134973015,110.04871902351806
23.92816326530612,0.49562226823497846,0.13124304358149808,110.14065613214257
23.939773242630384,0.486425177130609,0.1310307083212563,110.23259324076707
23.95138321995465,0.4763833440414418,0.13087057159714727,110.32453034939158
23.962993197278912,0.46512442603775384,0.1306703335250099,110.41646745801609
23.974603174603175,0.4538264353499395,0.1317082024048429,110.50840456664059
23.986213151927437,0.441376440627021,0.13255649844557088,110.6003416752651
23.9978231292517,0.42916446633017336,0.13344820398843085,110.6922787838896
24.009433106575965,0.4177224547299133,0.13398344232632262,110.78421589251411
24.021043083900228,0.4072111780056143,0.13411231133025983,110.87615300113862
24.03265306122449,0.39798874925642097,0.1343422078085711,110.96809010976311
24.044263038548753,0.38942206555240433,0.13386063372977253,111.0600272183876
24.055873015873015,0.38201823464035245,0.1327034054105369,111.1519643270121
24.067482993197277,0.374830527557965,0.13150183854930012,111.24390143563659
24.079092970521543,0.3679101118872198,0.13143552885801232,111.33583854426108
24.090702947845806,0.36164842666894464,0.13224434863007262,111.42777565288557
24.102312925170068,0.3558336845774844,0.13448780480440517,111.51971276151006
24.11392290249433,0.35129341735765685,0.13752813381993126,111.61164987013456
24.125532879818593,0.3486057194776618,0.13933640106867926,111.70358697875905
24.13714285714286,0.34916990814526006,0.14016654371105092,111.79552408738354
24.14875283446712,0.35245198195856514,0.14072306727292372,111.88746119600803
24.160362811791384,0.35559060461907543,0.14077120326583092,111.97939830463253
24.171972789115646,0.3593618404161306,0.14067511665904536,112.07133541325702
24.18358276643991,0.3599112969650375,0.14051583693846617,112.16327252188151
24.19519274376417,0.35763701135661546,0.14043403783014333,112.25520963050602
24.206802721088437,0.35573992662862347,0.14088865217156027,112.34714673913051
24.2184126984127,0.3517066946861547,0.14027669744946983,112.34714673913051
24.23002267573696,0.34901480857293665,0.13918459952016507,112.34714673913051
24.241632653061224,0.34753473126659534,0.1396075153676494,112.34714673913051
24.253242630385486,0.34535280586332934,0.14079221870115025,112.34714673913051
24.264852607709752,0.34466699016991326,0.14220223680161798,112.34714673913051
24.276462585034015,0.3450824665707477,0.1432497666701972,112.34714673913051
24.288072562358277,0.34679102166199005,0.14420916642787757,112.34714673913051
24.29968253968254,0.3490245602925748,0.14497442604074529,112.34714673913051
24.3112925170068,0.35039533703993064,0.14564629421652833,112.34714673913051
24.322902494331064,0.3511052683936563,0.14674159224157682,112.34714673913051
24.33451247165533,0.35104395009368833,0.14780645440685974,112.34714673913051
24.346122448979592,0.35058125444529864,0.14897139831030545,112.34714673913051
24.357732426303855,0.3508319153723953,0.15076841004362163,112.34714673913051
24.369342403628117,0.35222195899215486,0.15292644241503375,112.34714673913051
24.38095238095238,0.3540722609551311,0.15571723818887762,112.34714673913051
24.392562358276646,0.3568111905567139,0.15810820074375095,112.34714673913051
24.404172335600908,0.36065358133753367,0.15885487063024387,112.34714673913051
24.41578231292517,0.3650838699510719,0.1578550926076148,112.34714673913051
24.427392290249433,0.36901344728618307,0.15614751732621443,112.34714673913051
24.439002267573695,0.3696847590979608,0.15424050056991748,112.34714673913051
24.450612244897957,0.36794331204862907,0.15273639114915796,112.34714673913051
24.462222222222223,0.3636144164964659,0.1516416717601606,112.34714673913051
24.473832199546486,0.3581357409709937,0.15057484144975344,112.34714673913051
24.485442176870748,0.35461207740398054,0.14982693075432676,112.34714673913051
24.49705215419501,0.3518583940261758,0.1494929655039324,112.34714673913051
24.508662131519273,0.3498949697830472,0.14960310912832744,112.34714673913051
24.52027210884354,0.349307452623078,0.15098725271724428,112.34714673913051
24.5318820861678,0.34947903690810656,0.15336890654695484,112.34714673913051
24.543492063492064,0.35097562308362945,0.15557888139502216,112.34714673913051
24.555102040816326,0.35590649303041116,0.15740770127411,112.34714673913051
24.56671201814059,0.3616732611926734,0.1591781528034466,112.34714673913051
24.57832199546485,0.36609940238910404,0.1608419572171527,112.34714673913051
24.589931972789117,0.3694877438741304,0.16325931348229197,112.34714673913051
24.60154195011338,0.37071551094912264,0.16476604420929553,112.34714673913051
24.61315192743764,0.37142729402171365,0.16568947783863158,112.34714673913051
24.624761904761904,0.3742560399015901,0.1668388259643286,112.34714673913051
24.636371882086166,0.3812451815807463,0.16819225957515654,112.34714673913051
24.647981859410432,0.39274039073998585,0.17034025379474504,112.34714673913051
24.659591836734695,0.40764915241582,0.1724972472386442,112.34714673913051
24.671201814058957,0.42242856032530807,0.1740008834928715,112.34714673913051
24.68281179138322,0.4344256769250486,0.17393198422003164,112.34714673913051
24.694421768707482,0.4421867079880327,0.17310775441371495,112.34714673913051
24.706031746031748,0.4446941602367279,0.17251338144862516,112.34714673913051
24.71764172335601,0.4455930610416707,0.17186652518198053,112.34714673913051
24.729251700680273,0.44656253874090757,0.17094195136216161,112.34714673913051
24.740861678004535,0.44755826869914495,0.16969499800976695,112.34714673913051
24.752471655328797,0.4488740553103742,0.16829698628798273,112.34714673913051
24.76408163265306,0.44964965312982436,0.16665021430265256,112.34714673913051
24.775691609977326,0.45077239117724854,0.16584798508744086,112.34714673913051
24.787301587301588,0.4517970406026762,0.16553849087985795,112.34714673913051
24.79891156462585,0.4536902719561875,0.16585133515114983,112.34714673913051
24.810521541950113,0.45648505716213844,0.16625462535605204,112.34714673913051
24.822131519274375,0.4595836467103389,0.16584540735776615,112.34714673913051
24.83374149659864,0.46313821890542883,0.16457371888902697,112.34714673913051
24.845351473922904,0.46473698114535567,0.1627665007651485,112.34714673913051
24.856961451247166,0.463475216745232,0.16052891123093674,112.34714673913051
24.86857142857143,0.46104077203214855,0.15829553014504733,112.34714673913051
24.88018140589569,0.4587061552073641,0.1559319256777804,112.34714673913051
24.891791383219953,0.45776360281653966,0.15309781922426163,112.34714673913051
24.90340136054422,0.4594411101717204,0.15180244330964823,112.34714673913051
24.91501133786848,0.46241788444018334,0.1525099239198911,112.34714673913051
24.926621315192744,0.4667922549757075,0.15332115867778065,112.34714673913051
24.938231292517006,0.468048683293487,0.15206469821115706,112.34714673913051
24.94984126984127,0.46608494501616493,0.14908118168516424,112.34714673913051
24.961451247165535,0.46027389303472394,0.14651471773523472,112.34714673913051
24.973061224489797,0.4516958233004917,0.14430203162456515,112.34714673913051
24.98467120181406,0.4464499762246228,0.14279493664392132,112.34714673913051
24.99628117913832,0.44579257854326587,0.14061240885747628,112.34714673913051
25.007891156462584,0.449769670834523,0.1381255943646921,112.34714673913051
25.019501133786846,0.45567471150082367,0.13640601353125464,112.34714673913051
25.031111111111112,0.4609675121030073,0.13559329753103253,112.34714673913051
25.042721088435375,0.4638578828202079,0.1350821376583845,112.34714673913051
25.054331065759637,0.4662856503500148,0.13535828074604914,112.34714673913051
25.0659410430839,0.46960115506072814,0.13625821539433156,112.34714673913051
25.077551020408162,0.4717457870293037,0.13597210521629816,112.34714673913051
25.089160997732428,0.4747665660679936,0.13545069995293438,112.34714673913051
25.10077097505669,0.4767444417148978,0.13504334076082097,112.34714673913051
25.112380952380953,0.4760968315714028,0.1342886374431624,112.34714673913051
25.123990929705215,0.4739881011246863,0.13365084402564165,112.34714673913051
25.135600907029477,0.4699811539275138,0.1334053899556,112.34714673913051
25.14721088435374,0.46726242996898754,0.13377822817748575,112.34714673913051
25.158820861678006,0.4670500079110897,0.13546421740934778,112.34714673913051
25.170430839002268,0.4700385605442647,0.13790601603556216,112.34714673913051
25.18204081632653,0.4743328756839346,0.13989848301243832,112.34714673913051
25.193650793650793,0.47828258119478145,0.14250194268720512,112.34714673913051
25.205260770975055,0.481642760393206,0.14449557426054027,112.34714673913051
25.21687074829932,0.48326406145861944,0.14394117728225034,112.34714673913051
25.228480725623584,0.4828502160364347,0.1424560094753255,112.34714673913051
25.240090702947846,0.48244354758669383,0.1420078383591654,112.34714673913051
25.25170068027211,0.48005155829741825,0.14172558521438533,112.34714673913051
25.26331065759637,0.47649537011735366,0.14132339570372435,112.34714673913051
25.274920634920633,0.47342509695741486,0.1414401195936249,112.34714673913051
25.2865306122449,0.4680433355493957,0.14105317102368392,112.34714673913051
25.29814058956916,0.46082190685890084,0.1418001055570112,112.34714673913051
25.309750566893424,0.45242147718844217,0.14339995072288944,112.34714673913051
25.321360544217686,0.44280566022066825,0.1446805307048526,112.34714673913051
25.33297052154195,0.4348060947817528,0.14662287562139298,112.34714673913051
25.344580498866215,0.4300741975663739,0.14972227632352883,112.34714673913051
25.356190476190477,0.42587616680980617,0.1514757309329359,112.34714673913051
25.36780045351474,0.4213306143195333,0.15252340004334825,112.34714673913051
25.379410430839002,0.4155500186569726,0.15424683003600184,112.34714673913051
25.391020408163264,0.4078234897061789,0.15631651419528372,112.34714673913051
25.402630385487527,0.40100742751464374,0.15751704099780753,112.34714673913051
25.414240362811793,0.3971593399702974,0.15836031345019908,112.34714673913051
25.425850340136055,0.395720536086383,0.1597843947062892,112.34714673913051
25.437460317460317,0.39658283483165013,0.16095605116053605,112.34714673913051
25.44907029478458,0.4010801701619968,0.16186127483804194,112.34714673913051
25.460680272108842,0.4065399070099519,0.16042746293856974,112.34714673913051
25.472290249433108,0.41162808559717695,0.158034326013483,112.34714673913051
25.48390022675737,0.4167073679372222,0.155690127792046,112.34714673913051
25.495510204081633,0.4199707179823522,0.15286144966817838,112.34714673913051
25.507120181405895,0.42181495167185407,0.15004529177686818,112.34714673913051
25.518730158730158,0.4246267688596484,0.14818979907339427,112.34714673913051
25.530340136054424,0.42808299754026635,0.14647753093936128,112.34714673913051
25.541950113378686,0.4324184519922698,0.14471137122489225,112.34714673913051
25.55356009070295,0.43824948221269616,0.14347372036283454,112.34714673913051
25.56517006802721,0.443939738484301,0.14223968969202083,112.34714673913051
25.576780045351473,0.4485494322503559,0.14095291254311884,112.34714673913051
25.588390022675735,0.4527218271545631,0.13970182884835186,112.34714673913051
25.6,0.4558473719985261,0.13821585881173842,112.34714673913051
25.611609977324264,0.45889357531216224,0.13683535751241027,112.34714673913051
25.623219954648526,0.4631105297525721,0.13627674055493325,112.34714673913051
25.63482993197279,0.46512487334905867,0.1350501844809977,112.34714673913051
25.64643990929705,0.46600793083739434,0.13296108791706124,112.34714673913051
25.658049886621317,0.46645026424212166,0.13207860487410494,112.34714673913051
25.66965986394558,0.46563791859115544,0.13169744043444223,112.34714673913051
25.68126984126984,0.46746171173669215,0.13073524035987286,112.34714673913051
25.692879818594104,0.4712351765934341,0.12905603682331412,112.34714673913051
25.704489795918366,0.47704724897775846,0.1286545745352141,112.34714673913051
25.71609977324263,0.484476300917162,0.1294123766689246,112.34714673913051
25.727709750566895,0.49479833580514776,0.13042085606011727,112.34714673913051
25.739319727891157,0.5051919163454308,0.13176682834259776,112.34714673913051
25.75092970521542,0.5117232011683197,0.13247309269380478,112.34714673913051
25.762539682539682,0.5154894407396647,0.13361074940816817,112.34714673913051
25.774149659863944,0.5148101406310279,0.1340116615475456,112.34714673913051
25.78575963718821,0.5125051413123044,0.13410798270977353,112.34714673913051
25.797369614512473,0.5108321203978833,0.1340345076535901,112.34714673913051
25.808979591836735,0.5086611478742211,0.13413514435649623,112.34714673913051
25.820589569160997,0.5064810408705424,0.13426123276612276,112.34714673913051
25.83219954648526,0.5028012348378099,0.13456369774130958,112.34714673913051
25.843809523809522,0.49718529055154365,0.13555272621164416,112.34714673913051
25.855419501133788,0.491334403707496,0.13703960574091956,112.34714673913051
25.86702947845805,0.4850469543576407,0.1391666415871128,112.34714673913051
25.878639455782313,0.48085413473612526,0.14148977954007907,112.34714673913051
25.890249433106575,0.47799134238518254,0.14386004692540166,112.34714673913051
25.901859410430838,0.4751570846637712,0.14612088740315832,112.34714673913051
25.913469387755104,0.47129471564396597,0.1478699027180016,112.34714673913051
25.925079365079366,0.4643311340158134,0.14893263735516377,112.34714673913051
25.93668934240363,0.4558997007573362,0.1504610719394647,112.34714673913051
25.94829931972789,0.4470417041083276,0.15185453159424203,112.34714673913051
25.959909297052153,0.43883519430078916,0.15262908276139397,112.34714673913051
25.971519274376416,0.4336923062923532,0.15351939708012022,112.34714673913051
25.98312925170068,0.43002375801061665,0.15478747332178472,112.34714673913051
25.994739229024944,0.4281656126896398,0.1568314124463085,112.34714673913051
26.006349206349206,0.42642321104299835,0.15793157049613302,112.34714673913051
26.01795918367347,0.42381376015505334,0.15833234442440244,112.34714673913051
26.02956916099773,0.4183114412700348,0.1578694215529545,112.34714673913051
26.041179138321997,0.4122345847497246,0.15674747155895885,112.34714673913051
26.05278911564626,0.40665360571361076,0.15521984024800495,112.34714673913051
26.064399092970522,0.40159265897215407,0.15429397767579262,112.34714673913051
26.076009070294784,0.39877019460912994,0.15406228239856365,112.34714673913051
26.087619047619047,0.396512180470035,0.1540013625018499,112.34714673913051
26.09922902494331,0.3942339098759848,0.15407545158097918,112.34714673913051
26.110839002267575,0.3919333670106707,0.15439092734176563,112.34714673913051
26.122448979591837,0.3890770852466155,0.15564251169548654,112.34714673913051
26.1340589569161,0.3871755057480446,0.15745803676047337,112.34714673913051
26.145668934240362,0.3869290663734486,0.16020180735015693,112.34714673913051
26.157278911564624,0.3866527446045331,0.16302105692843552,112.34714673913051
26.16888888888889,0.38717028961510064,0.16600904798581984,112.34714673913051
26.180498866213153,0.3856291314086458,0.16943087466688853,112.34714673913051
26.192108843537415,0.38235168397706715,0.1727347878497746,112.34714673913051
26.203718820861678,0.3793970362080275,0.1756242468090596,112.34714673913051
26.21532879818594,0.3777114822472515,0.17743051469635526,112.34714673913051
26.226938775510202,0.37915881586628974,0.1796865794886436,112.34714673913051
26.23854875283447,0.3840790836188667,0.1816935025158839,112.34714673913051
26.25015873015873,0.39104477685625183,0.1837949826496572,112.34714673913051
26.261768707482993,0.40049920690397645,0.1872548686889539,112.34714673913051
26.273378684807255,0.41126000836799814,0.19093680117528444,112.34714673913051
26.284988662131518,0.42237130864319894,0.19329011106872435,112.34714673913051
26.296598639455784,0.43348595250792965,0.19361910001828092,112.34714673913051
26.308208616780046,0.4451444544499103,0.19288703741763466,112.34714673913051
26.31981859410431,0.4559143795651831,0.19136867986203607,112.34714673913051
26.33142857142857,0.4676397866170415,0.18950875193855268,112.34714673913051
26.343038548752833,0.4793529954812872,0.18779309190704077,112.34714673913051
26.354648526077096,0.48779855944549105,0.18668682041512918,112.34714673913051
26.36625850340136,0.49432543612792335,0.18599224868327374,112.34714673913051
26.377868480725624,0.49725700779812165,0.18557995014185313,112.34714673913051
26.389478458049886,0.4968532964342881,0.1854929838925896,112.34714673913051
26.40108843537415,0.49665639116407445,0.18552685543272604,112.34714673913051
26.41269841269841,0.49629820559550053,0.18478917056082192,112.34714673913051
26.424308390022677,0.49531493954611655,0.18317316499709027,112.34714673913051
26.43591836734694,0.49425061852254343,0.18176358550055463,112.34714673913051
26.447528344671202,0.49268465577971005,0.17885015674595678,112.34714673913051
26.459138321995464,0.49181436124074623,0.1748769899134827,112.34714673913051
26.470748299319727,0.4918023079919921,0.16997234050821217,112.34714673913051
26.482358276643993,0.4937434741245499,0.1645448452855865,112.34714673913051
26.493968253968255,0.4953322805642619,0.15934948087679868,112.34714673913051
26.505578231292517,0.4966285254190453,0.15554471783414026,112.34714673913051
26.51718820861678,0.49888829548408176,0.1537233918724077,112.34714673913051
26.528798185941042,0.5016273017200034,0.15135695458882353,112.34714673913051
26.540408163265305,0.5047453114092857,0.14948327277837156,112.34714673913051
26.55201814058957,0.512712273934847,0.14856979181641625,112.34714673913051
26.563628117913833,0.5226980365103039,0.14698148599597652,112.34714673913051
26.575238095238095,0.5330352275047915,0.14543595469613532,112.34714673913051
26.586848072562358,0.5451745166300404,0.14471503906793126,112.34714673913051
26.59845804988662,0.5553248147973017,0.14390974888589345,112.34714673913051
26.610068027210886,0.5634615540370691,0.1430407377434596,112.34714673913051
26.62167800453515,0.5700833373504653,0.14235393789723788,112.34714673913051
26.63328798185941,0.5721943335080741,0.1423185508419954,112.34714673913051
26.644897959183673,0.5712710196682673,0.14281779427928082,112.34714673913051
26.656507936507936,0.568790391104187,0.14316978978459913,112.34714673913051
26.668117913832198,0.5653438666632363,0.1428345271034921,112.34714673913051
26.679727891156464,0.563178063625529,0.14291381076782325,112.34714673913051
26.691337868480726,0.5625635311950973,0.14338740429931307,112.34714673913051
26.70294784580499,0.5625617086306002,0.14331420313578466,112.34714673913051
26.71455782312925,0.56454333269626,0.14273272460952907,112.34714673913051
26.726167800453513,0.5684561446037503,0.14241144615205276,112.34714673913051
26.73777777777778,0.5723903050055267,0.14193081580132316,112.34714673913051
26.749387755102042,0.5762324658833294,0.14128362655864096,112.34714673913051
26.760997732426304,0.5796138661298023,0.1405663802800589,112.34714673913051
26.772607709750567,0.5839163228350094,0.1402733556436958,112.34714673913051
26.78421768707483,0.5896401266214949,0.13981001806560087,112.34714673913051
26.79582766439909,0.5975520190446626,0.1395276047172228,112.34714673913051
26.807437641723357,0.6067634974131979,0.139022780334271,112.34714673913051
26.81904761904762,0.6145571480491753,0.13903184700384383,112.34714673913051
26.830657596371882,0.6208420184869268,0.14062461788533048,112.34714673913051
26.842267573696144,0.6241985442265374,0.14132123380244055,112.34714673913051
26.853877551020407,0.6210381874011002,0.1405883696890052,112.34714673913051
26.865487528344673,0.6123283465869156,0.13937186987445382,112.34714673913051
26.877097505668935,0.5982292791805146,0.13749109305349547,112.34714673913051
26.888707482993198,0.5788554585587654,0.13605945788767154,112.34714673913051
26.90031746031746,0.5576958262692572,0.13634139412399776,112.34714673913051
26.911927437641722,0.535406870377062,0.13743635965264955,112.34714673913051
26.923537414965985,0.5135123139435296,0.13884826223250216,112.34714673913051
26.93514739229025,0.4944048093115642,0.14065999555903463,112.34714673913051
26.946757369614513,0.47844418718908255,0.14149726250974665,112.34714673913051
26.958367346938775,0.46642412860059385,0.14195922303006542,112.34714673913051
26.969977324263038,0.45632900549145117,0.14428800131550648,112.34714673913051
26.9815873015873,0.44871274669062766,0.14756827368426764,112.34714673913051
26.993197278911566,0.4450832394397035,0.1510716170760079,112.34714673913051
27.00480725623583,0.44451076759963737,0.15440977212031112,112.34714673913051
27.01641723356009,0.4455285665815437,0.15858014211710314,112.34714673913051
27.028027210884353,0.447056786912418,0.1620453217961541,112.34714673913051
27.039637188208616,0.44828339447654203,0.16461906162108064,112.34714673913051
27.051247165532878,0.44850308680086187,0.16664103058121849,112.34714673913051
27.062857142857144,0.44830190999923075,0.16870688511076543,112.34714673913051
27.074467120181406,0.4470463679742414,0.1711582259291311,112.34714673913051
27.08607709750567,0.4452117935433817,0.17380460838781425,112.34714673913051
27.09768707482993,0.4436803778937636,0.175635667797568,112.34714673913051
27.109297052154194,0.4419151991887993,0.1771205246684415,112.34714673913051
27.12090702947846,0.4407329462473195,0.17835413788006915,112.34714673913051
27.132517006802722,0.4384877550322966,0.17817851360100156,112.34714673913051
27.144126984126984,0.4385412041518236,0.17803631170960724,112.34714673913051
27.155736961451247,0.44022104385645217,0.17779468071528134,112.34714673913051
27.16734693877551,0.44364383164387866,0.17750396592819162,112.34714673913051
27.17895691609977,0.45090784237143694,0.1774391917249469,112.34714673913051
27.190566893424037,0.45933463925240436,0.17766791478304272,112.34714673913051
27.2021768707483,0.4706283134277761,0.1777023481797724,112.34714673913051
27.213786848072562,0.4827479841622402,0.17751330730748666,112.34714673913051
27.225396825396825,0.494627826899811,0.1772510064921426,112.34714673913051
27.237006802721087,0.5071382094818642,0.17703702923762085,112.34714673913051
27.248616780045353,0.5186101734469274,0.1772448353293553,112.34714673913051
27.260226757369615,0.5300914676427643,0.17751846871417218,112.34714673913051
27.271836734693878,0.5414568815552265,0.1767809535635005,112.34714673913051
27.28344671201814,0.5511646597298046,0.17579212054181195,112.34714673913051
27.295056689342402,0.5574293203595896,0.17431539150597816,112.34714673913051
27.30666666666667,0.5603466047234554,0.1728055930329367,112.34714673913051
27.31827664399093,0.5616836606956859,0.17132570736630542,112.34714673913051
27.329886621315193,0.5609135655549689,0.17105716101229748,112.34714673913051
27.341496598639456,0.5594229910101479,0.17198901118934434,112.34714673913051
27.353106575963718,0.5570722110036894,0.17383271861651575,112.34714673913051
27.36471655328798,0.5537317051728581,0.1768979764617113,112.34714673913051
27.376326530612246,0.5507768066762528,0.18048874783846588,112.34714673913051
27.38793650793651,0.5469797051238201,0.1836401550475515,112.34714673913051
27.39954648526077,0.5443660959900024,0.18785994741002188,112.34714673913051
27.411156462585033,0.5427966896998054,0.19055447723092211,112.34714673913051
27.422766439909296,0.5409114999539979,0.19094793911382804,112.34714673913051
27.434376417233562,0.5391988607522759,0.19133635355500672,112.34714673913051
27.445986394557824,0.5358453587371279,0.19206921652187245,112.34714673913051
27.457596371882087,0.5295390973230113,0.1933600315610134,112.34714673913051
27.46920634920635,0.5214280988913295,0.19479056730709596,112.34714673913051
27.48081632653061,0.5121271174457117,0.19678427400750517,112.34714673913051
27.492426303854874,0.5020561808003441,0.19846339972223234,112.34714673913051
27.50403628117914,0.4902538370370361,0.19961527064759707,112.34714673913051
27.515646258503402,0.4789225245724484,0.20178701431226392,112.34714673913051
27.527256235827664,0.4694396390284771,0.2044784363340585,112.34714673913051
27.538866213151927,0.46050912796916843,0.2053108605088551,112.34714673913051
27.55047619047619,0.45436405189347023,0.20586599785359908,112.34714673913051
27.562086167800455,0.4501672023053015,0.2070839058664975,112.34714673913051
27.573696145124718,0.4472503261025891,0.20798034851681604,112.34714673913051
27.58530612244898,0.4461685207879761,0.20773936488727296,112.34714673913051
27.596916099773242,0.44613522649960696,0.20747251288950155,112.34714673913051
27.608526077097505,0.44570674225270857,0.20787398241339458,112.34714673913051
27.620136054421767,0.44358639337381367,0.20817548628076887,112.34714673913051
27.631746031746033,0.4402560715802505,0.20839890140904757,112.34714673913051
27.643356009070295,0.43675531335077966,0.2080281079660799,112.34714673913051
27.654965986394558,0.43437633607247755,0.20776607360197216,112.34714673913051
27.66657596371882,0.433434582511339,0.20659777259776047,112.34714673913051
27.678185941043083,0.4326291306189554,0.2039821690909907,112.34714673913051
27.68979591836735,0.4316094507638157,0.2017617629667339,112.34714673913051
27.70140589569161,0.4285351476372237,0.1993101669514558,112.34714673913051
27.713015873015873,0.4238778039719478,0.1983134248462318,112.34714673913051
27.724625850340136,0.4188585696344033,0.19834159221630626,112.34714673913051
27.736235827664398,0.41461279735060047,0.19829396824708814,112.34714673913051
27.74784580498866,0.41018548997944587,0.19785956253977033,112.34714673913051
27.759455782312926,0.4066145846743648,0.19702695340532772,112.34714673913051
27.77106575963719,0.4035716833011614,0.19632117670758437,112.34714673913051
27.78267573696145,0.39988454786028876,0.1953488401415317,112.34714673913051
27.794285714285714,0.39706060162238327,0.19456697066361414,112.34714673913051
27.805895691609976,0.3945268696262834,0.19484681364699286,112.34714673913051
27.817505668934242,0.39168450948948647,0.19503095034347928,112.34714673913051
27.829115646258504,0.3877624581462545,0.1956631978273603,112.34714673913051
27.840725623582767,0.3840113988378878,0.19730045709345542,112.34714673913051
27.85233560090703,0.37978619204534203,0.19815538037294875,112.34714673913051
27.86394557823129,0.3742259759172064,0.1982224007642618,112.34714673913051
27.875555555555554,0.36842707547638914,0.1982453157241468,112.34714673913051
27.88716553287982,0.3637461051112056,0.19907818646251735,112.34714673913051
27.898775510204082,0.36124626631749396,0.19955120691406678,112.34714673913051
27.910385487528345,0.36123858955588245,0.19990734089422232,112.34714673913051
27.921995464852607,0.36510134008141887,0.2001849455916875,112.34714673913051
27.93360544217687,0.3719335579577906,0.20012674022643856,112.34714673913051
27.945215419501135,0.38068417157225276,0.19879543041121067,112.34714673913051
27.956825396825398,0.3901764931357049,0.19678124391871188,112.34714673913051
27.96843537414966,0.397825147437378,0.19525853546940417,112.34714673913051
27.980045351473922,0.4032683246042528,0.19396882451826689,112.34714673913051
27.991655328798185,0.4066933681067881,0.19244494757400404,112.34714673913051
28.003265306122447,0.41008622518694215,0.19047521183879587,112.34714673913051
28.014875283446713,0.41429078985389184,0.18790527018868614,112.34714673913051
28.026485260770976,0.4194460301516004,0.18485234163706912,112.34714673913051
28.038095238095238,0.42511258808685054,0.18196501853009872,112.34714673913051
28.0497052154195,0.43131818863072235,0.17914903049159978,112.34714673913051
28.061315192743763,0.43753569748448984,0.17757833941228468,112.34714673913051
28.07292517006803,0.44485855338861946,0.17643271888154036,112.34714673913051
28.08453514739229,0.45352439526345084,0.17493984344565222,112.34714673913051
28.096145124716553,0.4629563606210821,0.17247031853028646,112.34714673913051
28.107755102040816,0.47303052090657954,0.16945573318807047,112.34714673913051
28.11936507936508,0.4823510574363542,0.16585635381836922,112.34714673913051
28.130975056689344,0.4898097560361867,0.16175017715280404,112.34714673913051
28.142585034013607,0.49506185880646775,0.1582222683996675,112.34714673913051
28.15419501133787,0.49833572524866204,0.15620536804037877,112.34714673913051
28.16580498866213,0.5031007734795157,0.15518924891256075,112.34714673913051
28.177414965986394,0.5089312156146882,0.15404457517838782,112.34714673913051
28.189024943310656,0.5141405414301303,0.15230317528313778,112.34714673913051
28.200634920634922,0.5195410699213858,0.15072031301478975,112.34714673913051
28.212244897959184,0.522462982332942,0.1490438505904031,112.34714673913051
28.223854875283447,0.5235979835405705,0.14726901850963237,112.34714673913051
28.23546485260771,0.523461201241233,0.1452539856802378,112.34714673913051
28.24707482993197,0.5229510830976931,0.14408743025474252,112.34714673913051
28.258684807256238,0.5231068757109952,0.14316695662433057,112.34714673913051
28.2702947845805,0.522298245159507,0.14181656769135545,112.34714673913051
28.281904761904762,0.5226093755779688,0.1411536726719166,112.34714673913051
28.293514739229025,0.5252763255436608,0.1407877385792651,112.34714673913051
28.305124716553287,0.5269833671067078,0.13957573566522163,112.34714673913051
28.31673469387755,0.5286673417337148,0.13873623599227905,112.34714673913051
28.328344671201815,0.5326636409226756,0.13893069394375326,112.34714673913051
28.339954648526078,0.5345790845727505,0.1386191080238617,112.34714673913051
28.35156462585034,0.535090388882581,0.137795621263646,112.34714673913051
28.363174603174603,0.5367486593527079,0.13665129545939828,112.34714673913051
28.374784580498865,0.536950510869715,0.135658101940424,112.34714673913051
28.38639455782313,0.5343418346549795,0.13401292646163632,112.34714673913051
28.398004535147393,0.5312776039460747,0.13339273004079144,112.34714673913051
28.409614512471656,0.5283645944455543,0.13443442791156143,112.34714673913051
28.421224489795918,0.5230100232342063,0.13692953938998748,112.34714673913051
28.43283446712018,0.5222501354542518,0.13967275459807427,112.34714673913051
28.444444444444443,0.5249056235883709,0.1428620289788795,112.34714673913051
28.45605442176871,0.5294080825906655,0.14667378297096545,112.34714673913051
28.46766439909297,0.5327108393456821,0.14860504645218728,112.34714673913051
28.479274376417234,0.5333796238902366,0.14957708067946227,112.34714673913051
28.490884353741496,0.5331658040886338,0.15034287557180936,112.34714673913051
28.50249433106576,0.5287359311330865,0.150424047567641,112.34714673913051
28.514104308390024,0.5248145969873099,0.15011293260927433,112.34714673913051
28.525714285714287,0.5200225934606938,0.14970125450711616,112.34714673913051
28.53732426303855,0.5151257275028991,0.14915546224437753,112.34714673913051
28.54893424036281,0.5100877827248907,0.14860744311239635,112.34714673913051
28.560544217687074,0.5037281821448638,0.1487116588502654,112.34714673913051
28.572154195011336,0.49987687345933346,0.14923229345327865,112.34714673913051
28.583764172335602,0.4959336135627824,0.1491470804456176,112.34714673913051
28.595374149659865,0.4928158404403728,0.14895898745590314,112.34714673913051
28.606984126984127,0.4923794411990265,0.14998365473005895,112.34714673913051
28.61859410430839,0.4930688953575813,0.1507799187412558,112.34714673913051
28.63020408163265,0.4907985647474373,0.15065555040641168,112.34714673913051
28.641814058956918,0.4890868301641083,0.15113856908683365,112.34714673913051
28.65342403628118,0.4869913891113534,0.15222780471879552,112.34714673913051
28.665034013605442,0.48264827455737724,0.1526844856733086,112.34714673913051
28.676643990929705,0.4781604044008795,0.152473122395081,112.34714673913051
28.688253968253967,0.47472881032832315,0.15362666063713987,112.34714673913051
28.69986394557823,0.471864920107176,0.15573324169755554,112.34714673913051
28.711473922902496,0.46820530389084314,0.15639295541606288,112.34714673913051
28.723083900226758,0.46879891181479927,0.15532869227916596,112.34714673913051
28.73469387755102,0.46858454890896784,0.15329679362729756,112.34714673913051
28.746303854875283,0.46727156778093176,0.14964685220706692,112.34714673913051
28.757913832199545,0.4657580862326044,0.1443428412172796,112.34714673913051
28.76952380952381,0.4635795119157059,0.14004831263353246,112.34714673913051
28.781133786848073,0.4623162548119357,0.1371067287946739,112.34714673913051
28.792743764172336,0.46021818986605184,0.13421678158406067,112.34714673913051
28.804353741496598,0.45850126080730963,0.13227959637537903,112.34714673913051
28.81596371882086,0.456034656327267,0.13156555860644706,112.34714673913051
28.827573696145123,0.4520644394689896,0.13183996206550197,112.34714673913051
28.83918367346939,0.44676252854326604,0.13192564979094648,112.34714673913051
28.85079365079365,0.44014488348417596,0.13208535845177985,112.34714673913051
28.862403628117914,0.4335456589878327,0.13334066630264435,112.34714673913051
28.874013605442176,0.42599920657300383,0.13556311970190724,112.34714673913051
28.88562358276644,0.4185116243242045,0.13785206818991438,112.34714673913051
28.897233560090704,0.4108052593673702,0.14055159224648117,112.34714673913051
28.908843537414967,0.4020431197817256,0.1430424293662192,112.34714673913051
28.92045351473923,0.39247574238005717,0.1449227716113771,112.34714673913051
28.93206349206349,0.3834502880385789,0.14689481101519541,112.34714673913051
28.943673469387754,0.37578617359199384,0.14896039099533828,112.34714673913051
28.955283446712016,0.37142663596597647,0.15149202132028947,112.34714673913051
28.966893424036282,0.3721659324322335,0.15478594125920353,112.34714673913051
28.978503401360545,0.37560803373905266,0.15765976992136502,112.34714673913051
28.990113378684807,0.38150229395301233,0.1591045579608709,112.34714673913051
29.00172335600907,0.3879417841654864,0.15908689541809518,112.34714673913051
29.013333333333332,0.39442077438182493,0.15861417695393634,112.34714673913051
29.024943310657598,0.4004146842259474,0.15800780592365635,112.34714673913051
29.03655328798186,0.4039017748876532,0.15801607219235492,112.34714673913051
29.048163265306123,0.4050178390837285,0.15936407858822366,112.34714673913051
29.059773242630385,0.40287706881945307,0.16124286347529745,112.34714673913051
29.071383219954647,0.3991993485735126,0.1633502514221428,112.34714673913051
29.082993197278913,0.3953063174882866,0.1651226174225788,112.34714673913051
29.094603174603176,0.3929970766254957,0.16705708666554528,112.34714673913051
29.106213151927438,0.39392425550153054,0.16774083052460922,112.34714673913051
29.1178231292517,0.39855608159788225,0.16768445777743676,112.34714673913051
29.129433106575963,0.40713424129416464,0.16676829996990597,112.34714673913051
29.141043083900225,0.4197318162613827,0.1661225587256915,112.34714673913051
29.15265306122449,0.4341306505465427,0.16590763846342804,112.34714673913051
29.164263038548754,0.44819664523777203,0.16394928939744438,112.34714673913051
29.175873015873016,0.4611018304417495,0.16108876630909696,112.34714673913051
29.18748299319728,0.47087603309562265,0.15855164596209417,112.34714673913051
29.19909297052154,0.4768735155993101,0.15638066501747241,112.34714673913051
29.210702947845807,0.4794230067808404,0.15437485432597192,112.34714673913051
29.22231292517007,0.4812402735128326,0.15318843487783693,112.34714673913051
29.23392290249433,0.48500924026706765,0.15257181439765774,112.34714673913051
29.245532879818594,0.48923308263518644,0.15113132698799717,112.34714673913051
29.257142857142856,0.4931816053116703,0.14993878010298206,112.34714673913051
29.26875283446712,0.4963831514283579,0.14814577528867617,112.34714673913051
29.280362811791385,0.4988073388017622,0.14653741719982516,112.34714673913051
29.291972789115647,0.5013331449746488,0.14558791995229933,112.34714673913051
29.30358276643991,0.5048589259817678,0.14495064947038105,112.34714673913051
29.31519274376417,0.5091894241911946,0.144277847603251,112.34714673913051
29.326802721088434,0.5137407475803873,0.14358684224222593,112.34714673913051
29.3384126984127,0.5191041000874067,0.14248129371203253,112.34714673913051
29.350022675736962,0.5245976026915123,0.1406985804580362,112.34714673913051
29.361632653061225,0.5320089945806852,0.1391225297018048,112.34714673913051
29.373242630385487,0.5399639771599035,0.1378742601466255,112.34714673913051
29.38485260770975,0.5463716108108466,0.1366597855543842,112.34714673913051
29.396462585034012,0.5516019844140924,0.1357614856393781,112.34714673913051
29.408072562358278,0.5544246486927833,0.13591825096129287,112.34714673913051
29.41968253968254,0.5535893543892134,0.13551823830825005,112.34714673913051
29.431292517006803,0.5508819748118057,0.13532129833472248,112.34714673913051
29.442902494331065,0.5460966268109357,0.1351750324309151,112.34714673913051
29.454512471655327,0.539444836155928,0.1347242555725044,112.34714673913051
29.466122448979593,0.5323576158505586,0.1346127361144846,112.34714673913051
29.477732426303856,0.5272328793517013,0.13474835918442127,112.34714673913051
29.489342403628118,0.5255394853648524,0.1350765702076705,112.34714673913051
29.50095238095238,0.5263155463222644,0.13486230581571304,112.34714673913051
29.512562358276643,0.5301437405917838,0.13490759375563766,112.34714673913051
29.524172335600905,0.5369813228718857,0.1355512464632451,112.34714673913051
29.53578231292517,0.5424783223341993,0.1360470494999798,112.34714673913051
29.547392290249434,0.5468557807337961,0.13768381337544153,112.34714673913051
29.559002267573696,0.549595445025455,0.13903028080819974,112.34714673913051
29.57061224489796,0.5478475740193581,0.13985586130251212,112.34714673913051
29.58222222222222,0.5429500533377538,0.13990864005332,112.34714673913051
29.593832199546487,0.536242021407737,0.13976138887573875,112.34714673913051
29.60544217687075,0.5275720454435092,0.13966126975017545,112.34714673913051
29.61705215419501,0.5176923131399189,0.13973131938711056,112.34714673913051
29.628662131519274,0.5063043653998618,0.14020792539757929,112.34714673913051
29.640272108843536,0.4951079885136381,0.1410321761776245,112.34714673913051
29.6518820861678,0.4849047693374034,0.1418952356625088,112.34714673913051
29.663492063492065,0.4753416218180553,0.14254083465548853,112.34714673913051
29.675102040816327,0.46873666307399803,0.143226737485457,112.34714673913051
29.68671201814059,0.4655004665743335,0.14400235771077327,112.34714673913051
29.698321995464852,0.4642108839091518,0.1443536474355623,112.34714673913051
29.709931972789114,0.46477771979337346,0.14455082388368506,112.34714673913051
29.72154195011338,0.4673156841707393,0.14519663541923628,112.34714673913051
29.733151927437643,0.4695954557982556,0.14556957341167498,112.34714673913051
29.744761904761905,0.47101713607231255,0.14608734367828086,112.34714673913051
29.756371882086167,0.47198359504497833,0.14699011808534787,112.34714673913051
29.76798185941043,0.471443779429111,0.14845500085973087,112.34714673913051
29.779591836734692,0.4686911622681968,0.1499043681078462,112.34714673913051
29.791201814058958,0.4649017224837005,0.1511636315130867,112.34714673913051
29.80281179138322,0.46135154093644626,0.15216752774449602,112.34714673913051
29.814421768707483,0.458473296770411,0.15243262607269706,112.34714673913051
29.826031746031745,0.4538247577243009,0.151347836485215,112.34714673913051
29.837641723356008,0.4482714370207116,0.15014756389480963,112.34714673913051
29.849251700680274,0.44302338254268653,0.14846202303719655,112.34714673913051
29.860861678004536,0.43762156626134296,0.14576433160451022,112.34714673913051
29.8724716553288,0.43314306381980633,0.14357743177217158,112.34714673913051
29.88408163265306,0.4305020629076865,0.14262152854170515,112.34714673913051
29.895691609977323,0.4271617353349916,0.14231006804092605,112.34714673913051
29.90730158730159,0.4226477245390742,0.14230506345037047,112.34714673913051
29.91891156462585,0.41758196482793536,0.14298288796594197,112.34714673913051
29.930521541950114,0.41216653428967154,0.1438039019165499,112.34714673913051
29.942131519274376,0.40633953820080826,0.1442457061095167,112.34714673913051
29.95374149659864,0.4013544303005968,0.14492744493007093,112.34714673913051
29.9653514739229,0.3962178621261828,0.14548745548637318,112.34714673913051
29.976961451247167,0.3894561220192538,0.1458705807677508,112.34714673913051
29.98857142857143,0.38089508010195533,0.14624622504097132,112.34714673913051
30.00018140589569,0.3698274172519433,0.14625409541787707,112.34714673913051
30.011791383219954,0.35754301933982785,0.14656699024709569,112.34714673913051
30.023401360544216,0.34432033223848585,0.14794067003246195,112.25520963050602
30.035011337868482,0.33136784282279463,0.150672595809061,112.16327252188151
30.046621315192745,0.32098228806355844,0.15456905727541478,112.071335413257
30.058231292517007,0.3150565053138281,0.15790010671297225,111.9793983046325
30.06984126984127,0.3141481868150075,0.1606443627820156,111.88746119600799
30.081451247165532,0.31649941996364445,0.16267016196166392,111.79552408738348
30.093061224489794,0.3202586424950789,0.1637664913779473,111.70358697875898
30.10467120181406,0.32330694908812796,0.16383987135523762,111.61164987013447
30.116281179138323,0.3245078358357328,0.1639996028069975,111.51971276150996
30.127891156462585,0.3240570876473901,0.1646229912179383,111.42777565288546
30.139501133786847,0.3228006310082245,0.16506064077503116,111.33583854426095
30.15111111111111,0.32037182391694935,0.16503412544668783,111.24390143563645
30.162721088435376,0.3177200225609218,0.16562755781088376,111.15196432701197
30.174331065759638,0.3152345277163149,0.166729585877246,111.06002721838746
30.1859410430839,0.3125488689761227,0.16764711725992357,110.96809010976298
30.197551020408163,0.3111358858665608,0.16835149829695678,110.87615300113848
30.209160997732425,0.31130241478416093,0.16888361636399898,110.784215892514
30.220770975056688,0.3132845819540494,0.16870209051411048,110.69227878388949
30.232380952380954,0.3169739714440671,0.16902568368590404,110.60034167526501
30.243990929705216,0.3221284162440175,0.16943734253658027,110.50840456664051
30.25560090702948,0.32699159974385655,0.1691637684537807,110.41646745801603
30.26721088435374,0.33158076050495017,0.16848854034412847,110.32453034939152
30.278820861678003,0.3356658905545631,0.16786161567796545,110.23259324076705
30.29043083900227,0.3385093269040338,0.16774515898934766,110.14065613214254
30.30204081632653,0.3405260345032822,0.16865428710439617,110.04871902351806
30.313650793650794,0.3420281350192856,0.17000128538877426,109.95678191489355
30.325260770975056,0.3437007052904741,0.17105679940191834,109.95678191489355
30.33687074829932,0.34670361020257334,0.17072936384767537,109.95678191489355
30.34848072562358,0.3497958274388894,0.16835077977437574,109.95678191489355
30.360090702947847,0.3516394688782278,0.16567253196216372,109.95678191489355
30.37170068027211,0.3525353059755742,0.16292429825711335,109.95678191489355
30.383310657596372,0.35248849072426264,0.1600696854423172,109.95678191489355
30.394920634920634,0.3514481145997003,0.15744379133440442,109.95678191489355
30.406530612244897,0.34973057413220987,0.15578771978482597,109.95678191489355
30.418140589569163,0.3462432185822453,0.1546133196366759,109.95678191489355
30.429750566893425,0.3405046210364043,0.15382167206589387,109.95678191489355
30.441360544217687,0.333522490566285,0.1536940470494129,109.95678191489355
30.45297052154195,0.3263699623939189,0.1541753720044062,109.95678191489355
30.464580498866212,0.3208296903525088,0.15525882116761305,109.95678191489355
30.476190476190474,0.3173263607077718,0.1560542578980749,109.95678191489355
30.48780045351474,0.31581869753833514,0.1568109613376045,109.95678191489355
30.499410430839003,0.31615421600220295,0.15800183101257345,109.95678191489355
30.511020408163265,0.3179524465977903,0.15859498193981905,109.95678191489355
30.522630385487528,0.31994929090956187,0.158595742331844,109.95678191489355
30.53424036281179,0.3214194065848147,0.15701375337979354,109.95678191489355
30.545850340136056,0.3214207643453862,0.15587019638914174,109.95678191489355
30.55746031746032,0.3200376119852633,0.15538625653455784,109.95678191489355
30.56907029478458,0.3189623489108516,0.155843729331413,109.95678191489355
30.580680272108843,0.3195124976677553,0.1569804981640771,109.95678191489355
30.592290249433105,0.32289126819022573,0.15763704383256513,109.95678191489355
30.603900226757368,0.32917591205688795,0.15824344721895814,109.95678191489355
30.615510204081634,0.33736718412569383,0.1593170137098719,109.95678191489355
30.627120181405896,0.34660781519636435,0.15969569156097807,109.95678191489355
30.63873015873016,0.3547246045185326,0.15978846186933074,109.95678191489355
30.65034013605442,0.3617946812224777,0.16021628594352513,109.95678191489355
30.661950113378683,0.36680225381278236,0.16083076491900664,109.95678191489355
30.67356009070295,0.3694137888215554,0.16148077193826404,109.95678191489355
30.68517006802721,0.3717836574422813,0.16261351052974554,109.95678191489355
30.696780045351474,0.3740648717945276,0.1638883380866886,109.95678191489355
30.708390022675736,0.3768984764580933,0.16431815947745101,109.95678191489355
30.72,0.3847295179876487,0.16457742338162518,109.95678191489355
30.731609977324265,0.3963064043585909,0.16412350809673656,109.95678191489355
30.743219954648527,0.409487403212497,0.16286012827409801,109.95678191489355
30.75482993197279,0.42400987909031024,0.16153555665300234,109.95678191489355
30.766439909297052,0.4351854872376821,0.16026013012737686,109.95678191489355
30.778049886621314,0.4430992180520039,0.1592652266889795,109.95678191489355
30.789659863945577,0.44986673405574434,0.15827764913868647,109.95678191489355
30.801269841269843,0.45413405141757246,0.15611686192073962,109.95678191489355
30.812879818594105,0.45617681968997364,0.15420863115728714,109.95678191489355
30.824489795918367,0.4584160317605906,0.15344730638935772,109.95678191489355
30.83609977324263,0.4613718482033001,0.15301103409516695,109.95678191489355
30.847709750566892,0.4660304096881806,0.15219796259503282,109.95678191489355
30.859319727891158,0.4740686538107621,0.15165832157537384,109.95678191489355
30.87092970521542,0.483472206987208,0.1509195949138674,109.95678191489355
30.882539682539683,0.4922010431216822,0.14948351328021015,109.95678191489355
30.894149659863945,0.500965051085831,0.14843015964760836,109.95678191489355
30.905759637188208,0.5087343469956803,0.14710326551458627,109.95678191489355
30.91736961451247,0.5168509630576039,0.1446509886500706,109.95678191489355
30.928979591836736,0.5257471652565334,0.14233051830340318,109.95678191489355
30.940589569161,0.5332101653751335,0.1397495206932899,109.95678191489355
30.95219954648526,0.5394080741637189,0.13795075771566323,109.95678191489355
30.963809523809523,0.5426692617877179,0.1372327144755618,109.95678191489355
30.975419501133786,0.5437586455720729,0.1365550753647096,109.95678191489355
30.98702947845805,0.5451035532321233,0.13579103751879126,109.95678191489355
30.998639455782314,0.5460975305963469,0.13417432332328127,109.95678191489355
31.010249433106576,0.5498364650195121,0.13335979253983282,109.95678191489355
31.02185941043084,0.5492976706395102,0.1318451134172351,109.95678191489355
31.0334693877551,0.5480015040850297,0.13125389042685115,109.95678191489355
31.045079365079363,0.5455813500102064,0.1312323632580323,109.95678191489355
31.05668934240363,0.5411987337864019,0.13047522716303017,109.95678191489355
31.068299319727892,0.5407887833877951,0.12874678721634383,109.95678191489355
31.079909297052154,0.5405046315885902,0.12609999215210632,109.95678191489355
31.091519274376417,0.542760836490899,0.12416003094559913,109.95678191489355
31.10312925170068,0.5434257709929006,0.1225507049023292,109.95678191489355
31.114739229024945,0.5445601074809365,0.12119335648119145,109.95678191489355
31.126349206349207,0.5448903165178826,0.12050427993962551,109.95678191489355
31.13795918367347,0.543327807318196,0.12119835638545438,109.95678191489355
31.149569160997732,0.5432513812246791,0.12305942079286687,109.95678191489355
31.161179138321994,0.5435837926658894,0.12418240733239408,109.95678191489355
31.172789115646257,0.5457373175497172,0.125790091041918,109.95678191489355
31.184399092970523,0.5500950276133456,0.12780309721371833,109.95678191489355
31.196009070294785,0.5557083829917245,0.12865419503882033,109.95678191489355
31.207619047619048,0.5619102750999744,0.12860545831627704,109.95678191489355
31.21922902494331,0.5672164967072668,0.1276557200304227,109.95678191489355
31.230839002267572,0.5697547059813247,0.1265621194095971,109.95678191489355
31.24244897959184,0.5721299573313836,0.1258236624692423,109.95678191489355
31.2540589569161,0.5736796302792873,0.12438738157228794,109.95678191489355
31.265668934240363,0.5754188799222462,0.12228697500679221,109.95678191489355
31.277278911564625,0.5783830994868238,0.11971073611969911,109.95678191489355
31.288888888888888,0.5775922464360203,0.11734596038872808,109.95678191489355
31.30049886621315,0.5741660400906886,0.1165539343157742,109.95678191489355
31.312108843537416,0.5666567420025652,0.11601266821738201,109.95678191489355
31.32371882086168,0.5581185396172356,0.11686170611254566,109.95678191489355
31.33532879818594,0.547974517968935,0.11819040513149515,109.95678191489355
31.346938775510203,0.5381298417105289,0.11901731460358997,109.95678191489355
31.358548752834466,0.5293174283325341,0.12042036487157992,109.95678191489355
31.37015873015873,0.5192009092491345,0.12230600711497353,109.95678191489355
31.381768707482994,0.511480420250429,0.12508790444776496,109.95678191489355
31.393378684807256,0.5030239275630978,0.12761336540732598,109.95678191489355
31.40498866213152,0.5002921999234174,0.1307843216930985,109.95678191489355
31.41659863945578,0.5003959028437279,0.13352888772692018,109.95678191489355
31.428208616780044,0.5045829682259626,0.13523196721550812,109.95678191489355
31.43981859410431,0.5129616170845054,0.13626499958864663,109.95678191489355
31.451428571428572,0.5205589655291978,0.13639067058040108,109.95678191489355
31.463038548752834,0.5269733263423343,0.13668722334898462,109.95678191489355
31.474648526077097,0.5290784266537315,0.13601404914506374,109.95678191489355
31.48625850340136,0.5267808708616747,0.13506619843617582,109.95678191489355
31.497868480725625,0.5207040776479924,0.1357284187828707,109.95678191489355
31.509478458049887,0.5130012137142758,0.13691787683083334,109.95678191489355
31.52108843537415,0.5040378248575706,0.13864846233295672,109.95678191489355
31.532698412698412,0.49560307466498577,0.14056671712619637,109.95678191489355
31.544308390022675,0.4862530655680089,0.1430253060338009,109.95678191489355
31.555918367346937,0.47707927046971466,0.14553229381541766,109.95678191489355
31.567528344671203,0.4715532482504494,0.14744734007592147,109.95678191489355
31.579138321995465,0.4672557277962526,0.14907922344644703,109.95678191489355
31.590748299319728,0.4680713387364458,0.1511072390560237,109.95678191489355
31.60235827664399,0.4730833111373876,0.15262529703343158,109.95678191489355
31.613968253968252,0.4799859684660326,0.15351947054242202,109.95678191489355
31.62557823129252,0.4895806251934402,0.15342134280047628,109.95678191489355
31.63718820861678,0.500489690779939,0.15237980780932076,109.95678191489355
31.648798185941043,0.5118073006915201,0.15122512244442374,109.95678191489355
31.660408163265306,0.522655017157719,0.14985864344563174,109.95678191489355
31.672018140589568,0.5334149564854269,0.148541497488615,109.95678191489355
31.683628117913834,0.5419667981171353,0.14753938944831166,109.95678191489355
31.695238095238096,0.5477368373994983,0.14770383152757585,109.95678191489355
31.70684807256236,0.5504354423450903,0.14870361230224197,109.95678191489355
31.71845804988662,0.5507145812589462,0.1496951874519869,109.95678191489355
31.730068027210883,0.5484471111088037,0.15323278824695216,109.95678191489355
31.741678004535146,0.5435324976376741,0.15776843673581034,109.95678191489355
31.753287981859412,0.5366712903236285,0.16047695501378517,109.95678191489355
31.764897959183674,0.5275907142348761,0.16184642692618242,109.95678191489355
31.776507936507937,0.5179151524700295,0.1631198146146509,109.95678191489355
31.7881179138322,0.5075597524902091,0.16414779941901886,109.95678191489355
31.79972789115646,0.49644780831996427,0.1638451971691062,109.95678191489355
31.811337868480727,0.485079111625654,0.16331698236151845,109.95678191489355
31.82294784580499,0.47279013814371074,0.1630073212139485,109.95678191489355
31.834557823129252,0.4611753136100523,0.16277780462884986,109.95678191489355
31.846167800453514,0.45262572769345283,0.1625701160496308,109.95678191489355
31.857777777777777,0.4467377698208943,0.16257719402203896,109.95678191489355
31.86938775510204,0.44236130433577675,0.16304519858928074,109.95678191489355
31.880997732426305,0.4395932087043478,0.1646093411920047,109.95678191489355
31.892607709750568,0.43564091761754153,0.16596311058793028,109.95678191489355
31.90421768707483,0.4309346479247036,0.16671915580087096,109.95678191489355
31.915827664399092,0.42613544243618506,0.16761186022568236,109.95678191489355
31.927437641723355,0.42110438308693976,0.16891703345506295,109.95678191489355
31.93904761904762,0.4148488652669905,0.1702334071867191,109.95678191489355
31.950657596371883,0.40794508674464663,0.17242923755231848,109.95678191489355
31.962267573696145,0.401611234469543,0.17469902184784586,109.95678191489355
31.973877551020408,0.39499034827770213,0.17726187239029925,109.95678191489355
31.98548752834467,0.3907995694619536,0.1791977578938528,109.95678191489355
31.997097505668933,0.3885381434288091,0.17978674892072133,109.95678191489355
32.008707482993195,0.38577809606893926,0.17874096663103328,109.95678191489355
32.02031746031746,0.38252321578423304,0.1775738798743895,109.95678191489355
32.03192743764173,0.37704282598191663,0.17396380381798024,109.95678191489355
32.04353741496599,0.3704288302167306,0.16956313395293168,109.95678191489355
32.05514739229025,0.36431292266982457,0.16665038535773724,109.95678191489355
32.066757369614514,0.35907751868860877,0.16501866827448328,109.95678191489355
32.07836734693878,0.35610240288719963,0.16375242271164517,109.95678191489355
32.08997732426304,0.3557641105934527,0.16267853636677573,109.95678191489355
32.1015873015873,0.3566718343431641,0.1618915703251992,109.95678191489355
32.113197278911564,0.35846570844317555,0.16114215092319714,109.95678191489355
32.124807256235826,0.3613823005990444,0.16023939924229716,109.95678191489355
32.13641723356009,0.3635374431338107,0.15910930684942942,109.95678191489355
32.14802721088435,0.3649187262824475,0.15827520741132386,109.95678191489355
32.15963718820862,0.3646110760625546,0.15751214602962957,109.95678191489355
32.17124716553288,0.36154567667998,0.15674602236577245,109.95678191489355
32.182857142857145,0.3575519330796286,0.1558843459811825,109.95678191489355
32.19446712018141,0.35328955280179253,0.15470458173304227,109.95678191489355
32.20607709750567,0.3497145284009901,0.15419501540283756,109.95678191489355
32.21768707482993,0.3469067670022893,0.1540796254420257,109.95678191489355
32.229297052154195,0.34510762012656165,0.15460408767187866,109.95678191489355
32.24090702947846,0.34639382921486345,0.1560823528366172,109.95678191489355
32.25251700680272,0.35144556900687435,0.15688729370491022,109.95678191489355
32.26412698412698,0.3607267446407693,0.1574763366662585,109.95678191489355
32.275736961451244,0.3726911417096832,0.15795079501323034,109.95678191489355
32.287346938775514,0.38629543449998416,0.15803854330594136,109.95678191489355
32.298956916099776,0.4008370618822019,0.1569659704878585,109.95678191489355
32.31056689342404,0.4143532285145767,0.15592354004508174,109.95678191489355
32.3221768707483,0.4270048515153407,0.15511291145429565,109.95678191489355
32.33378684807256,0.4381624380983176,0.15446062180372577,109.95678191489355
32.345396825396826,0.447983689238447,0.15356550415047596,109.95678191489355
32.35700680272109,0.4565833540296212,0.1525352416164205,109.95678191489355
32.36861678004535,0.4652656389680605,0.15131041392957437,109.95678191489355
32.38022675736961,0.473587116110761,0.14987452945923835,109.95678191489355
32.391836734693875,0.4807744675098576,0.14822898668518872,109.95678191489355
32.40344671201814,0.48955309597311725,0.14711630596910313,109.95678191489355
32.41505668934241,0.4981554787843803,0.14641322831521822,109.95678191489355
32.42666666666667,0.5080109080067233,0.14606342999774308,109.95678191489355
32.43827664399093,0.5185294716570832,0.145396909417053,109.95678191489355
32.449886621315194,0.5286620289748651,0.14407319679670896,109.95678191489355
32.46149659863946,0.5391445886465865,0.1427143371010166,109.95678191489355
32.47310657596372,0.5489198375257834,0.14130032003085377,109.95678191489355
32.48471655328798,0.5580078254878883,0.14009065132858647,109.95678191489355
32.496326530612244,0.5652188152486398,0.13920851610356424,109.95678191489355
32.507936507936506,0.5716475874824186,0.13897175448160343,109.95678191489355
32.51954648526077,0.5772032730217518,0.1388748891263249,109.95678191489355
32.53115646258503,0.5813097715572174,0.1381288916316788,109.95678191489355
32.5427664399093,0.5860935718776322,0.13703354251914096,109.95678191489355
32.55437641723356,0.5889062037217696,0.13605381228547483,109.95678191489355
32.565986394557825,0.5899194912734581,0.13490304363295472,109.95678191489355
32.57759637188209,0.5894491097006554,0.13317151980730463,109.95678191489355
32.58920634920635,0.5869774223647802,0.1317045099833414,109.95678191489355
32.60081632653061,0.58326347073613,0.13128075980341983,109.95678191489355
32.612426303854875,0.5806358075309246,0.13108050026666304,109.95678191489355
32.62403628117914,0.5790383014277717,0.13055283974511173,109.95678191489355
32.6356462585034,0.5778745373535584,0.12943932629055194,109.95678191489355
32.64725623582766,0.5794871937323396,0.12876884611884312,109.95678191489355
32.658866213151924,0.5803998237457111,0.12783995414571653,109.95678191489355
32.670476190476194,0.5799894585220953,0.12738808200621637,109.95678191489355
32.682086167800456,0.5796297535944523,0.12778057227695677,109.95678191489355
32.69369614512472,0.5763578304991375,0.1292712531786149,109.95678191489355
32.70530612244898,0.5719263882056044,0.1304994464490529,109.95678191489355
32.71691609977324,0.5675629988710702,0.13148799059341665,109.95678191489355
32.728526077097506,0.5613550459861837,0.1318730524370519,109.95678191489355
32.74013605442177,0.5545178635374157,0.13227882641181063,109.95678191489355
32.75174603174603,0.5477141453053338,0.13297426926805866,109.95678191489355
32.76335600907029,0.5400607088543103,0.13338560726178297,109.95678191489355
32.774965986394555,0.5347658307951543,0.13401026830393242,109.95678191489355
32.78657596371882,0.5308852827773665,0.13455485656951033,109.95678191489355
32.79818594104309,0.5281354361144035,0.13564405867983162,109.95678191489355
32.80979591836735,0.5270532992729761,0.13784130695532698,109.95678191489355
32.82140589569161,0.5269327417959765,0.1395638821428334,109.95678191489355
32.833015873015874,0.5272767100287014,0.14085207837286787,109.95678191489355
32.84462585034014,0.5238520530297888,0.14150103427332747,109.95678191489355
32.8562358276644,0.5185718321209491,0.14294349889706934,109.95678191489355
32.86784580498866,0.5088851175608319,0.1442524698915152,109.95678191489355
32.879455782312924,0.49751161456069504,0.14515716461018896,109.95678191489355
32.891065759637186,0.4858832807258413,0.1454407779482704,109.95678191489355
32.90267573696145,0.4730835518691699,0.1452063982976745,109.95678191489355
32.91428571428571,0.4593469573894172,0.14484228584372225,109.95678191489355
32.92589569160998,0.4453750763303394,0.14473405663399067,109.95678191489355
32.93750566893424,0.43350372750966865,0.1453640405381072,109.95678191489355
32.949115646258505,0.4206130378575101,0.14593581981503562,109.95678191489355
32.96072562358277,0.4103897688058427,0.14781860775976513,109.95678191489355
32.97233560090703,0.40214176650162564,0.15036465249362174,109.95678191489355
32.98394557823129,0.39433249079031113,0.15190384327069373,109.95678191489355
32.995555555555555,0.3906601549396675,0.15218894834995825,109.95678191489355
33.00716553287982,0.387065897818721,0.15236817437971353,109.95678191489355
33.01877551020408,0.3835221094079001,0.1525090838396659,109.95678191489355
33.03038548752834,0.3800413477430176,0.1528532784708693,109.95678191489355
33.041995464852604,0.3763639940091333,0.15361002487164302,109.95678191489355
33.053605442176874,0.3722487416664003,0.15435774837112654,109.95678191489355
33.065215419501136,0.3682616319342643,0.15586487470598942,109.95678191489355
33.0768253968254,0.3628485620668346,0.15789217666724106,109.95678191489355
33.08843537414966,0.35699897467462216,0.16068771169428708,109.95678191489355
33.10004535147392,0.3519988022959229,0.1625026616712483,109.95678191489355
33.111655328798186,0.346446642769166,0.1616017295098885,109.95678191489355
33.12326530612245,0.3414362880191627,0.15991709551689318,109.95678191489355
33.13487528344671,0.33813936380372983,0.15842610978492472,109.95678191489355
33.14648526077097,0.33652741046171103,0.15683052969479938,109.95678191489355
33.158095238095235,0.33564646208366183,0.15430206017520476,109.95678191489355
33.1697052154195,0.3365268065498004,0.15284010947817167,109.95678191489355
33.18131519274377,0.33595217228860313,0.15213138082882902,109.95678191489355
33.19292517006803,0.3337183662708138,0.15202036789856302,109.95678191489355
33.20453514739229,0.33080361833697264,0.15238931632506078,109.95678191489355
33.216145124716554,0.3280349437830913,0.15265415194152387,109.95678191489355
33.22775510204082,0.32589421516791317,0.15386227430410473,109.95678191489355
33.23936507936508,0.32473193630050906,0.15524795756992155,109.95678191489355
33.25097505668934,0.3250616588759988,0.1560504240420646,109.95678191489355
33.262585034013604,0.32484405983530845,0.15551501900868814,109.95678191489355
33.274195011337866,0.3238138427585558,0.15431477903685592,109.95678191489355
33.28580498866213,0.3215685890698869,0.15402790047650552,109.95678191489355
33.29741496598639,0.3180778124630714,0.15387962164570132,109.95678191489355
33.30902494331066,0.3146282726274773,0.15380856053204883,109.95678191489355
33.32063492063492,0.3115647382914792,0.15415130994956439,109.95678191489355
33.332244897959185,0.3091511997592685,0.15504201779858154,109.95678191489355
33.34385487528345,0.3083283935210284,0.15621929382919827,109.95678191489355
33.35546485260771,0.31058752718785837,0.15777430193815903,109.95678191489355
33.36707482993197,0.31497504301146745,0.15896237320438691,109.95678191489355
33.378684807256235,0.32426353139386366,0.15940662418038845,109.95678191489355
33.3902947845805,0.336046144313824,0.15795217218403848,109.95678191489355
33.40190476190476,0.3480528277112109,0.1560314878190155,109.95678191489355
33.41351473922902,0.3616162044283395,0.15464864587508517,109.95678191489355
33.425124716553285,0.37261970767696684,0.15401868595308865,109.95678191489355
33.436734693877554,0.3810930332634565,0.15332349802350512,109.95678191489355
33.448344671201816,0.3880852553098478,0.1534413773594753,109.95678191489355
33.45995464852608,0.39265359985211873,0.15334571074713282,109.95678191489355
33.47156462585034,0.39686228611373564,0.15274150769662734,109.95678191489355
33.483174603174604,0.4022973741929359,0.1520199732180784,109.95678191489355
33.494784580498866,0.4084839302705836,0.15110394180067224,109.95678191489355
33.50639455782313,0.41435229724076156,0.15097106706243454,109.95678191489355
33.51800453514739,0.4205128584508299,0.15221641436349087,109.95678191489355
33.52961451247165,0.42557452072377794,0.1533477860568843,109.95678191489355
33.541224489795916,0.42925188028853595,0.15323073782592653,109.95678191489355
33.55283446712018,0.43239044547329186,0.15328297540319738,109.95678191489355
33.56444444444445,0.4345930371586305,0.1541358931234225,109.95678191489355
33.57605442176871,0.4362894706965991,0.15436658941469483,109.95678191489355
33.58766439909297,0.4370528886540394,0.1540104794623675,109.95678191489355
33.599274376417235,0.4382520936110959,0.15448005295392134,109.95678191489355
33.6108843537415,0.4392175746629575,0.15470177633158702,109.95678191489355
33.62249433106576,0.4407907551943504,0.15495684214722857,109.95678191489355
33.63410430839002,0.4465478066222162,0.15530459896769094,109.95678191489355
33.645714285714284,0.45391861396503136,0.15462415239639835,109.95678191489355
33.65732426303855,0.46314246794633374,0.15367044648312836,109.95678191489355
33.66893424036281,0.47215691026649004,0.1521062342418755,109.95678191489355
33.68054421768707,0.4768907816490804,0.15039260482040917,109.95678191489355
33.69215419501134,0.4785623665026272,0.14966154124551762,109.95678191489355
33.7037641723356,0.47920152521130127,0.14939058489898185,109.95678191489355
33.715374149659866,0.4774507237747194,0.14886528826814127,109.95678191489355
33.72698412698413,0.4754985339590924,0.14807081138017314,109.95678191489355
33.73859410430839,0.4740719724108338,0.1482781208509538,109.95678191489355
33.75020408163265,0.4709529814688195,0.1476359680242945,109.95678191489355
33.761814058956915,0.4692632426067483,0.14755281301437242,109.95678191489355
33.77342403628118,0.46844581076802183,0.14821421139084429,109.95678191489355
33.78503401360544,0.46978578717495384,0.14878219478511037,109.95678191489355
33.7966439909297,0.4741080321992626,0.14884647664551784,109.95678191489355
33.80825396825397,0.48067239140328705,0.1474134470471282,109.95678191489355
33.819863945578234,0.4886039372024814,0.1451467698113944,109.95678191489355
33.8314739229025,0.4968407933752832,0.14274718131006559,109.95678191489355
33.84308390022676,0.5041984079500424,0.14076313854474864,109.95678191489355
33.85469387755102,0.5095701369235078,0.13855190730515998,109.95678191489355
33.866303854875284,0.5154356842497996,0.13573760777402455,109.95678191489355
33.877913832199546,0.5199855307620025,0.13409317461265205,109.95678191489355
33.88952380952381,0.5237892670156326,0.1330486045742696,109.95678191489355
33.90113378684807,0.5292718925414913,0.13297857334852214,109.95678191489355
33.91274376417233,0.5352794966088008,0.13390527853530304,109.95678191489355
33.924353741496596,0.5412388768523285,0.13435528779095018,109.95678191489355
33.935963718820865,0.5428805309986029,0.13451303081764426,109.95678191489355
33.94757369614513,0.5409904166635324,0.13523693544061152,109.95678191489355
33.95918367346939,0.5342549013271994,0.1351928615790312,109.95678191489355
33.97079365079365,0.5252942229937457,0.1351858372461926,109.95678191489355
33.982403628117915,0.5165689187027213,0.13574802612214307,109.95678191489355
33.99401360544218,0.5085978995550847,0.13663494057745465,109.95678191489355
34.00562358276644,0.5003387519524344,0.13682957660221284,109.95678191489355
34.0172335600907,0.49134389803571293,0.13700560173511495,109.95678191489355
34.028843537414964,0.4836325526798253,0.13822052480173969,109.95678191489355
34.04045351473923,0.475801694406298,0.1390276017092636,109.95678191489355
34.05206349206349,0.4708161691821318,0.14170899840700563,109.95678191489355
34.06367346938776,0.46816908250391676,0.1450639760723263,109.95678191489355
34.07528344671202,0.46656989710916147,0.1472150902297617,109.95678191489355
34.08689342403628,0.46353719976479263,0.1488962999005861,109.95678191489355
34.098503401360546,0.4602400623059817,0.1511850768138824,109.95678191489355
34.11011337868481,0.4573848201033947,0.15385185570125262,109.95678191489355
34.12172335600907,0.45454026672513487,0.15605221874854833,109.95678191489355
34.13333333333333,0.45390601761204863,0.1575816262168267,109.95678191489355
34.144943310657595,0.45310785097976203,0.15882343814893907,109.95678191489355
34.15655328798186,0.45234464626569987,0.1600075904856301,109.95678191489355
34.16816326530612,0.44971397099777877,0.16199897627199863,109.95678191489355
34.17977324263038,0.44609466277779775,0.1643795981387626,109.95678191489355
34.19138321995465,0.4451117840650184,0.16650689225427315,109.95678191489355
34.202993197278914,0.444921334404884,0.1667326638443141,109.95678191489355
34.21460317460318,0.4466830545688099,0.1663751786459724,109.95678191489355
34.22621315192744,0.4491215775614994,0.16656977290908426,109.95678191489355
34.2378231292517,0.45249514444575506,0.16671617317579018,109.95678191489355
34.249433106575964,0.45641711665570206,0.16696566439599236,109.95678191489355
34.261043083900226,0.46084822075856524,0.1679703010999172,109.95678191489355
34.27265306122449,0.46566363274381894,0.1696373185886865,109.95678191489355
34.28426303854875,0.4682254420623622,0.17087440267307613,109.95678191489355
34.29587301587301,0.4691278980342491,0.17134236575519327,109.95678191489355
34.307482993197276,0.4683357538614297,0.1721155419532784,109.95678191489355
34.319092970521545,0.46739751131919216,0.17352188563990495,109.95678191489355
34.33070294784581,0.4664374288233205,0.17376905941320875,109.95678191489355
34.34231292517007,0.46570364836350786,0.1742163420193711,109.95678191489355
34.35392290249433,0.465087536599307,0.17306027522030684,109.95678191489355
34.365532879818595,0.463935700826556,0.17087580714907497,109.95678191489355
34.37714285714286,0.4633032026415196,0.16933802123641425,109.95678191489355
34.38875283446712,0.4629871509657225,0.16782856158979356,109.95678191489355
34.40036281179138,0.46041137420591416,0.16609879185856855,109.95678191489355
34.411972789115644,0.4557950915526689,0.1642270541533875,109.95678191489355
34.42358276643991,0.4483958953521627,0.1630295906142331,109.95678191489355
34.43519274376417,0.43907799521024626,0.16287559878288155,109.95678191489355
34.44680272108844,0.43237125940013693,0.1647586482857714,109.95678191489355
34.4584126984127,0.42919533247617087,0.1670046807285416,109.95678191489355
34.47002267573696,0.4289242351700188,0.16873181423173703,109.95678191489355
34.481632653061226,0.43264455244669797,0.1691514247252359,109.95678191489355
34.49324263038549,0.43488867411290266,0.16909031023496263,109.95678191489355
34.50485260770975,0.43293295745171756,0.1691741525785336,109.95678191489355
34.51646258503401,0.4278660282339269,0.1694947541569066,109.95678191489355
34.528072562358275,0.4192765183256526,0.16980372727456727,109.95678191489355
34.53968253968254,0.4091136046468239,0.17015066215270422,109.95678191489355
34.5512925170068,0.3986584492481338,0.170435174990762,109.95678191489355
34.56290249433106,0.3879054295014487,0.17043226790359478,109.95678191489355
34.57451247165533,0.37664831323770925,0.16964085768154352,109.95678191489355
34.586122448979594,0.366864742868875,0.16905918395628197,109.95678191489355
34.59773242630386,0.35816624810177256,0.1696602590186519,109.95678191489355
34.60934240362812,0.3520802396088251,0.17158094025492399,109.95678191489355
34.62095238095238,0.3472756280674792,0.1728604145757994,109.95678191489355
34.632562358276644,0.34376188531543916,0.17430702181441537,109.95678191489355
34.644172335600906,0.34130867601806514,0.17496679368085022,109.95678191489355
34.65578231292517,0.3392967514011489,0.17460424881800618,109.95678191489355
34.66739229024943,0.33729551227663196,0.17435411751215954,109.95678191489355
34.67900226757369,0.3336976175235287,0.17402210171187488,109.95678191489355
34.690612244897956,0.3293495792132717,0.1743375885631785,109.95678191489355
34.702222222222225,0.3243897922982453,0.17534559403162786,109.95678191489355
34.71383219954649,0.3198372785778523,0.1772420394372274,109.95678191489355
34.72544217687075,0.3175168849197905,0.17943621126756337,109.95678191489355
34.73705215419501,0.3174600963756432,0.1807016559295896,109.95678191489355
34.748662131519275,0.31637030109820713,0.1797034527534723,109.95678191489355
34.76027210884354,0.3139983017096641,0.17856488661586653,109.95678191489355
34.7718820861678,0.31110386270864065,0.1778865685723919,109.95678191489355
34.78349206349206,0.305900327783685,0.17739861030264578,109.95678191489355
34.795102040816325,0.30170504503455614,0.17689431739876726,109.95678191489355
34.80671201814059,0.29893611808714526,0.17630867223728203,109.95678191489355
34.81832199546485,0.29642846758874686,0.1751880347421087,109.95678191489355
34.82993197278912,0.2957580354059038,0.17395116941828964,109.95678191489355
34.84154195011338,0.295635948574052,0.17277062916980057,109.95678191489355
34.853151927437644,0.29604381735077645,0.171998601730668,109.95678191489355
34.864761904761906,0.29715712604257555,0.17230829121541927,109.95678191489355
34.87637188208617,0.3006731769875871,0.17386834708982865,109.95678191489355
34.88798185941043,0.3069163275245887,0.17604427100962428,109.95678191489355
34.89959183673469,0.3149045635760608,0.17735979743726346,109.95678191489355
34.911201814058956,0.3227023649610734,0.17736896781094508,109.95678191489355
34.92281179138322,0.32919506272831023,0.17734914868984836,109.95678191489355
34.93442176870748,0.3330708635819897,0.17797836070710837,109.95678191489355
34.94603174603174,0.3353081639590412,0.17827308256586966,109.95678191489355
34.95764172335601,0.33648147150740626,0.17926238655038826,109.95678191489355
34.969251700680275,0.3386101418759386,0.1807228047113765,109.95678191489355
34.98086167800454,0.34268801415385874,0.18261112444432723,109.95678191489355
34.9924716553288,0.3489848953582851,0.18482435180264759,109.95678191489355
35.00408163265306,0.3595511772123857,0.1872976533679961,109.95678191489355
35.015691609977324,0.371522548006149,0.18896031171462893,109.95678191489355
35.02730158730159,0.38316014210129273,0.189160119434693,109.95678191489355
35.03891156462585,0.393776367053911,0.18894537249465546,109.95678191489355
35.05052154195011,0.4026208427399774,0.18933050847119845,109.95678191489355
35.062131519274374,0.4092149410654268,0.1895583155922202,109.95678191489355
35.073741496598636,0.41389347245947333,0.1900544658206222,109.95678191489355
35.085351473922906,0.41674544437494154,0.19148693045830342,109.95678191489355
35.09696145124717,0.4184550873406049,0.1928982925525231,109.95678191489355
35.10857142857143,0.42198778876172877,0.1935113878090903,109.95678191489355
35.12018140589569,0.42726532580273946,0.1931479964165263,109.95678191489355
35.131791383219955,0.4339338427352166,0.19223975055520776,109.95678191489355
35.14340136054422,0.44101614761412444,0.19080771388365161,109.95678191489355
35.15501133786848,0.4465811150712784,0.18885338749150593,109.95678191489355
35.16662131519274,0.4503900058171884,0.1862793333128633,109.95678191489355
35.178231292517005,0.45125535827426844,0.1833184005696331,109.95678191489355
35.18984126984127,0.4496522103843976,0.17967036085700466,109.95678191489355
35.20145124716553,0.44632763033538597,0.1757509070574315,109.95678191489355
35.2130612244898,0.44359942620933596,0.17243956589257486,109.95678191489355
35.22467120181406,0.4418782406128511,0.1698705678498518,109.95678191489355
35.236281179138324,0.440741713382298,0.16693817237048136,109.95678191489355
35.247891156462586,0.44188990402605466,0.1658980107325144,109.95678191489355
35.25950113378685,0.44630400780038815,0.16667635416114213,109.95678191489355
35.27111111111111,0.4542253062556866,0.16784726400264072,109.95678191489355
35.28272108843537,0.4629579891007859,0.16853397752511926,109.95678191489355
35.294331065759636,0.47233138999676166,0.16855025279040803,109.95678191489355
35.3059410430839,0.47846326664054856,0.1684407343115377,109.95678191489355
35.31755102040816,0.48242794583485116,0.16834169728022405,109.95678191489355
35.32916099773242,0.48726209491599115,0.16897218483021456,109.95678191489355
35.34077097505669,0.489514819619731,0.16966288865514925,109.95678191489355
35.352380952380955,0.4930138152594046,0.1699995880036274,109.95678191489355
35.36399092970522,0.4985431160956079,0.17033790296959467,109.95678191489355
35.37560090702948,0.5038540190614351,0.169049685194943,109.95678191489355
35.38721088435374,0.5119823485154789,0.1663995343573115,109.95678191489355
35.398820861678004,0.522635492893894,0.16408781924865562,109.95678191489355
35.41043083900227,0.5301529766955977,0.1621914725793631,109.95678191489355
35.42204081632653,0.5349116759380612,0.16093946557079772,109.95678191489355
35.43365079365079,0.5379120302594427,0.1605047149655693,109.95678191489355
35.445260770975054,0.5365687835653918,0.16048059432110862,109.95678191489355
35.456870748299316,0.534757311055814,0.16066831504440818,109.95678191489355
35.468480725623586,0.5348952062190311,0.16094512498642857,109.95678191489355
35.48009070294785,0.5347239251394307,0.1602518513202157,109.95678191489355
35.49170068027211,0.5358549305326659,0.16002425651028349,109.95678191489355
35.50331065759637,0.5373625670466803,0.15958822928654628,109.95678191489355
35.514920634920635,0.5391197874421355,0.15839432871682046,109.95678191489355
35.5265306122449,0.5415051595228346,0.15725201591493915,109.95678191489355
35.53814058956916,0.5456573812702811,0.1572183197849117,109.95678191489355
35.54975056689342,0.5502743652943246,0.1569507618691813,109.95678191489355
35.561360544217685,0.5521637316116078,0.15532679161572444,109.95678191489355
35.57297052154195,0.5499473149249167,0.15330627981009595,109.95678191489355
35.58458049886622,0.5450961047075649,0.15145450719594272,109.95678191489355
35.59619047619048,0.5380810156408006,0.14987753950008473,109.95678191489355
35.60780045351474,0.531932494351775,0.14755305581996173,109.95678191489355
35.619410430839004,0.5289755917006084,0.14543148542303286,109.95678191489355
35.631020408163266,0.5257526662693028,0.1430471765175496,109.95678191489355
35.64263038548753,0.523979121093676,0.14110095762970798,109.95678191489355
35.65424036281179,0.5234341976325175,0.1395444594681947,109.95678191489355
35.66585034013605,0.5221441418335906,0.13739703281211854,109.95678191489355
35.677460317460316,0.521684142547759,0.13599275741463973,109.95678191489355
35.68907029478458,0.5208179962588847,0.1357722812850179,109.95678191489355
35.70068027210884,0.5171785265438903,0.1363915619123867,109.95678191489355
35.71229024943311,0.5123136870759433,0.13734674083981602,109.95678191489355
35.72390022675737,0.5080832783111466,0.13861613991690688,109.95678191489355
35.735510204081635,0.5029890539409598,0.13962268035214226,109.95678191489355
35.7471201814059,0.49908771302784366,0.14037651192068676,109.95678191489355
35.75873015873016,0.497653851225813,0.14082199996252653,109.95678191489355
35.77034013605442,0.4957452546873316,0.14010096792841836,109.95678191489355
35.781950113378684,0.49619352725333177,0.14036247761269346,109.95678191489355
35.79356009070295,0.49663049125643716,0.14069617182193153,109.95678191489355
35.80517006802721,0.4976142695897177,0.14132062139197415,109.95678191489355
35.81678004535147,0.500294772171666,0.14254901465809214,109.95678191489355
35.828390022675734,0.5023937517317262,0.14338215106748317,109.95678191489355
35.84,0.5095467126382132,0.1434609469497236,109.95678191489355
35.851609977324266,0.5196365246544701,0.1438059798528138,109.95678191489355
35.86321995464853,0.5303471431211738,0.14499009935223592,109.95678191489355
35.87482993197279,0.5427807530892206,0.1471176502385988,109.95678191489355
35.88643990929705,0.552475505092132,0.14836148162520726,109.95678191489355
35.898049886621315,0.5587093253983598,0.14935622774220095,109.95678191489355
35.90965986394558,0.5616817031881134,0.15093570204604737,109.95678191489355
35.92126984126984,0.5599688357493383,0.15293989528950022,109.95678191489355
35.9328798185941,0.5561981780417533,0.1551924046185009,109.95678191489355
35.944489795918365,0.5535635794288681,0.15617247249024865,109.95678191489355
35.95609977324263,0.554443414943038,0.15636855040915598,109.95678191489355
35.9677097505669,0.5553278885006813,0.15660774182197473,109.95678191489355
35.97931972789116,0.5597358573629848,0.15814800542362675,109.95678191489355
35.99092970521542,0.5623993521195659,0.15884937164375912,109.95678191489355
36.002539682539684,0.5637221740963085,0.1584768379471399,109.95678191489355
36.014149659863946,0.5682625604325542,0.15949752980794574,109.95678191489355
36.02575963718821,0.5709467864437996,0.1610336258713114,109.95678191489355
36.03736961451247,0.5775339277040387,0.1629689436757563,109.95678191489355
36.04897959183673,0.5857732086872843,0.16429367908414844,109.95678191489355
36.060589569160996,0.5943326162940054,0.16536216201481327,109.95678191489355
36.07219954648526,0.602612693401023,0.16716098226430293,109.95678191489355
36.08380952380952,0.6080684485952778,0.16847050459364815,109.95678191489355
36.09541950113379,0.6122813697371065,0.16950348365672785,109.95678191489355
36.10702947845805,0.6163614036031757,0.17222494590960655,109.95678191489355
36.118639455782315,0.6206340228950882,0.17512600016773222,109.95678191489355
36.13024943310658,0.6276373069417183,0.17702033543932155,109.95678191489355
36.14185941043084,0.6319804864682862,0.178111654455512,109.95678191489355
36.1534693877551,0.6323729275863945,0.17750751713008764,109.95678191489355
36.165079365079364,0.6318545895770148,0.17554006352635976,109.95678191489355
36.17668934240363,0.6282892302657281,0.1724520670118083,109.95678191489355
36.18829931972789,0.6250553961028618,0.17003766392496678,109.95678191489355
36.19990929705215,0.622804693879286,0.16778910619401102,109.95678191489355
36.211519274376414,0.6196415915453559,0.16477361516121453,109.95678191489355
36.22312925170068,0.6153808772314113,0.1614724477594075,109.95678191489355
36.234739229024946,0.6102852584494474,0.15949769312301074,109.95678191489355
36.24634920634921,0.6020874316457108,0.15985410415655454,109.95678191489355
36.25795918367347,0.5878058953791968,0.16077856164105003,109.95678191489355
36.26956916099773,0.5722116120525735,0.1622787679092936,109.95678191489355
36.281179138321995,0.5531545003293766,0.1636281416060368,109.95678191489355
36.29278911564626,0.5354305637155251,0.16513345329515947,109.95678191489355
36.30439909297052,0.5200567598811603,0.1668084156923298,109.95678191489355
36.31600907029478,0.5042244411347911,0.16722872108351697,109.95678191489355
36.327619047619045,0.4912277695237187,0.1671600992035083,109.95678191489355
36.33922902494331,0.4759389190190487,0.16629480024710935,109.95678191489355
36.35083900226758,0.4618584112833796,0.16596562219309904,109.95678191489355
36.36244897959184,0.44758982705313927,0.16697057238598087,109.95678191489355
36.3740589569161,0.4338732799498735,0.16859323612052177,110.04871902351806
36.385668934240364,0.42347853323486656,0.17210768700700763,110.14065613214257
36.39727891156463,0.41490074421554995,0.17922705092972893,110.23259324076707
36.40888888888889,0.40707712122320294,0.18523833015410762,110.32453034939158
36.42049886621315,0.3971437257237254,0.1904049603949699,110.41646745801609
36.432108843537414,0.3846522826521715,0.19601930194435382,110.50840456664059
36.443718820861676,0.3687131298063581,0.20189941437585468,110.6003416752651
36.45532879818594,0.35146442355321506,0.2083723878908097,110.6922787838896
36.4669387755102,0.33411236173323283,0.2141650688776719,110.78421589251411
36.47854875283447,0.316861597181702,0.2191150773851735,110.87615300113862
36.49015873015873,0.30194863144598805,0.22371307803648594,110.96809010976311
36.501768707482995,0.2892271504143488,0.2283145509493348,111.0600272183876
36.51337868480726,0.2793290308672892,0.23356694254031873,111.1519643270121
36.52498866213152,0.27266285044916966,0.2385003590069628,111.24390143563659
36.53659863945578,0.2679456670268793,0.2424952026138252,111.33583854426108
36.548208616780045,0.265597046109624,0.24555793748839785,111.42777565288557
36.55981859410431,0.26531953984038176,0.2480468613247262,111.51971276151006
36.57142857142857,0.26692957149305185,0.24995992699479788,111.61164987013456
36.58303854875283,0.2690481960993192,0.251037649634369,111.70358697875905
36.594648526077094,0.2707781679893671,0.25213265744137436,111.79552408738354
36.606258503401364,0.2715237359766932,0.25393065007858706,111.88746119600803
36.617868480725626,0.27116984776197717,0.255432621226069,111.97939830463253
36.62947845804989,0.26996486565863637,0.2571572909992277,112.07133541325702
36.64108843537415,0.26984313784200314,0.25917273870612123,112.16327252188151
36.65269841269841,0.2748048872624936,0.266406189668585,112.25520963050602
36.664308390022676,0.2859300475242887,0.2728473781611056,112.34714673913051
36.67591836734694,0.3023546272628077,0.27639137595549,112.34714673913051
36.6875283446712,0.322100389316982,0.2762109150458611,112.34714673913051
36.69913832199546,0.3423858861877749,0.27076859012325705,112.34714673913051
36.710748299319725,0.3611725145125137,0.2644786422053596,112.34714673913051
36.72235827664399,0.37764197115335674,0.25869251910795577,112.34714673913051
36.73396825396826,0.39121204088041894,0.25371046415803894,112.34714673913051
36.74557823129252,0.4016886064140591,0.24948750588932148,112.34714673913051
36.75718820861678,0.40919766793530993,0.24525840962434897,112.34714673913051
36.768798185941044,0.4139538765617559,0.24194731623826543,112.34714673913051
36.78040816326531,0.41657847106147333,0.2396473950772371,112.34714673913051
36.79201814058957,0.41813604984102354,0.2375861095676567,112.34714673913051
36.80362811791383,0.4188128768262636,0.23474663596492626,112.34714673913051
36.815238095238094,0.4192933966223272,0.23184790730742416,112.34714673913051
36.826848072562356,0.420030073360365,0.22977787186761942,112.34714673913051
36.83845804988662,0.42077666008461073,0.2276472847057644,112.34714673913051
36.85006802721088,0.420718773670259,0.2255537797072485,112.34714673913051
36.86167800453515,0.4197442922484743,0.22454707026247672,112.34714673913051
36.87328798185941,0.41793953357337854,0.2241777237330386,112.34714673913051
36.884897959183675,0.4159492764828335,0.2235239130480901,112.34714673913051
36.89650793650794,0.4148937167633651,0.22280454364578625,112.34714673913051
36.9081179138322,0.41482550886972436,0.22189605753057262,112.34714673913051
36.91972789115646,0.41640297759217354,0.22384614779000653,112.34714673913051
36.931337868480725,0.4231811395216709,0.22604849158867166,112.34714673913051
36.94294784580499,0.43413568259047647,0.2242198053081724,112.34714673913051
36.95455782312925,0.44325842755724726,0.21595813845515718,112.34714673913051
36.96616780045351,0.44721657783905955,0.2073466593760253,112.34714673913051
36.977777777777774,0.4443202079858861,0.20181973878720408,112.34714673913051
36.989387755102044,0.43420356228923074,0.1995368111843894,112.34714673913051
37.000997732426306,0.4201639414723657,0.19859464274000896,112.34714673913051
37.01260770975057,0.40591559703744157,0.19746726660133915,112.34714673913051
37.02421768707483,0.3950685544536369,0.19635259544834496,112.34714673913051
37.03582766439909,0.3867431031540736,0.19488821458566333,112.34714673913051
37.047437641723356,0.3823920102990217,0.1931067085459088,112.34714673913051
37.05904761904762,0.3814116605194297,0.19085259884061703,112.34714673913051
37.07065759637188,0.3818930207942765,0.18878517996633312,112.34714673913051
37.08226757369614,0.38486781756360033,0.18624931543816423,112.34714673913051
37.093877551020405,0.3883742209117169,0.18429608816400161,112.34714673913051
37.10548752834467,0.39234023620906033,0.18311500486639504,112.34714673913051
37.11709750566894,0.39623581871798597,0.18140953505706806,112.34714673913051
37.1287074829932,0.40024226862493695,0.17876570661734673,112.34714673913051
37.14031746031746,0.404123383070448,0.17541084497385168,112.34714673913051
37.151927437641724,0.4084753280660303,0.17210908375321088,112.34714673913051
37.16353741496599,0.4131495912605872,0.1689216649656,112.34714673913051
37.17514739229025,0.4175563123159361,0.1672015242919576,112.34714673913051
37.18675736961451,0.4231325191984832,0.16738267042775165,112.34714673913051
37.198367346938774,0.43091002497838904,0.16721467969689346,112.34714673913051
37.209977324263036,0.4410321083811859,0.16565007841068458,112.34714673913051
37.2215873015873,0.4525167661581193,0.16130330437841178,112.34714673913051
37.23319727891157,0.4603423466580388,0.15701642923504808,112.34714673913051
37.24480725623583,0.4634375976146009,0.1562858987568265,112.34714673913051
37.25641723356009,0.46309046071855475,0.15651095205358176,112.34714673913051
37.268027210884355,0.4611610929422756,0.15672191960428009,112.34714673913051
37.27963718820862,0.459394553144812,0.15609543457156647,112.34714673913051
37.29124716553288,0.45841381352966926,0.15423345113265743,112.34714673913051
37.30285714285714,0.45702748001149573,0.15312049344647158,112.34714673913051
37.314467120181405,0.4535546816540141,0.15243698106613546,112.34714673913051
37.32607709750567,0.44674490514424114,0.15175040241403034,112.34714673913051
37.33768707482993,0.4394478508558791,0.15138931449842802,112.34714673913051
37.34929705215419,0.43168520214195644,0.1511586796110184,112.34714673913051
37.36090702947846,0.4242767715036004,0.15191124415097426,112.34714673913051
37.372517006802724,0.41854982737517954,0.15315773346207925,112.34714673913051
37.384126984126986,0.4121603535636344,0.15426445578330483,112.34714673913051
37.39573696145125,0.406112797183264,0.15499650466513845,112.34714673913051
37.40734693877551,0.40048068221848615,0.15567787438480038,112.34714673913051
37.41895691609977,0.39528545045756514,0.15676923883080424,112.34714673913051
37.430566893424036,0.39026033693344814,0.15827038381891997,112.34714673913051
37.4421768707483,0.3855568743897672,0.16092296294346203,112.34714673913051
37.45378684807256,0.3803354070294848,0.1638385925762463,112.34714673913051
37.46539682539682,0.37549545789505684,0.16647376863323682,112.34714673913051
37.477006802721085,0.373301964038529,0.17021994952742692,112.34714673913051
37.488616780045355,0.37141331491870105,0.17312410511867873,112.34714673913051
37.50022675736962,0.3692223091792451,0.1750395235978768,112.34714673913051
37.51183673469388,0.3667612673526357,0.1773650597937816,112.34714673913051
37.52344671201814,0.3619270483010122,0.18001825122552087,112.34714673913051
37.535056689342404,0.3559587110026225,0.18173992883805934,112.34714673913051
37.54666666666667,0.34805095683376086,0.18297524358192604,112.34714673913051
37.55827664399093,0.33765841918687395,0.18481306644524761,112.34714673913051
37.56988662131519,0.32618411121061563,0.18730472773321305,112.34714673913051
37.581496598639454,0.3151528588344316,0.1906824805176652,112.34714673913051
37.593106575963716,0.30666547167971675,0.19384478703415342,112.34714673913051
37.60471655328798,0.3008557866216487,0.1962784580253181,112.34714673913051
37.61632653061225,0.29813248459434905,0.198470333062465,112.34714673913051
37.62793650793651,0.2968970141023231,0.20084890384795812,112.34714673913051
37.63954648526077,0.29505599738909544,0.20326763392302447,112.34714673913051
37.651156462585035,0.29304461421044387,0.20643398078287956,112.34714673913051
37.6627664399093,0.2913968326489771,0.20941285778017057,112.34714673913051
37.67437641723356,0.2905182674322745,0.2112284909142219,112.34714673913051
37.68598639455782,0.29089748746094096,0.21207275133169728,112.34714673913051
37.697596371882085,0.2913897881206624,0.2121766970753696,112.34714673913051
37.70920634920635,0.2907205854191712,0.21326355437700273,112.34714673913051
37.72081632653061,0.2891596405595786,0.21480209171390066,112.34714673913051
37.73242630385487,0.28860248892345747,0.21690818890063138,112.34714673913051
37.74403628117914,0.2901951337439752,0.22263527452642268,112.34714673913051
37.755646258503404,0.2949376764686202,0.2307633673511739,112.34714673913051
37.767256235827666,0.30130889964573526,0.23728134177569457,112.34714673913051
37.77886621315193,0.30689312564547344,0.23931324630235778,112.34714673913051
37.79047619047619,0.31317534303572786,0.23852740240076303,112.34714673913051
37.802086167800454,0.3191387990599159,0.23752864415276936,112.34714673913051
37.813696145124716,0.3237511650320525,0.2361788986409537,112.34714673913051
37.82530612244898,0.328510477349228,0.23412445300736276,112.34714673913051
37.83691609977324,0.33148136410129886,0.23235989919990596,112.34714673913051
37.8485260770975,0.3326506075307509,0.231895703563828,112.34714673913051
37.860136054421766,0.33406175724705034,0.23192815722163332,112.34714673913051
37.871746031746035,0.3354269146982005,0.23208040767475158,112.34714673913051
37.8833560090703,0.3368413188749618,0.2314340048404865,112.34714673913051
37.89496598639456,0.3378369830276254,0.23144108959428575,112.34714673913051
37.90657596371882,0.3383774292108257,0.23140996877063374,112.34714673913051
37.918185941043085,0.33821980986811667,0.2314764885289515,112.34714673913051
37.92979591836735,0.3380180308205389,0.23069655199706637,112.34714673913051
37.94140589569161,0.33841173057436724,0.22956988534541203,112.34714673913051
37.95301587301587,0.338548924366786,0.22807677064198398,112.34714673913051
37.964625850340134,0.33757211476046306,0.22596105944101208,112.34714673913051
37.9762358276644,0.33512930524268103,0.2241567664254863,112.34714673913051
37.98784580498866,0.3329302962126909,0.2252610835285681,112.44316994147164
37.99945578231293,0.3325177419125218,0.23121177196835457,112.53919314381277
38.01106575963719,0.33519291507598153,0.2381915182606438,112.6352163461539
38.02267573696145,0.34309630275348385,0.2426837958096778,112.73123954849503
38.034285714285716,0.35160448530247285,0.2443147066126605,112.82726275083616
38.04589569160998,0.3587105826446954,0.24039842618426632,112.92328595317728
38.05750566893424,0.3629327615478686,0.23332166647005934,113.01930915551841
38.0691156462585,0.3629037887698337,0.2276896563592841,113.11533235785954
38.080725623582765,0.3601789165715664,0.22376326200833846,113.21135556020067
38.09233560090703,0.35516759056461444,0.2212374207331971,113.3073787625418
38.10394557823129,0.34927208254370007,0.22005493334012516,113.40340196488293
38.11555555555555,0.3420185632237477,0.21935670836915683,113.49942516722408
38.12716553287982,0.33509343620711773,0.21940792718071858,113.59544836956522
38.138775510204084,0.32974706820197086,0.21944538080386225,113.69147157190636
38.15038548752835,0.32793952070332094,0.21810612224072548,113.78749477424749
38.16199546485261,0.32973844350690523,0.21602316934259364,113.88351797658862
38.17360544217687,0.33371330174058395,0.21355148873486102,113.97954117892976
38.185215419501134,0.33847635081476785,0.2112536896008821,114.07556438127091
38.196825396825396,0.3424241321373201,0.20883875170524516,114.17158758361205
38.20843537414966,0.34592418566406474,0.2071330178667887,114.26761078595318
38.22004535147392,0.3484951727776855,0.20639939062849677,114.36363398829431
38.23165532879818,0.35118963280511567,0.20654184007405005,114.45965719063545
38.243265306122446,0.3544069764244033,0.20750487177000423,114.5556803929766
38.254875283446715,0.358183066007256,0.20779270935238703,114.65170359531773
38.26648526077098,0.36282152597182327,0.20768468910642945,114.74772679765886
38.27809523809524,0.3681311578072013,0.20775404433543626,114.84375
38.2897052154195,0.3733921693193915,0.20622479717104356,114.84375
38.301315192743765,0.37798684192201976,0.20041530997430454,114.84375
38.31292517006803,0.38175093656485454,0.1928438439167763,114.84375
38.32453514739229,0.38216189153968777,0.18722669449172194,114.84375
38.33614512471655,0.3805757772976242,0.1832990235092986,114.84375
38.347755102040814,0.3777137346304326,0.18010067997424567,114.84375
38.35936507936508,0.37419678656386557,0.1773689857893045,114.84375
38.37097505668934,0.37115962193732216,0.1746277951336134,114.84375
38.38258503401361,0.3680938960258248,0.17253147706096766,114.84375
38.39419501133787,0.36345559849273706,0.17169077207600836,114.84375
38.40580498866213,0.356252778618909,0.17195709538615558,114.84375
38.417414965986396,0.3492399152799035,0.17377897509237883,114.84375
38.42902494331066,0.3418967841787249,0.17533972499584013,114.84375
38.44063492063492,0.33543869514536745,0.17597533404797558,114.84375
38.45224489795918,0.3288797944720331,0.1774962104384721,114.84375
38.463854875283445,0.32145559881737296,0.1790943947525475,114.84375
38.47546485260771,0.3134317236333546,0.18044249085725694,114.84375
38.48707482993197,0.3052250247389145,0.18231017373809896,114.84375
38.49868480725623,0.29793861346087264,0.1844651825471681,114.84375
38.5102947845805,0.2911207053813459,0.18658296699582055,114.84375
38.521904761904764,0.2861280340050676,0.19177041656455815,114.84375
38.53351473922903,0.2815500218743351,0.1993840608039813,114.84375
38.54512471655329,0.2772415876906858,0.20767589552253363,114.84375
38.55673469387755,0.27297949978951275,0.2153919979033249,114.84375
38.568344671201814,0.2686123387127286,0.221958974901931,114.84375
38.579954648526076,0.2644009119405103,0.22710977323821546,114.84375
38.59156462585034,0.2596912278546769,0.2308834505347225,114.84375
38.6031746031746,0.2540534186253184,0.2336568890815347,114.84375
38.61478458049886,0.24660210524341641,0.2358520323615117,114.84375
38.626394557823126,0.23743950125756239,0.2382862546726632,114.84375
38.638004535147395,0.22769082783436084,0.24292240651300775,114.84375
38.64961451247166,0.21806423332968258,0.2483893639847759,114.84375
38.66122448979592,0.20925348216716042,0.25260664010583456,114.84375
38.67283446712018,0.20241587906250985,0.2560160234285616,114.84375
38.684444444444445,0.1975372604072172,0.25892276353565147,114.84375
38.69605442176871,0.195542051239005,0.2615074146268344,114.84375
38.70766439909297,0.19567360491066957,0.26257521287826974,114.84375
38.71927437641723,0.19640420671137754,0.26209338166012053,114.84375
38.730884353741494,0.196997517260779,0.2620721722411277,114.84375
38.74249433106576,0.19594583298981297,0.263164499425275,114.84375
38.75410430839002,0.19437341796882823,0.26457330676863855,114.84375
38.76571428571429,0.1945123710191163,0.2687284327662473,114.84375
38.77732426303855,0.19634861641175907,0.27452917529300946,114.84375
38.78893424036281,0.19961694685594225,0.2788652407456155,114.84375
38.800544217687076,0.20486611919573833,0.28266218777264124,114.84375
38.81215419501134,0.21098018168763466,0.2842288845771169,114.84375
38.8237641723356,0.2167773486930229,0.2808443553092829,114.84375
38.83537414965986,0.22278323348559653,0.2744529577903649,114.84375
38.846984126984125,0.2283492979799729,0.26668273129914283,114.84375
38.85859410430839,0.23309224053595173,0.258803967873924,114.84375
38.87020408163265,0.23690758772492282,0.25193968198688654,114.84375
38.88181405895691,0.23959391035172556,0.2466962399874032,114.84375
38.89342403628118,0.24094643979657912,0.24222884153005697,114.84375
38.905034013605444,0.24134454269297237,0.23851952170781626,114.84375
38.91664399092971,0.24207119699223972,0.235675691643445,114.84375
38.92825396825397,0.24349614505446948,0.23293911745478182,114.84375
38.93986394557823,0.24517592061948826,0.22802591790679397,114.84375
38.951473922902494,0.2469417811201752,0.22259632428959022,114.84375
38.963083900226756,0.24811815362560938,0.21891598959464237,114.84375
38.97469387755102,0.24827585585002201,0.21653667540278948,114.84375
38.98630385487528,0.2475508775104294,0.21427258525563586,114.84375
38.99791383219954,0.24572810018637553,0.21197920221887462,114.84375
39.00952380952381,0.24343890045270694,0.210863461923754,114.84375
39.021133786848075,0.2425348855551087,0.21284406973053024,114.84375
39.03274376417234,0.24418361546652065,0.21422179653455403,114.84375
39.0443537414966,0.24788294784553308,0.21581119046610883,114.84375
39.05596371882086,0.25223583827562374,0.2180730321063058,114.84375
39.067573696145125,0.25489211107873583,0.21747258319026597,114.84375
39.07918367346939,0.2556010944990073,0.21410146248359346,114.84375
39.09079365079365,0.25527425570701356,0.21008450787710414,114.84375
39.10240362811791,0.2535934539082377,0.20597456366926567,114.84375
39.114013605442175,0.25028149353570317,0.20317757636970918,114.84375
39.12562358276644,0.24627517190797182,0.20191823763224656,114.84375
39.137233560090706,0.24186540547062954,0.20135184459533906,114.84375
39.14884353741497,0.2374320015046144,0.19989564432894183,114.84375
39.16045351473923,0.23400536034270727,0.1985384450644843,114.84375
39.172063492063494,0.2308731832964927,0.19765677279992502,114.84375
39.183673469387756,0.2282903161943625,0.19685224926893227,114.84375
39.19528344671202,0.22680613645193867,0.19625268639579868,114.84375
39.20689342403628,0.22607282912587112,0.19584350600545883,114.84375
39.21850340136054,0.22547898380206052,0.19549684039367196,114.84375
39.230113378684806,0.2245284855964561,0.1951727190264618,114.84375
39.24172335600907,0.22339119785338654,0.19496587932456394,114.84375
39.25333333333333,0.22216410216184254,0.19502059364011043,114.84375
39.2649433106576,0.22143828001153898,0.19500149344195064,114.84375
39.27655328798186,0.22122227071689202,0.19462849072774252,114.84375
39.288163265306125,0.22142916344063435,0.19421224231034256,114.84375
39.29977324263039,0.22202631028838676,0.19355142963934555,114.84375
39.31138321995465,0.2230467831423388,0.19248008927204696,114.84375
39.32299319727891,0.22313863522850794,0.18854162958068738,114.84375
39.334603174603174,0.2215573097996501,0.18474696010916083,114.84375
39.34621315192744,0.21908997812636885,0.18047620066012635,114.84375
39.3578231292517,0.2158771825885047,0.1752051249858924,114.84375
39.36943310657596,0.21234533913878478,0.17019155357843954,114.84375
39.381043083900224,0.20838119638485536,0.16626702407739916,114.84375
39.39265306122449,0.20400837311329537,0.16336498845607572,114.84375
39.404263038548756,0.1986810345806978,0.16032483221690455,114.84375
39.41587301587302,0.19307668457013372,0.15731605458774028,114.84375
39.42748299319728,0.18743687243568677,0.15438865365566207,114.84375
39.43909297052154,0.18122397372049773,0.15126272009274122,114.84375
39.450702947845805,0.17492112794884931,0.1484181890171895,114.84375
39.46231292517007,0.16840919621199557,0.1465708635737858,114.84375
39.47392290249433,0.16220791343003912,0.1455591990860946,114.84375
39.48553287981859,0.15587363945782537,0.1450067655725004,114.84375
39.497142857142855,0.14957671368886497,0.14538335071665826,114.84375
39.50875283446712,0.1433980442842791,0.14609258407499695,114.84375
39.52036281179139,0.13764896282766964,0.14782400258545017,114.84375
39.53197278911565,0.1332016453559702,0.14907021065855763,114.84375
39.54358276643991,0.12986177217492664,0.14967723397575117,114.84375
39.555192743764174,0.1272783415605102,0.1515092436492191,114.84375
39.566802721088436,0.1250067302406248,0.15386869386105623,114.84375
39.5784126984127,0.12304389991362354,0.15538268133723332,114.84375
39.59002267573696,0.12139343448432774,0.1564365415513677,114.84375
39.60163265306122,0.12016820383936014,0.15681000819129165,114.84375
39.613242630385486,0.11907551561562664,0.15616246902814676,114.84375
39.62485260770975,0.11740796406066087,0.15526432065007142,114.84375
39.63646258503401,0.11507845508116744,0.1548342806102623,114.84375
39.64807256235828,0.11218922888116023,0.15455220314754328,114.84375
39.65968253968254,0.10890423546613547,0.15368846551767512,114.84375
39.671292517006805,0.10527321593648901,0.1531254906746047,114.84375
39.68290249433107,0.10176948104603546,0.15293859734620185,114.84375
39.69451247165533,0.09787291624315034,0.1536527989539729,114.84375
39.70612244897959,0.0943199423321687,0.15486750381253894,114.84375
39.717732426303854,0.09164184082067892,0.15571838831085538,114.84375
39.72934240362812,0.08915224458121689,0.15608563148886606,114.84375
39.74095238095238,0.08704521612486099,0.15660870698611162,114.84375
39.75256235827664,0.08493871046879876,0.1574915530109918,114.84375
39.764172335600904,0.08265347718691002,0.1580342721692614,114.84375
39.77578231292517,0.08042212825761498,0.15766428867573473,114.84375
39.787392290249436,0.07839583459801283,0.15677320228554523,114.84375
39.7990022675737,0.07631570692916335,0.15539749360040206,114.84375
39.81061224489796,0.07418620118386227,0.15369267270226086,114.84375
39.82222222222222,0.0718907722029583,0.1505441995163438,114.84375
39.833832199546485,0.06881275267535424,0.1481752323886702,114.84375
39.84544217687075,0.0653365776693716,0.14737688525181314,114.84375
39.85705215419501,0.061679873570936156,0.14582655347415469,114.84375
39.86866213151927,0.05771947798628937,0.13534793211777701,110.4266826923077
39.880272108843535,0.05379096020421313,0.12572516580966928,106.00961538461539
39.8918820861678,0.0495386240226782,0.11676391862074206,101.59254807692308
39.90349206349207,0.044647025842707855,0.1085215799168065,97.17548076923077
39.91510204081633,0.03958155975770491,0.10117977803615506,92.75841346153847
39.92671201814059,0.03458135864112861,0.09423263915122679,88.34134615384616
39.938321995464854,0.029884574946688156,0.08709945265082814,83.92427884615385
39.949931972789116,0.02585887899188203,0.08017512650257295,79.50721153846155
39.96154195011338,0.022379762466342313,0.07384265241405656,75.09014423076924
39.97315192743764,0.01940276204328107,0.06733235304376703,70.67307692307693
39.9847619047619,0.016911608335826073,0.06069264778941926,66.25600961538461
39.996371882086166,0.014919546798141213,0.05352245816861743,61.8389423076923
