t,rms,centroid,tempo
0.0,0.0016143181092795763,0.05428165686630574,73.828125
0.011609977324263039,0.003094948515632819,0.05930168559792274,79.50721153846153
0.023219954648526078,0.005093001900698504,0.06177793864509534,85.18629807692307
0.034829931972789115,0.007441459969983412,0.06401230431872428,90.86538461538463
0.046439909297052155,0.010061401224306814,0.06639219058644805,96.54447115384616
0.058049886621315196,0.012599268767521512,0.06894474871036095,102.2235576923077
0.06965986394557823,0.01515595316464383,0.0714446847218178,107.90264423076923
0.08126984126984127,0.017745835224229622,0.07386624180378096,113.58173076923076
0.09287981859410431,0.020416365971060533,0.07631579853761793,119.26081730769229
0.10448979591836735,0.023245181404929604,0.07874354491482194,124.93990384615383
0.11609977324263039,0.026156954343751752,0.08099669972703227,130.61899038461536
0.12770975056689343,0.029121380279606368,0.083326395565874,136.2980769230769
0.13931972789115646,0.03219985581276432,0.08560250159672664,141.97716346153845
0.1509297052154195,0.0352908952126091,0.0877891217270367,147.65625
0.16253968253968254,0.038256409647621246,0.09003732279140578,147.65625
0.17414965986394557,0.04126540490721639,0.09237111666527488,147.65625
0.18575963718820862,0.04420913269943905,0.09475161984917177,147.65625
0.19736961451247165,0.047082364813107104,0.09721600501301572,147.65625
0.2089795918367347,0.049880377199361066,0.09973803273484812,147.65625
0.22058956916099773,0.0525266685880634,0.10242808610594248,147.65625
0.23219954648526078,0.05500737746418132,0.07414023592060517,147.65625
0.2438095238095238,0.057382122588985805,0.06595911027227182,147.65625
0.25541950113378686,0.059802908532676224,0.058363558967561624,147.65625
0.26702947845804986,0.06223163111532984,0.0493328667512657,147.65625
0.2786394557823129,0.06446811202036158,0.03872357398452645,147.65625
0.29024943310657597,0.06656257882263895,0.031918337694280985,147.65625
0.301859410430839,0.06844258497385981,0.026677097927540395,147.65625
0.313469387755102,0.06937607306339685,0.024492014269169856,147.65625
0.3250793650793651,0.06966017425894863,0.024813843163650564,147.65625
0.33668934240362813,0.06961878172010348,0.0255315564144533,147.65625
0.34829931972789113,0.06934326211280166,0.026128817595384712,147.65625
0.3599092970521542,0.06931026228355029,0.026170673388507735,147.65625
0.37151927437641724,0.0694882913498926,0.02626364420513269,147.65625
0.3831292517006803,0.06984492111643743,0.026363165082996347,147.65625
0.3947392290249433,0.0702976670037314,0.026455247771643337,147.65625
0.40634920634920635,0.07060651963306286,0.02664191126376765,147.65625
0.4179591836734694,0.0707518585311921,0.027097929229264135,147.65625
0.4295691609977324,0.07072161087428928,0.027617701280988068,147.65625
0.44117913832199546,0.07048211377947426,0.02828304460172511,147.65625
0.4527891156462585,0.0701562985140463,0.029000902787982317,147.65625
0.46439909297052157,0.06991574707233351,0.0295755984086174,147.65625
0.47600907029478456,0.06959006383454393,0.030097957972473607,147.65625
0.4876190476190476,0.06939430745467896,0.030719749771040424,147.65625
0.4992290249433107,0.06918690619545877,0.031079101738501223,147.65625
0.5108390022675737,0.06902061072104891,0.031425064297108854,147.65625
0.5224489795918368,0.06921613782263332,0.03176783178182696,147.65625
0.5340589569160997,0.06950354762247336,0.03182364636571158,147.65625
0.5456689342403628,0.06995584557372604,0.03172595134123882,147.65625
0.5572789115646258,0.07059209342699097,0.031551860455164296,147.65625
0.5688888888888889,0.0713446307660112,0.03158675108389997,147.65625
0.5804988662131519,0.07205827305430491,0.031476411354233194,147.65625
0.592108843537415,0.0729363055790532,0.031573331028653326,147.65625
0.603718820861678,0.07392213721282989,0.031335651581461434,147.65625
0.615328798185941,0.0748811282941071,0.031159567018192766,147.65625
0.626938775510204,0.076045021064031,0.03104139099710413,147.65625
0.6385487528344671,0.07721401001749861,0.03074805314772677,147.65625
0.6501587301587302,0.07868321753418515,0.030365037496614563,147.65625
0.6617687074829932,0.08012610781927959,0.03037410094955775,147.65625
0.6733786848072563,0.08191163710615908,0.030351688365629934,147.65625
0.6849886621315193,0.0841192935299729,0.030387572919321475,147.65625
0.6965986394557823,0.08633693261766935,0.030385649466295937,147.65625
0.7082086167800453,0.08882873355209615,0.030278144421908744,147.65625
0.7198185941043084,0.09122475218328854,0.03001794434908239,147.65625
0.7314285714285714,0.09365711714869913,0.02964822449877902,147.65625
0.7430385487528345,0.09615609484732451,0.02919726822485986,147.65625
0.7546485260770975,0.0986692969621454,0.02875090516393301,147.65625
0.7662585034013606,0.10137244582425108,0.028408552912653307,147.65625
0.7778684807256235,0.10404766209452648,0.028069747834510782,147.65625
0.7894784580498866,0.10654084848617447,0.027636596405465202,147.65625
0.8010884353741496,0.10902964027332243,0.027447646234597684,147.65625
0.8126984126984127,0.11155326819842107,0.027037710993860174,147.65625
0.8243083900226758,0.11365764402377092,0.026488753888558522,147.65625
0.8359183673469388,0.11584597235100796,0.0260547255093742,147.65625
0.8475283446712019,0.11793409607386096,0.02590364835492299,147.65625
0.8591383219954648,0.1196449697703491,0.025852667257744173,147.65625
0.8707482993197279,0.12118045828519053,0.025840717515769763,147.65625
0.8823582766439909,0.12248517477460705,0.026018780642656756,147.65625
0.893968253968254,0.12367925147831493,0.026113763671151872,147.65625
0.905578231292517,0.12469443385568442,0.026313089171232047,147.65625
0.9171882086167801,0.12574603357898292,0.026466003535665864,147.65625
0.9287981859410431,0.12672853016129457,0.02652562588189581,147.65625
0.9404081632653061,0.1277415932243487,0.026593386515051495,147.65625
0.9520181405895691,0.12846255867341794,0.026738147178346747,147.65625
0.9636281179138322,0.1290455598217686,0.026836574029170085,147.65625
0.9752380952380952,0.1293400918254898,0.02693087651209112,147.65625
0.9868480725623583,0.1290282042264392,0.02701489463818174,147.65625
0.9984580498866213,0.12878116677080634,0.02716453701762334,147.65625
1.0100680272108844,0.1282065375075008,0.02728783038099829,147.65625
1.0216780045351475,0.12765922547061317,0.02752164250313662,147.65625
1.0332879818594105,0.1273022343981494,0.027805401035677666,147.65625
1.0448979591836736,0.12663784216739452,0.027986921787118316,147.65625
1.0565079365079366,0.12610065627552963,0.028191732062097342,147.65625
1.0681179138321995,0.12541321918275627,0.028388949802277644,147.65625
1.0797278911564625,0.12468179231343113,0.02858901089443524,147.65625
1.0913378684807256,0.12406305040873676,0.02871686904419545,147.65625
1.1029478458049886,0.12363020050346107,0.028758785141206326,147.65625
1.1145578231292517,0.12325047402177168,0.028999326238397988,147.65625
1.1261678004535147,0.12294307577891739,0.029154550779223683,147.65625
1.1377777777777778,0.12262011326840792,0.029182402217416803,147.65625
1.1493877551020408,0.12229893667119,0.029255475241755154,147.65625
1.1609977324263039,0.1219809391495678,0.029273858083035172,147.65625
1.172607709750567,0.12150650262065359,0.02938774567503755,147.65625
1.18421768707483,0.12129415261569404,0.029503707209468148,147.65625
1.195827664399093,0.12099658564225374,0.02954362003637734,147.49849759615384
1.207437641723356,0.12067780053620188,0.029366664805970104,147.34074519230768
1.2190476190476192,0.12044427613018292,0.029225503648848943,147.18299278846152
1.230657596371882,0.12012318283115955,0.029109935251289614,147.02524038461536
1.242267573696145,0.11965965420082414,0.02896393876936236,146.86748798076923
1.253877551020408,0.11918968412110272,0.028841899594683938,146.70973557692307
1.2654875283446712,0.11876689580474899,0.02879810233281977,146.55198317307693
1.2770975056689342,0.11794103793715086,0.028780747066204846,146.39423076923077
1.2887074829931973,0.11715062678326951,0.028765248847793544,146.23647836538464
1.3003174603174603,0.11619203532508078,0.028838098689315462,146.07872596153848
1.3119274376417234,0.11519579683136565,0.028863163687899342,145.92097355769235
1.3235374149659864,0.1143459011872698,0.02873909251088241,145.7632211538462
1.3351473922902495,0.11345545431609393,0.02852217338562954,145.60546875000003
1.3467573696145125,0.11279871885538381,0.028449141728405448,145.44771634615387
1.3583673469387756,0.1119171882229546,0.02842585314778981,145.2899639423077
1.3699773242630386,0.11112932765979097,0.02845036393549733,145.13221153846158
1.3815873015873017,0.1102204514795577,0.028533933866609972,144.97445913461542
1.3931972789115645,0.10918307867140058,0.028580589788597833,144.81670673076925
1.4048072562358276,0.10810427708968366,0.02869395214411012,144.6589543269231
1.4164172335600906,0.1070374387946707,0.02885831438157848,144.50120192307693
1.4280272108843537,0.1061016177309493,0.02901260484669691,144.3434495192308
1.4396371882086167,0.10510783611748295,0.029174546734452717,144.18569711538464
1.4512471655328798,0.10418517408604856,0.02927501664457608,144.02794471153848
1.4628571428571429,0.10342182901452848,0.029367190102380522,143.87019230769232
1.474467120181406,0.1028045785640079,0.02923289612680239,143.03910647279554
1.486077097505669,0.10222594682245335,0.02909321038577593,142.20802063789873
1.497687074829932,0.10197045834849049,0.029000719349214235,141.53468720684808
1.509297052154195,0.10165435586079474,0.02908991408005991,140.8613537757974
1.5209070294784581,0.10130806902282402,0.029107368399336656,140.18802034474675
1.5325170068027212,0.10108975653309725,0.029202180901683035,139.51468691369607
1.5441269841269842,0.10081827064086744,0.02933813120541942,138.84135348264542
1.555736961451247,0.10042237889504903,0.029430779567531533,138.16802005159474
1.5673469387755101,0.10003368328025943,0.029472601896581827,137.49468662054406
1.5789569160997732,0.10006118001428657,0.02938250424597501,136.8213531894934
1.5905668934240362,0.10046305381994795,0.029166813210304877,136.14801975844276
1.6021768707482993,0.10106195534416891,0.028767576514718785,135.47468632739208
1.6137868480725623,0.10195941633981846,0.028434425136250836,134.80135289634143
1.6253968253968254,0.10309313767068756,0.028305270186125,134.12801946529078
1.6370068027210884,0.1041170532390211,0.02811115269308856,133.45468603424013
1.6486167800453515,0.10535866947184234,0.027924125890708914,132.78135260318945
1.6602267573696146,0.10686775537444225,0.027620079769356674,132.10801917213877
1.6718367346938776,0.10819802046136047,0.027218505618198736,131.43468574108812
1.6834467120181407,0.10966847807570199,0.02677923655395003,130.76135231003747
1.6950566893424037,0.11115237210531845,0.02644564536887123,130.08801887898682
1.7066666666666668,0.11246112251805247,0.026192029287617682,129.41468544793617
1.7182766439909296,0.11358601715573408,0.02589858954392473,128.7413520168855
1.7298866213151927,0.11466239142806128,0.02567457947172664,128.06801858583484
1.7414965986394557,0.11574036794116101,0.025428520093959444,127.39468515478418
1.7531065759637188,0.11671462570729331,0.025123119801543952,126.84255174132267
1.7647165532879818,0.11751690268899091,0.024975351617184022,126.29041832786112
1.7763265306122449,0.11819953847382933,0.02503288243892168,126.41161834545022
1.787936507936508,0.11873572978525106,0.0250268073342137,126.53281836303935
1.799546485260771,0.11895858452552766,0.024964406128703966,126.65401838062846
1.811156462585034,0.11937267734335037,0.02487361797289231,126.77521839821759
1.822766439909297,0.11968313179696338,0.024748046704050862,126.89641841580669
1.8343764172335602,0.12004226863091927,0.02456980593243495,127.14503383650234
1.8459863945578232,0.12061419528430202,0.024414383115885938,127.39364925719795
1.8575963718820863,0.12117735105428762,0.024265246368529215,127.64226467789359
1.8692063492063493,0.12182827479996268,0.02411581720921409,127.89088009858921
1.8808163265306121,0.1223105255325094,0.0239705722257358,128.13949551928485
1.8924263038548752,0.12274638833348266,0.02396498868767884,128.3881109399805
1.9040362811791383,0.1233184191096086,0.024136100056319713,128.6367263606761
1.9156462585034013,0.12398845645900941,0.024339569709136612,128.88534178137175
1.9272562358276644,0.12462914910393655,0.024438187117645567,129.13395720206736
1.9388662131519274,0.12535140442554868,0.024617631443287283,129.382572622763
1.9504761904761905,0.12585374751560735,0.024630732330622174,129.63118804345862
1.9620861678004535,0.1263418795171816,0.02485435819098031,129.87980346415424
1.9736961451247166,0.12698061881944608,0.025045319636534252,130.12841888484988
1.9853061224489796,0.12772003731755815,0.025128988807287478,130.3770343055455
1.9969160997732427,0.12869859576947604,0.0251987180326031,130.62564972624114
2.0085260770975055,0.12955352012557803,0.025233670185900815,130.87426514693675
2.020136054421769,0.13053327557255187,0.02520572927809525,131.12288056763236
2.0317460317460316,0.13137370770876275,0.02529027807735305,131.371495988328
2.043356009070295,0.13213728434926372,0.02547086801173508,131.62011140902362
2.0549659863945577,0.1329732687783756,0.025610387442167842,131.74752681213013
2.066575963718821,0.13389875295264198,0.025613577800146083,131.87494221523664
2.078185941043084,0.13495037641592594,0.02557485733074534,132.00235761834315
2.089795918367347,0.13592158130322732,0.02559163577135286,132.12977302144967
2.10140589569161,0.13692682308230245,0.02569506269535939,132.25718842455618
2.1130158730158732,0.137515638861125,0.025690032685826675,132.3846038276627
2.124625850340136,0.13786699564370813,0.025778547224091078,132.5120192307692
2.136235827664399,0.13791520613977878,0.02587317403309102,132.5120192307692
2.147845804988662,0.13771261368533103,0.025979019457701515,132.5120192307692
2.159455782312925,0.13744004991446349,0.02610846525417531,132.5120192307692
2.1710657596371883,0.13693936237602186,0.02633579502635499,132.5120192307692
2.182675736961451,0.13620816082831305,0.026478090947893673,132.5120192307692
2.1942857142857144,0.13499485182095214,0.026627560645291662,132.5120192307692
2.2058956916099772,0.13340522072911387,0.026880161127547937,132.5120192307692
2.2175056689342405,0.13152135584109098,0.02705212143807409,132.5120192307692
2.2291156462585033,0.12960561606593435,0.027214975957222533,132.5120192307692
2.2407256235827666,0.12753634105854836,0.027433121121222207,132.5120192307692
2.2523356009070294,0.1254161970932121,0.027719615605872702,132.5120192307692
2.2639455782312927,0.12312217439407798,0.027981416474573296,132.5120192307692
2.2755555555555556,0.12072130176884256,0.028320476188467003,132.5120192307692
2.2871655328798184,0.11825366918083347,0.028698761614503923,132.5120192307692
2.2987755102040817,0.11574341977876454,0.029004120740571914,132.5120192307692
2.3103854875283445,0.11354156819788473,0.029211034244505656,132.5120192307692
2.3219954648526078,0.11115583293705732,0.02947751781098151,132.5120192307692
2.3336054421768706,0.10884411291175052,0.029586100520910465,132.5120192307692
2.345215419501134,0.10663626302787982,0.029760184304545953,132.5120192307692
2.3568253968253967,0.10437216374742611,0.02993047662085591,132.5120192307692
2.36843537414966,0.10203153196001195,0.030088146599914503,132.5120192307692
2.380045351473923,0.09980942871382305,0.030369465246150962,132.5120192307692
2.391655328798186,0.09774206040211077,0.03054565062337328,132.5120192307692
2.403265306122449,0.09570380689185516,0.030697014385304203,132.5120192307692
2.414875283446712,0.09402897882310285,0.031027978474594417,132.5120192307692
2.426485260770975,0.09265393137731148,0.03134605972054518,132.5120192307692
2.4380952380952383,0.09156484475926566,0.03154162337948705,132.5120192307692
2.449705215419501,0.09050963843238777,0.03157297021930674,132.5120192307692
2.461315192743764,0.08979749655282371,0.03167295321003318,132.5120192307692
2.4729251700680273,0.08924231970865037,0.03172650900208474,132.5120192307692
2.48453514739229,0.08878333062167347,0.0320254610000877,132.5120192307692
2.4961451247165534,0.08858662964028209,0.032364160550168365,132.5120192307692
2.507755102040816,0.08850803071335983,0.03236321378326755,132.5120192307692
2.5193650793650795,0.08847024748528533,0.032398402238771974,132.5120192307692
2.5309750566893423,0.08836602020284007,0.03257282285542313,132.5120192307692
2.5425850340136056,0.08850917981195391,0.032728142425720516,132.5120192307692
2.5541950113378684,0.08876864660768939,0.03284733479514349,132.5120192307692
2.5658049886621317,0.08909614012349244,0.032886891390982886,132.5120192307692
2.5774149659863945,0.0893411013716257,0.03292377523784062,132.5120192307692
2.589024943310658,0.08947693219733588,0.032911705590675314,132.5120192307692
2.6006349206349206,0.08935199698372079,0.03291173956952444,132.5120192307692
2.6122448979591835,0.08902984767183578,0.03300000763143924,132.5120192307692
2.6238548752834467,0.08888317704382087,0.03305284635704676,132.5120192307692
2.6354648526077096,0.08878789848641816,0.03316568093249883,132.5120192307692
2.647074829931973,0.08869121427198207,0.03327441417974244,132.5120192307692
2.6586848072562357,0.08855952336654195,0.03364258471887522,132.5120192307692
2.670294784580499,0.08842044037107033,0.03409736228680778,132.5120192307692
2.681904761904762,0.08802557527549996,0.03432162346633358,132.5120192307692
2.693514739229025,0.08759899668304788,0.034589571262742494,132.5120192307692
2.705124716553288,0.08721151451470764,0.034937080850775765,132.5120192307692
2.716734693877551,0.08680943787794247,0.034978624400576516,132.5120192307692
2.728344671201814,0.08648925336222188,0.03498343394039347,132.5120192307692
2.7399546485260773,0.08612631229972004,0.035178925640120234,132.5120192307692
2.75156462585034,0.0858534097134461,0.0354987805961307,132.5120192307692
2.7631746031746034,0.08542631342271476,0.03581573191899945,132.5120192307692
2.7747845804988662,0.08496818834626102,0.036106884130478856,132.5120192307692
2.786394557823129,0.08443251431662757,0.03638435528669948,132.5120192307692
2.7980045351473923,0.0837266039749992,0.036478002040791435,132.5120192307692
2.809614512471655,0.08310524567401346,0.03650392143847031,132.5120192307692
2.8212244897959184,0.08279728079519061,0.03647530827949486,132.5120192307692
2.8328344671201813,0.08270210594404012,0.03609082422243976,132.5120192307692
2.8444444444444446,0.08267033143123084,0.0357234431958462,132.5120192307692
2.8560544217687074,0.08273686877957954,0.03546882329868865,132.5120192307692
2.8676643990929707,0.08302057285098874,0.035227685483796456,132.5120192307692
2.8792743764172335,0.08336016001517027,0.03488047132889786,132.5120192307692
2.8908843537414968,0.08393579218873841,0.03459056636702054,132.5120192307692
2.9024943310657596,0.08488454363120275,0.03431002872445135,132.5120192307692
2.914104308390023,0.08576518026575874,0.033964833356131305,132.5120192307692
2.9257142857142857,0.08664997577092409,0.033685597157953065,132.5120192307692
2.9373242630385485,0.08758762293931596,0.03336972474245862,132.5120192307692
2.948934240362812,0.0884733663779355,0.03290742038010626,132.5120192307692
2.9605442176870747,0.08937781942403714,0.03222317597693255,132.5120192307692
2.972154195011338,0.09034915300704909,0.031548950104533784,132.5120192307692
2.9837641723356008,0.09149037679805755,0.030993383256483494,132.5120192307692
2.995374149659864,0.09262527200873359,0.030605377436230055,132.5120192307692
3.006984126984127,0.09364639896175846,0.030019990526859715,132.5120192307692
3.01859410430839,0.09469900451075641,0.029593424517284587,132.5120192307692
3.030204081632653,0.09562939578166488,0.029243879415456427,132.5120192307692
3.0418140589569163,0.0964106518392266,0.028856993433814437,132.5120192307692
3.053424036281179,0.09712703713706748,0.028510666417369466,132.5120192307692
3.0650340136054424,0.09786991500920003,0.02807550610519141,132.5120192307692
3.076643990929705,0.09872527105819535,0.027594197756307483,132.5120192307692
3.0882539682539685,0.09959233591791025,0.027092755372073122,132.5120192307692
3.0998639455782313,0.10049138915854894,0.026767973248729888,132.5120192307692
3.111473922902494,0.1010943164845134,0.02658485506918826,132.5120192307692
3.1230839002267574,0.1010551856998963,0.026505470702929218,132.5120192307692
3.1346938775510202,0.10066206695097508,0.026767339980299124,132.5120192307692
3.1463038548752835,0.1003335080512635,0.026964876454483176,132.5120192307692
3.1579138321995464,0.10019305271803633,0.026968500739541646,132.5120192307692
3.1695238095238096,0.1002122875206352,0.02686383688294122,132.5120192307692
3.1811337868480725,0.10035122307830247,0.026970187861645716,132.5120192307692
3.1927437641723357,0.10036545957273621,0.02715541118544176,132.5120192307692
3.2043537414965986,0.10022977680956688,0.027359984909485203,132.5120192307692
3.215963718820862,0.10009056220294782,0.02755143585021508,132.5120192307692
3.2275736961451247,0.10008550808499236,0.027714865158449526,132.5120192307692
3.239183673469388,0.10014842404433219,0.027836266269509056,132.5120192307692
3.250793650793651,0.10024483837261788,0.028064997016682348,132.5120192307692
3.2624036281179136,0.10034678161856807,0.02839941832757896,132.5120192307692
3.274013605442177,0.10044828213461411,0.02859202855303831,132.5120192307692
3.2856235827664397,0.10043389237150233,0.028647766664648397,132.5120192307692
3.297233560090703,0.10043001192510835,0.028693695958412126,132.5120192307692
3.308843537414966,0.10057465091015773,0.028812723040300234,132.5120192307692
3.320453514739229,0.10074195783289512,0.028837219886041165,132.5120192307692
3.332063492063492,0.1010889568704294,0.028901404847793032,132.5120192307692
3.3436734693877552,0.10141493102716351,0.029015258833161753,132.5120192307692
3.355283446712018,0.10169892539278075,0.029175152247226378,132.5120192307692
3.3668934240362813,0.10175796923554604,0.02922904911722499,132.5120192307692
3.378503401360544,0.10144579050930547,0.029289548944897544,132.5120192307692
3.3901133786848074,0.10103646692961281,0.029495193131817726,132.5120192307692
3.4017233560090703,0.1004413142406384,0.02963281148941023,132.5120192307692
3.4133333333333336,0.10005035791284819,0.029814743215145715,132.5120192307692
3.4249433106575964,0.10027857747334602,0.029726913659192066,132.5120192307692
3.436553287981859,0.10065289373729819,0.029427561148830637,132.5120192307692
3.4481632653061225,0.10116095608139596,0.029342335620148534,132.5120192307692
3.4597732426303853,0.10154059593296301,0.029437438412054814,132.5120192307692
3.4713832199546486,0.10121847473421869,0.029610785099177462,132.5120192307692
3.4829931972789114,0.10099035513155434,0.029721404819093834,132.5120192307692
3.4946031746031747,0.1008138862403963,0.029787862783096683,132.5120192307692
3.5062131519274375,0.10040223989054813,0.02978425733722054,132.5120192307692
3.517823129251701,0.10012639250485068,0.029844134167507412,132.5120192307692
3.5294331065759637,0.09950422121348597,0.029940535724083756,132.5120192307692
3.541043083900227,0.09860391454326445,0.030129032220959924,132.5120192307692
3.5526530612244898,0.0976522307961058,0.030295500378133156,132.5120192307692
3.564263038548753,0.09672363834970903,0.030368483746948397,132.5120192307692
3.575873015873016,0.09593694833442461,0.03059783395865406,132.5120192307692
3.5874829931972787,0.09518974416231166,0.030872925993943038,132.5120192307692
3.599092970521542,0.09448363973588995,0.03091954975380723,132.5120192307692
3.610702947845805,0.09380952952126569,0.03105769812414798,132.5120192307692
3.622312925170068,0.09305260361686463,0.03128244357169935,132.5120192307692
3.633922902494331,0.09218311165600543,0.031455531756272574,132.5120192307692
3.645532879818594,0.09151450120467759,0.03144469726673122,132.5120192307692
3.657142857142857,0.09095293039108915,0.03140086656499558,131.2378651997041
3.6687528344671203,0.09053271119930141,0.03152857886117018,129.963711168639
3.680362811791383,0.09035192891938311,0.03176679465879107,128.68955713757393
3.6919727891156464,0.0903171119400172,0.03170443369958428,127.41540310650886
3.7035827664399092,0.0904810080099325,0.03168371959207613,126.14124907544378
3.7151927437641725,0.09066660409251492,0.03158241079888582,124.8670950443787
3.7268027210884354,0.090463132633869,0.0318005443010404,123.59294101331362
3.7384126984126986,0.09025949562006136,0.03213568886603586,122.31878698224854
3.7500226757369615,0.0898940810176718,0.03233994762398711,121.04463295118346
3.7616326530612243,0.08945352519641651,0.032522030709682966,119.77047892011838
3.7732426303854876,0.0894429246681757,0.03266073989764718,118.49632488905328
3.7848526077097504,0.08931131227128396,0.03275854039538461,117.2221708579882
3.7964625850340137,0.08900023391419362,0.03291470789379621,115.94801682692311
3.8080725623582765,0.08862225211318946,0.033257779099089904,114.67386279585801
3.81968253968254,0.08814130395616031,0.033639077024816236,113.39970876479293
3.8312925170068026,0.08759459374872842,0.03388221040117616,112.12555473372785
3.842902494331066,0.08714657066082103,0.03411250489253533,110.85140070266276
3.8545124716553287,0.08690840321343682,0.03438692035252261,109.57724667159766
3.866122448979592,0.08673283998189925,0.03470159958731573,108.30309264053258
3.877732426303855,0.08642200652150095,0.03476557508912564,107.02893860946749
3.889342403628118,0.08604133023214795,0.034864352317699104,105.7547845784024
3.900952380952381,0.08547379131116414,0.03530066429534318,104.48063054733731
3.912562358276644,0.08462910138773787,0.03562525915463053,103.20647651627223
3.924172335600907,0.08370142001534421,0.03581445200245911,101.93232248520714
3.93578231292517,0.08274644703072755,0.03612421505585367,100.65816845414204
3.947392290249433,0.08175349402605168,0.03647525214038919,99.38401442307696
3.959002267573696,0.0806968339374331,0.03670210603850899,99.38401442307696
3.9706122448979593,0.07982673077607129,0.03685838790779989,99.38401442307696
3.982222222222222,0.07908166216142161,0.03697472433510594,99.38401442307696
3.9938321995464854,0.07836427436980908,0.037122775038388775,99.38401442307696
4.005442176870749,0.07770412659855847,0.03744354379093757,99.38401442307696
4.017052154195011,0.07697195587635582,0.03785838675414939,99.38401442307696
4.028662131519274,0.07622129253846789,0.038132670295383496,99.38401442307696
4.040272108843538,0.07562150992759391,0.038279074592467835,99.38401442307696
4.051882086167801,0.07536704435546035,0.03820676419429651,99.38401442307696
4.063492063492063,0.07562239871932995,0.03789485080910057,99.38401442307696
4.0751020408163265,0.07617281569642015,0.037506325719388924,99.38401442307696
4.08671201814059,0.0769917885517462,0.03703787582031651,99.38401442307696
4.098321995464852,0.07803972565342954,0.03652462613778396,99.38401442307696
4.1099319727891155,0.07925220084586279,0.03590807009757683,99.38401442307696
4.121541950113379,0.08074183974371318,0.03523837431252171,99.38401442307696
4.133151927437642,0.08246375586536431,0.03472320051304337,99.38401442307696
4.144761904761904,0.08425979051229734,0.034108339868563736,99.38401442307696
4.156371882086168,0.08594886028162062,0.033510402509556766,99.38401442307696
4.167981859410431,0.08741003368744096,0.03287200468086184,99.38401442307696
4.179591836734694,0.0887199708912021,0.032533380643429415,99.38401442307696
4.191201814058957,0.09004893944172186,0.03218204639565573,99.38401442307696
4.20281179138322,0.09139618757279429,0.03161023175688074,99.38401442307696
4.214421768707483,0.0927974731168929,0.03121113521921243,99.38401442307696
4.2260317460317465,0.09431883925582712,0.031041087669011834,99.38401442307696
4.237641723356009,0.09585359349708342,0.030617325915623723,99.38401442307696
4.249251700680272,0.0971858333759494,0.030221199144070048,99.38401442307696
4.260861678004535,0.09850445691544019,0.029919635259520926,99.38401442307696
4.272471655328798,0.09960973836847412,0.029711816376865135,99.38401442307696
4.284081632653061,0.10037169506733618,0.02950010968480465,99.38401442307696
4.295691609977324,0.10107219914789152,0.029330541167824447,99.38401442307696
4.307301587301588,0.1017329395857965,0.02904949569032496,99.38401442307696
4.31891156462585,0.10230641037946107,0.028723868614448745,99.38401442307696
4.330521541950113,0.10288802169743536,0.028510154488671658,99.38401442307696
4.342131519274377,0.10314956324295205,0.028390093967047236,99.38401442307696
4.35374149659864,0.10281452124475716,0.02843515971121002,99.38401442307696
4.365351473922902,0.10200138217848771,0.02854130247325948,99.38401442307696
4.3769614512471655,0.10098475853410671,0.02876536223055907,99.38401442307696
4.388571428571429,0.09986559106379268,0.028994785510497365,99.38401442307696
4.400181405895691,0.09880154242531586,0.02912544614913188,99.38401442307696
4.4117913832199545,0.09786126157625723,0.029301901257416888,99.38401442307696
4.423401360544218,0.09667185248688202,0.029483662867847565,99.38401442307696
4.435011337868481,0.09547761793309546,0.029651839373600053,99.38401442307696
4.446621315192743,0.09436388358752218,0.029873333446572208,99.38401442307696
4.458231292517007,0.09320098623102341,0.030175149581624705,99.38401442307696
4.46984126984127,0.09227333880264407,0.030560674185360973,99.38401442307696
4.481451247165533,0.09149359856397798,0.030717618988324938,99.38401442307696
4.493061224489796,0.09076845175378687,0.03095080809974238,99.38401442307696
4.504671201814059,0.09010755034212087,0.031186438411948486,99.38401442307696
4.516281179138322,0.08952348818301688,0.031224635103236212,99.38401442307696
4.527891156462585,0.08896870950421355,0.03110083116610794,99.38401442307696
4.539501133786848,0.08844066433972969,0.031293712172345924,99.38401442307696
4.551111111111111,0.08811105567452106,0.031462439234862735,99.38401442307696
4.562721088435374,0.08797185377087668,0.03157438832369589,99.38401442307696
4.574331065759637,0.08794467565244372,0.03152786259827947,99.38401442307696
4.5859410430839,0.08792152333575429,0.03148490370296924,99.38401442307696
4.597551020408163,0.0878306641640644,0.03168101238661429,99.38401442307696
4.609160997732427,0.08755854249836453,0.031682047715254805,99.38401442307696
4.620770975056689,0.08717616171970517,0.03166531219202866,99.38401442307696
4.632380952380952,0.08681141808427288,0.03152804364976128,99.38401442307696
4.6439909297052155,0.08660104661967982,0.03143833510673993,99.38401442307696
4.655600907029479,0.08640257221972608,0.03125250896212325,99.38401442307696
4.667210884353741,0.08661590389390862,0.031206626575891384,99.38401442307696
4.6788208616780045,0.0869885816823736,0.031111864685169147,99.38401442307696
4.690430839002268,0.08762565460425573,0.031025364630549404,99.38401442307696
4.702040816326531,0.0882967111070671,0.03104086216522203,99.38401442307696
4.713650793650793,0.08867490281952158,0.031001059494694342,99.38401442307696
4.725260770975057,0.08921382756119808,0.030974435351179625,99.38401442307696
4.73687074829932,0.08954443393053219,0.030898891349077452,99.38401442307696
4.748480725623582,0.08976589550850465,0.03078011057386567,99.38401442307696
4.760090702947846,0.08988560459339248,0.030561179277433594,99.38401442307696
4.771700680272109,0.08969885837098852,0.030354168838039777,99.38401442307696
4.783310657596372,0.08922375399879937,0.030317499448038333,99.38401442307696
4.794920634920635,0.08862437642539646,0.03031070476414475,99.38401442307696
4.806530612244898,0.08808245898783458,0.030328297398415752,99.38401442307696
4.818140589569161,0.08756508369733852,0.030325926469691712,99.38401442307696
4.829750566893424,0.08720462533752582,0.03036197463172148,99.38401442307696
4.841360544217687,0.08688139252437496,0.030152679786932472,99.38401442307696
4.85297052154195,0.08660276193775149,0.029979731232852105,99.38401442307696
4.864580498866213,0.08619486817156861,0.02994732813686696,99.38401442307696
4.876190476190477,0.08564517401456179,0.03000663800513729,99.38401442307696
4.887800453514739,0.08530836838534239,0.03008899205141844,99.38401442307696
4.899410430839002,0.08505491259557249,0.03007236393775355,99.38401442307696
4.911020408163266,0.08499615967175175,0.03019250061022292,99.38401442307696
4.922630385487528,0.08506423012337147,0.030414040174471437,99.38401442307696
4.934240362811791,0.08527698912246635,0.030872226282296602,99.38401442307696
4.9458503401360545,0.08549183349186226,0.03108510020126359,99.38401442307696
4.957460317460318,0.08615548832534972,0.031241773046177285,99.38401442307696
4.96907029478458,0.08668537771186134,0.03094975221916034,99.38401442307696
4.9806802721088435,0.08705651656618169,0.030609167701656226,99.38401442307696
4.992290249433107,0.08742871955493761,0.030605286745590543,99.38401442307696
5.00390022675737,0.08771485843257405,0.030552618441031017,99.38401442307696
5.015510204081632,0.08839472413595204,0.030387863747212737,99.38401442307696
5.027120181405896,0.0891733781661609,0.030082350925155196,99.38401442307696
5.038730158730159,0.0901615946272481,0.029706119535334686,99.38401442307696
5.050340136054421,0.09094339816219363,0.029506906453859894,99.38401442307696
5.061950113378685,0.09171422424456792,0.029257765683742852,99.38401442307696
5.073560090702948,0.09250591902362754,0.029021085657925494,99.38401442307696
5.085170068027211,0.09340258597923734,0.028699977375412453,99.38401442307696
5.0967800453514736,0.09467363458788206,0.02832607151792787,99.38401442307696
5.108390022675737,0.09582110386927378,0.02791062076427007,99.38401442307696
5.12,0.09692965123627126,0.027466635521923355,99.38401442307696
5.131609977324263,0.09794645917790776,0.027300097760608044,99.38401442307696
5.143219954648526,0.09872474919500639,0.027037629543527262,99.38401442307696
5.154829931972789,0.0992198828263251,0.02676595428449855,99.38401442307696
5.166439909297052,0.09993062654569332,0.026571685108255392,99.38401442307696
5.178049886621316,0.10054856670526492,0.02636836904644134,99.38401442307696
5.189659863945578,0.10109231732784377,0.025971798898000123,99.38401442307696
5.201269841269841,0.10179370291154315,0.02550627090541567,99.38401442307696
5.2128798185941045,0.10250131253634073,0.024971555277144248,99.38401442307696
5.224489795918367,0.10315811130367872,0.02428052595983581,99.38401442307696
5.23609977324263,0.10371165550323852,0.02349254279004911,99.38401442307696
5.2477097505668935,0.10446327114773585,0.022944362280366767,99.38401442307696
5.259319727891157,0.10480550136363104,0.022480148020680227,99.38401442307696
5.270929705215419,0.10485180224859118,0.022468816089109243,99.38401442307696
5.282539682539682,0.10491705763772546,0.02256271829418088,99.38401442307696
5.294149659863946,0.10458201938794931,0.022459147099657087,99.38401442307696
5.305759637188209,0.10410321845013067,0.02238580834658004,99.38401442307696
5.317369614512471,0.10353359457533676,0.02249948772363296,99.38401442307696
5.328979591836735,0.10295183998446784,0.02266982810535472,99.38401442307696
5.340589569160998,0.10234856363906814,0.02280361348880179,99.38401442307696
5.352199546485261,0.10196582509466313,0.0228619177892708,99.38401442307696
5.363809523809524,0.10172472138592036,0.023001534946011256,99.38401442307696
5.375419501133787,0.1015712552911925,0.023075840583974414,99.38401442307696
5.38702947845805,0.10134946385236954,0.023272052219074277,99.38401442307696
5.3986394557823125,0.10083893421574865,0.023547360296250614,99.38401442307696
5.410249433106576,0.10046267085649843,0.023805373877795678,99.38401442307696
5.421859410430839,0.09996142355418931,0.024136384892155267,99.38401442307696
5.433469387755102,0.09931972883198155,0.024282186639176487,99.38401442307696
5.445079365079365,0.09890162270714452,0.024795038465963072,99.38401442307696
5.456689342403628,0.09868991597249253,0.025254396492621137,99.38401442307696
5.468299319727891,0.0982980352429881,0.025483807971556034,99.38401442307696
5.479909297052155,0.09832853945833019,0.025637548278645877,99.38401442307696
5.491519274376417,0.09854685257279346,0.02604053649635906,99.38401442307696
5.50312925170068,0.0986252890682363,0.026413717687806332,99.38401442307696
5.5147392290249435,0.09868844534286741,0.026842466443854403,99.38401442307696
5.526349206349207,0.09888486248566081,0.02731894891830302,99.38401442307696
5.537959183673469,0.09901419542745817,0.02763159691439808,99.38401442307696
5.5495691609977325,0.09918142321691073,0.027799033564695496,99.38401442307696
5.561179138321996,0.09988676192467887,0.028016376572888343,99.38401442307696
5.572789115646258,0.1012042124173446,0.02806092501008772,99.38401442307696
5.584399092970521,0.10336785136795691,0.028090635718013526,99.38401442307696
5.596009070294785,0.10575319804270665,0.027838109624179336,99.38401442307696
5.607619047619048,0.10854639891699686,0.027505613492760872,99.38401442307696
5.61922902494331,0.11163898641378768,0.027136121433613568,99.38401442307696
5.630839002267574,0.11446561735250418,0.026750726782865313,99.38401442307696
5.642448979591837,0.11786406249204075,0.026440832360647308,99.38401442307696
5.6540589569161,0.1215248961114873,0.026097597019758636,99.38401442307696
5.6656689342403626,0.12509419542737701,0.025640288027995832,99.38401442307696
5.677278911564626,0.12884293904593475,0.02510762530162121,99.38401442307696
5.688888888888889,0.13249497179463413,0.02455696961868681,99.38401442307696
5.7004988662131515,0.13599382041299427,0.02383636029918336,99.38401442307696
5.712108843537415,0.13949509675723515,0.023284163259016336,99.38401442307696
5.723718820861678,0.1427094212334606,0.02277014689670936,99.38401442307696
5.735328798185941,0.14649174526968584,0.022154366012107875,99.38401442307696
5.746938775510204,0.15042035384679414,0.021254136662216226,99.38401442307696
5.758548752834467,0.15425018596706433,0.02044956159186425,99.38401442307696
5.77015873015873,0.15890618207579768,0.01960323548239697,99.38401442307696
5.7817687074829935,0.162951062021304,0.018798479322034402,99.38401442307696
5.793378684807256,0.16664813701924353,0.01791767154151419,99.38401442307696
5.804988662131519,0.1709185734819673,0.01712077461015005,99.38401442307696
5.8165986394557825,0.17462012409190109,0.0163200092962232,99.978619637574
5.828208616780046,0.17829399262932477,0.015547655888745258,100.57322485207104
5.839818594104308,0.18228260797632756,0.014825338612880165,101.26821795992471
5.851428571428571,0.1850051290830531,0.014331110140276236,101.96321106777839
5.863038548752835,0.18698980894298078,0.013791297213751975,102.65820417563206
5.874648526077097,0.18811834787667475,0.013584498086119645,103.35319728348574
5.88625850340136,0.18785109353272908,0.013536671743959122,104.04819039133942
5.897868480725624,0.18779281811580872,0.013638876460004118,104.7431834991931
5.909478458049887,0.18765940564493233,0.013715882771386707,105.43817660704677
5.921088435374149,0.18717728527406016,0.013751343213928385,106.13316971490045
5.932698412698413,0.1867746896895428,0.01381540054819112,106.82816282275414
5.944308390022676,0.18587500838051704,0.0139618613375052,107.52315593060781
5.955918367346939,0.1844964803196656,0.014055316350818569,108.2181490384615
5.9675283446712015,0.18345475059944155,0.014133540721640053,108.91314214631518
5.979138321995465,0.18224694052239512,0.014277853674503831,109.60813525416887
5.990748299319728,0.18127779268400868,0.014353461464225295,110.30312836202255
6.002358276643991,0.18071636576805133,0.014496899425373676,110.99812146987622
6.013968253968254,0.1800083094566854,0.014519792477802844,111.69311457772992
6.025578231292517,0.17990460153848328,0.014525501483046039,112.3881076855836
6.03718820861678,0.17950306217507309,0.01460914766128005,113.0831007934373
6.048798185941043,0.1789135596026363,0.014661923092922465,113.77809390129099
6.060408163265306,0.17846554984244006,0.014663303169855228,114.47308700914466
6.072018140589569,0.17726972387664625,0.0147769597936782,115.16808011699834
6.0836281179138325,0.17616042640940668,0.014930327999243109,115.86307322485203
6.095238095238095,0.17527602323873773,0.015036358412573036,116.55806633270572
6.106848072562358,0.1736329905073433,0.015099220025877736,117.25305944055941
6.1184580498866215,0.17214070376813306,0.015316759523951238,117.35344733391605
6.130068027210885,0.1706434545389814,0.015585611273585109,117.45383522727269
6.141678004535147,0.16867778332705433,0.01599178095211937,117.45383522727269
6.15328798185941,0.16737919029616602,0.01625217811194803,117.45383522727269
6.164897959183674,0.1666750956469338,0.016599919472140793,117.45383522727269
6.176507936507937,0.16598567355818392,0.016812042419385168,117.45383522727269
6.188117913832199,0.16535704374130322,0.0168799602906706,117.45383522727269
6.199727891156463,0.1645319801219903,0.016996695630219185,117.45383522727269
6.211337868480726,0.16349071395621903,0.017268489079251815,117.45383522727269
6.222947845804988,0.1623532766928902,0.017422169402675932,117.45383522727269
6.2345578231292516,0.16162992516703753,0.017491728736716367,117.45383522727269
6.246167800453515,0.16092279263264936,0.01752078800806686,117.45383522727269
6.257777777777778,0.16026751155841645,0.017607041790039767,117.45383522727269
6.2693877551020405,0.15966080832529217,0.017649989514417274,117.45383522727269
6.280997732426304,0.1593240624625274,0.017719246716856665,117.45383522727269
6.292607709750567,0.1591350505292312,0.017776407712964484,117.45383522727269
6.30421768707483,0.1590472588135563,0.017760406231513936,117.45383522727269
6.315827664399093,0.15883078929638436,0.017813844370797693,117.45383522727269
6.327437641723356,0.1587407610241853,0.017815826833125666,117.45383522727269
6.339047619047619,0.15851349897643405,0.017831507500070815,117.45383522727269
6.350657596371882,0.157826456300612,0.01796233800098669,117.45383522727269
6.362267573696145,0.1572331432522647,0.018113698262291006,117.45383522727269
6.373877551020408,0.15625493715170982,0.018271164249258662,117.45383522727269
6.3854875283446715,0.155099571201473,0.018541191091452473,117.45383522727269
6.397097505668934,0.15406602386290144,0.01872316236248968,117.45383522727269
6.408707482993197,0.1533639441969958,0.018975819488431737,117.45383522727269
6.42031746031746,0.15285792432462883,0.019077594991244246,117.45383522727269
6.431927437641724,0.15269309718914378,0.019038980830895072,117.45383522727269
6.443537414965986,0.1529772377430925,0.018975529509678738,117.45383522727269
6.455147392290249,0.15353720569117196,0.019045090678664084,117.45383522727269
6.466757369614513,0.1537290051985494,0.01906434638832796,117.45383522727269
6.478367346938776,0.15454687310332452,0.01910944421779847,117.45383522727269
6.489977324263038,0.1560066335635195,0.019016187517917085,117.45383522727269
6.501587301587302,0.1575500404047366,0.018903862971224827,117.45383522727269
6.513197278911565,0.15936282486087905,0.018685205689410383,117.45383522727269
6.524807256235827,0.16135147762819663,0.018622215594815097,117.45383522727269
6.5364172335600905,0.16290033883519417,0.01857599627658699,117.45383522727269
6.548027210884354,0.16420451701002833,0.018594947699987856,117.45383522727269
6.559637188208617,0.16561962630600657,0.018628445663047784,117.45383522727269
6.5712471655328795,0.1665901052495423,0.018847259635412842,117.45383522727269
6.582857142857143,0.16729733774176395,0.019093485383540387,117.45383522727269
6.594467120181406,0.16811167671852612,0.01926855646860618,117.45383522727269
6.606077097505669,0.16855503760648352,0.019524829310871128,117.45383522727269
6.617687074829932,0.16911910507520866,0.019740521050023326,117.45383522727269
6.629297052154195,0.16924740386992043,0.02006121848251937,117.45383522727269
6.640907029478458,0.16899944971765632,0.020393412310462464,117.45383522727269
6.6525170068027215,0.16894350914912973,0.020713340334294096,117.45383522727269
6.664126984126984,0.16862030090894622,0.02102610511319326,117.45383522727269
6.675736961451247,0.16853205230267415,0.021302734139839078,117.45383522727269
6.6873469387755105,0.16870414928809024,0.0214357101071603,117.45383522727269
6.698956916099773,0.16865823282429804,0.021783709119885645,117.45383522727269
6.710566893424036,0.16816938487474142,0.0220236237503785,117.45383522727269
6.722176870748299,0.16770629730834627,0.022355725754970388,117.45383522727269
6.733786848072563,0.16686804050448656,0.022787929164939425,117.45383522727269
6.745396825396825,0.16587199234714603,0.023258093730663613,117.45383522727269
6.757006802721088,0.1647782374900311,0.02350486899011657,117.45383522727269
6.768616780045352,0.16374274555510732,0.02369854207041453,117.45383522727269
6.780226757369615,0.16255067092350592,0.02389662058041913,117.45383522727269
6.791836734693877,0.1614916739040387,0.024280578003048493,117.45383522727269
6.8034467120181406,0.16025914717020887,0.024525644587851704,117.45383522727269
6.815056689342404,0.15916969424835242,0.024876874673610806,117.45383522727269
6.826666666666667,0.15805921561271388,0.025185545258010988,117.45383522727269
6.8382766439909295,0.1571304794769315,0.0256036561045613,117.45383522727269
6.849886621315193,0.15663960738124688,0.025904525422863946,117.45383522727269
6.861496598639456,0.15629092447070939,0.026202750818589974,117.45383522727269
6.873106575963718,0.15622077614562616,0.02634870193952268,117.45383522727269
6.884716553287982,0.1562085104864759,0.026435425099857107,117.45383522727269
6.896326530612245,0.1561228033081201,0.02660793465069212,117.45383522727269
6.907936507936508,0.15606907638911413,0.026743860478751602,117.45383522727269
6.919546485260771,0.1560909092624016,0.02689789454597212,117.45383522727269
6.931156462585034,0.1563134653786507,0.027011534944103775,117.45383522727269
6.942766439909297,0.15700303532169593,0.027007874374567725,117.45383522727269
6.9543764172335605,0.1579112871819609,0.026925991836897478,117.45383522727269
6.965986394557823,0.15926959752151756,0.02695746194410549,117.45383522727269
6.977596371882086,0.16065016763760886,0.026933537028674272,117.45383522727269
6.989206349206349,0.16182619528851755,0.026947942885810476,117.45383522727269
7.000816326530612,0.16300233955689863,0.02684678906216482,117.45383522727269
7.012426303854875,0.16400286957359794,0.02682536675273064,117.45383522727269
7.024036281179138,0.16478226120931977,0.026588866288933196,117.45383522727269
7.035646258503402,0.1656144289151565,0.02640451261881753,117.45383522727269
7.047256235827664,0.16594355049417242,0.026205919175922004,117.45383522727269
7.058866213151927,0.16601056389170304,0.026251320869414136,117.45383522727269
7.070476190476191,0.1657012214689875,0.02634936329826972,117.45383522727269
7.082086167800454,0.16461623333036,0.026625374433755827,117.45383522727269
7.093696145124716,0.16311461011301148,0.02690548474976666,117.45383522727269
7.1053061224489795,0.16152196529249369,0.02738869585781753,117.45383522727269
7.116916099773243,0.1594067500813301,0.027518699989106117,117.45383522727269
7.128526077097506,0.15769512711758182,0.027667054376960067,117.45383522727269
7.1401360544217685,0.15621162125755206,0.02781414643271532,117.45383522727269
7.151746031746032,0.15464895170884085,0.027860471074140365,117.45383522727269
7.163356009070295,0.15336982338356847,0.027850122602570294,117.45383522727269
7.174965986394557,0.1522209800984573,0.027920065484834035,117.45383522727269
7.186575963718821,0.1511078671574155,0.027942162182322164,117.45383522727269
7.198185941043084,0.15020693179407052,0.027910604104566864,117.45383522727269
7.209795918367347,0.14948907378414963,0.027881566847830178,117.45383522727269
7.22140589569161,0.14874829835844805,0.02775029283198521,117.45383522727269
7.233015873015873,0.14771110880631896,0.02769919959215229,117.45383522727269
7.244625850340136,0.14615900396762493,0.027824093974905498,117.45383522727269
7.2562358276643995,0.14446448045725777,0.02810597264614322,117.45383522727269
7.267845804988662,0.14224090470723438,0.028202260843332543,117.45383522727269
7.279455782312925,0.14009116406038588,0.02844951109055542,117.45383522727269
7.291065759637188,0.13839666262404024,0.0286892330497109,117.45383522727269
7.302675736961452,0.13684820499679543,0.028927714036237662,117.45383522727269
7.314285714285714,0.1358199695840915,0.02903585572953915,117.45383522727269
7.325895691609977,0.13539389057256132,0.029280046058636724,117.45383522727269
7.337505668934241,0.1348354403175869,0.029313555105052166,117.45383522727269
7.349115646258503,0.1347987399660418,0.029439779950259835,117.45383522727269
7.360725623582766,0.1351552254184646,0.02930269794959869,117.45383522727269
7.3723356009070296,0.1358534996063513,0.02916256512565941,117.45383522727269
7.383945578231293,0.13706294607643005,0.02878025278946287,117.45383522727269
7.395555555555555,0.1383273381181013,0.028390292566133398,117.45383522727269
7.4071655328798185,0.13967481594394524,0.02787462278454869,117.45383522727269
7.418775510204082,0.14106408613996826,0.027733647942060437,117.45383522727269
7.430385487528345,0.14188382408921144,0.027617909704640085,117.45383522727269
7.441995464852607,0.14230760198811665,0.02747393300603778,117.45383522727269
7.453605442176871,0.1421598905491606,0.027572855276199976,117.45383522727269
7.465215419501134,0.14139885075517522,0.027689394500534873,117.45383522727269
7.476825396825397,0.1402779040354252,0.027817221782729308,117.45383522727269
7.48843537414966,0.13887047233404035,0.02800083881118316,117.45383522727269
7.500045351473923,0.13731315844274894,0.028274004383730053,117.45383522727269
7.511655328798186,0.13566694247084907,0.028520743428970968,117.45383522727269
7.523265306122449,0.13417789603140756,0.028831145194886408,117.45383522727269
7.534875283446712,0.13304962448491814,0.028881198522338575,117.45383522727269
7.546485260770975,0.13228243311926388,0.02891099250142819,117.45383522727269
7.558095238095238,0.13162960434387902,0.028701566894704662,117.45383522727269
7.569705215419501,0.13122866264501487,0.02870189285647496,117.45383522727269
7.581315192743764,0.1309028442559046,0.028666341938879385,117.45383522727269
7.592925170068027,0.13052407195503396,0.028726152204346853,117.45383522727269
7.604535147392291,0.1300464142849358,0.028677139400469114,117.45383522727269
7.616145124716553,0.12952855232473798,0.02874016852924519,117.45383522727269
7.627755102040816,0.1284904573212339,0.028793545482165814,117.45383522727269
7.63936507936508,0.1275285601741937,0.029109883013363733,117.45383522727269
7.650975056689342,0.12647760392944823,0.02922254622280689,117.45383522727269
7.662585034013605,0.12562801482270838,0.029332031011252716,117.45383522727269
7.6741950113378685,0.12492182855581052,0.02940722077506239,117.45383522727269
7.685804988662132,0.12449366334099736,0.029513397559172573,117.45383522727269
7.697414965986394,0.12440181042184627,0.029485334066463417,117.45383522727269
7.7090249433106575,0.12412983848465114,0.029465085272928338,117.45383522727269
7.720634920634921,0.12479355433406615,0.029373500838674616,117.45383522727269
7.732244897959184,0.12630025707531944,0.02917325766070425,117.45383522727269
7.743854875283446,0.12817797538956513,0.02890073740397924,117.45383522727269
7.75546485260771,0.1310226462182794,0.028457711529521014,117.45383522727269
7.767074829931973,0.13442230751145667,0.02802547042004836,117.45383522727269
7.778684807256236,0.13780373732878867,0.027570639689465454,117.45383522727269
7.790294784580499,0.1412929883291706,0.02712244629863531,117.45383522727269
7.801904761904762,0.14439637710285116,0.026599581507372412,117.45383522727269
7.813514739229025,0.147115473820798,0.026206881793358085,117.45383522727269
7.825124716553288,0.1493621023461683,0.025766025925221835,117.45383522727269
7.836734693877551,0.1515748405845873,0.025540062724457708,117.45383522727269
7.848344671201814,0.15407559649142125,0.025179093893258248,117.45383522727269
7.859954648526077,0.15661443841526693,0.024895598895879795,117.45383522727269
7.87156462585034,0.15921525669481768,0.024455168436885794,117.45383522727269
7.883174603174603,0.16202585189809773,0.02408069744880585,117.45383522727269
7.894784580498866,0.1650171104731233,0.023576169659382744,117.45383522727269
7.90639455782313,0.1680610564056866,0.02318214068348019,117.45383522727269
7.918004535147392,0.17092537477955386,0.02268136749176794,117.45383522727269
7.929614512471655,0.17397752600077318,0.022247974459474386,117.45383522727269
7.9412244897959186,0.17674221015464367,0.021768215564034885,117.45383522727269
7.952834467120182,0.1793068037153403,0.021298751372636024,117.45383522727269
7.964444444444444,0.18153971094561028,0.02095043572052567,117.45383522727269
7.9760544217687075,0.18339867467134877,0.020741516193507885,117.45383522727269
7.987664399092971,0.18461985827353322,0.020637862956519034,117.45383522727269
7.999274376417233,0.18497837495243055,0.020618478053327036,117.45383522727269
8.010884353741497,0.1852821126561245,0.0206327846224262,117.45383522727269
8.02249433106576,0.1847051039798911,0.020590587100151544,117.45383522727269
8.034104308390022,0.18355454058706208,0.020533990262065163,117.45383522727269
8.045714285714286,0.18230126635542,0.020514593428333238,117.45383522727269
8.057324263038549,0.18062278899276363,0.02070568812492127,117.45383522727269
8.068934240362811,0.1783817893428913,0.020867787116357773,117.78438072978847
8.080544217687075,0.17606730277629742,0.021162967364783597,118.11492623230424
8.092154195011338,0.17390473170853946,0.0213861259887126,118.44547173482002
8.103764172335602,0.17200135671738462,0.02171006769069754,118.7760172373358
8.115374149659864,0.1705675382304152,0.021940426474841172,119.10656273985157
8.126984126984127,0.16952890137215548,0.022123805140669323,119.32167965418724
8.13859410430839,0.16842121322603498,0.022244672017840996,119.5367965685229
8.150204081632653,0.1670104579266868,0.022566544662880838,119.75191348285857
8.161814058956915,0.1654577296010064,0.022872188309516546,119.96703039719424
8.17342403628118,0.16393286327193643,0.0232774302590777,120.1821473115299
8.185034013605442,0.1618979279452615,0.023559038079132483,120.39726422586557
8.196643990929704,0.15980253645493234,0.02378979269661013,120.61238114020124
8.208253968253969,0.1575828528130502,0.023995855963265388,120.8274980545369
8.219863945578231,0.15527041413256978,0.02429973620247958,121.04261496887257
8.231473922902495,0.15280467761971456,0.024616544960831557,121.25773188320824
8.243083900226758,0.15030211039363978,0.02498608879614095,121.4728487975439
8.25469387755102,0.14774358718887232,0.025311775954570917,121.68796571187957
8.266303854875284,0.14528113137541018,0.025656968597304833,121.90308262621524
8.277913832199546,0.1432717948333992,0.025917725203192375,122.1181995405509
8.289523809523809,0.14165189276116363,0.025948468973636108,122.33331645488656
8.301133786848073,0.14065379296929084,0.025989402253617087,122.54843336922222
8.312743764172335,0.13979259084475518,0.02593681500775102,122.76355028355789
8.324353741496598,0.1392789658472241,0.02599056517882528,122.97866719789354
8.335963718820862,0.13919036239064314,0.026137022816062495,123.19378411222921
8.347573696145124,0.13936840978258827,0.026352496781656725,123.40890102656488
8.359183673469389,0.13962760502620947,0.02638344081401005,123.62401794090054
8.370793650793651,0.14015155191952053,0.026417874449362732,123.50858935272043
8.382403628117913,0.14071376308797975,0.02633713939152658,123.39316076454033
8.394013605442177,0.1412392518308723,0.02628220327084286,123.27773217636022
8.40562358276644,0.14170396870995325,0.026059724107105914,123.1623035881801
8.417233560090702,0.14225926279633544,0.025883378651804984,123.04687499999999
8.428843537414966,0.14282045564436605,0.025697813629502526,123.04687499999999
8.440453514739229,0.14358205520221892,0.025539375587986274,123.04687499999999
8.452063492063493,0.14472776647521424,0.025237714954353143,123.04687499999999
8.463673469387755,0.14616863365540808,0.02500670889482068,123.04687499999999
8.475283446712018,0.14745269531625382,0.02470171118276423,123.04687499999999
8.486893424036282,0.14905053461218493,0.02438278751023958,123.04687499999999
8.498503401360544,0.1505593252226851,0.02414415790495039,123.04687499999999
8.510113378684807,0.15185403280928772,0.02395731772250054,123.04687499999999
8.52172335600907,0.15317444830118915,0.023826849748527,123.04687499999999
8.533333333333333,0.1544340881808602,0.023699956081451198,123.04687499999999
8.544943310657596,0.1555239301052853,0.023557781975099324,123.04687499999999
8.55655328798186,0.15676293077479705,0.023480154678237917,123.04687499999999
8.568163265306122,0.15804417529070247,0.02332637573374044,123.04687499999999
8.579773242630386,0.1590380110479953,0.023155021487373157,123.04687499999999
8.591383219954649,0.15984452665832355,0.023207171867233176,123.04687499999999
8.602993197278911,0.16041217261748741,0.023218609856132052,123.04687499999999
8.614603174603175,0.16107330414041587,0.023432719909891875,123.04687499999999
8.626213151927438,0.16149939564667523,0.023529737385620985,123.04687499999999
8.6378231292517,0.16167639181540486,0.023675495698671823,123.04687499999999
8.649433106575964,0.16152666830855902,0.02363407010588238,123.04687499999999
8.661043083900227,0.16106341622822956,0.02363529842877787,123.04687499999999
8.672653061224489,0.16067121875734028,0.023673383004466877,123.04687499999999
8.684263038548753,0.16040539797532308,0.02366228599979977,123.04687499999999
8.695873015873016,0.15986011591543708,0.02365601643839658,123.04687499999999
8.70748299319728,0.15928013141120273,0.023841156831224966,123.04687499999999
8.719092970521542,0.1579422928524343,0.024094330250344995,123.04687499999999
8.730702947845804,0.15628838679121185,0.024428157207926713,123.04687499999999
8.742312925170069,0.15442051723900102,0.024743931515179025,123.04687499999999
8.753922902494331,0.1523580114593967,0.025199418082820887,123.04687499999999
8.765532879818593,0.15029719580016018,0.025610105006656277,123.04687499999999
8.777142857142858,0.1482711350631346,0.02593070280978189,123.04687499999999
8.78875283446712,0.14626958273740606,0.026344736533122103,123.04687499999999
8.800362811791382,0.14432568983844904,0.02678061805596648,123.04687499999999
8.811972789115647,0.14262180777592204,0.027099890634414727,123.04687499999999
8.823582766439909,0.14105108537425093,0.027331642483433782,123.04687499999999
8.835192743764173,0.13978157965641513,0.027619879216961612,123.04687499999999
8.846802721088435,0.13870086138324117,0.027713129470510488,123.04687499999999
8.858412698412698,0.13782528157383195,0.02780834177453895,123.04687499999999
8.870022675736962,0.13701413874879534,0.027897248421909524,123.04687499999999
8.881632653061224,0.1362349686862711,0.028073992729519166,123.04687499999999
8.893242630385487,0.13545288193746405,0.02814059601414109,123.04687499999999
8.904852607709751,0.13458823251714616,0.02836916719129158,123.04687499999999
8.916462585034013,0.13348496917112115,0.02855027317146973,123.04687499999999
8.928072562358278,0.13219177094780413,0.028852081250035338,123.04687499999999
8.93968253968254,0.13069099404011245,0.02892819453336823,123.04687499999999
8.951292517006802,0.12944442323067826,0.029191363350147333,123.04687499999999
8.962902494331066,0.12855672519992317,0.029365496548819134,123.04687499999999
8.974512471655329,0.12836902021529975,0.029477068098126103,123.04687499999999
8.986122448979591,0.1292932078531677,0.029562895783316293,123.04687499999999
8.997732426303855,0.1309945568175978,0.029562134150489236,123.04687499999999
9.009342403628118,0.1331439434471194,0.029368508190844304,123.04687499999999
9.02095238095238,0.13658575362674857,0.029110167978385885,123.04687499999999
9.032562358276644,0.14027840465757457,0.028741890930285428,123.04687499999999
9.044172335600907,0.14399064700727224,0.028391352829268936,123.04687499999999
9.05578231292517,0.14769731170986156,0.02798704166777823,123.04687499999999
9.067392290249433,0.15084786933568964,0.027596190169785578,123.04687499999999
9.079002267573696,0.1534292295734801,0.027409336027660776,123.04687499999999
9.09061224489796,0.15557597273479706,0.027169642635512123,123.04687499999999
9.102222222222222,0.15728924708525266,0.0270756290669707,123.04687499999999
9.113832199546485,0.15871567369043604,0.027011065391092846,123.04687499999999
9.125442176870749,0.16013309367833167,0.02699942679403465,123.04687499999999
9.137052154195011,0.16151284788860718,0.02684419472333524,123.04687499999999
9.148662131519274,0.1633666604539935,0.02676986360475965,123.04687499999999
9.160272108843538,0.16495632694756449,0.026563062778321617,123.04687499999999
9.1718820861678,0.16662009843046074,0.026530170183779213,123.04687499999999
9.183492063492064,0.1682667196480772,0.026363833395518253,123.04687499999999
9.195102040816327,0.17003023863651479,0.026263589591058796,123.04687499999999
9.206712018140589,0.17192489772108088,0.026019620625400013,123.04687499999999
9.218321995464853,0.17388032741998571,0.025666103266709768,123.04687499999999
9.229931972789116,0.17598021617983958,0.02527625391491345,123.04687499999999
9.241541950113378,0.17784990371514686,0.02507124366566476,123.04687499999999
9.253151927437642,0.17917436749930435,0.024901570901665296,123.04687499999999
9.264761904761905,0.18066280544543453,0.02471530598484984,123.04687499999999
9.276371882086167,0.18163195578276684,0.02452371511638617,123.04687499999999
9.287981859410431,0.18151655113208334,0.02433395192423908,123.04687499999999
9.299591836734693,0.1809872802346664,0.024286974730765937,123.04687499999999
9.311201814058958,0.17975430535654974,0.024430360517941615,123.04687499999999
9.32281179138322,0.17763459287586134,0.024625707766280112,123.04687499999999
9.334421768707482,0.17551129107596897,0.02485107708546658,123.04687499999999
9.346031746031747,0.17337053122396792,0.02514450829300276,123.04687499999999
9.357641723356009,0.17134254796461168,0.025406672102970016,123.04687499999999
9.369251700680271,0.16954531861332306,0.025694788134848517,123.04687499999999
9.380861678004536,0.16812937341996223,0.025885531034740897,123.04687499999999
9.392471655328798,0.16720397795827308,0.026102833910306378,123.04687499999999
9.404081632653062,0.16648764263934898,0.026040860284225417,123.04687499999999
9.415691609977324,0.16628967490066368,0.02610231727010225,123.04687499999999
9.427301587301587,0.16645423256648934,0.02608388879664689,123.04687499999999
9.438911564625851,0.1669019882671922,0.02616539422882686,123.04687499999999
9.450521541950113,0.16693465990155695,0.026200495165051983,123.04687499999999
9.462131519274376,0.16691943465755368,0.026402110824317076,123.04687499999999
9.47374149659864,0.16643653711452616,0.026516006782299945,123.04687499999999
9.485351473922902,0.16556827671747368,0.02677274651417864,123.04687499999999
9.496961451247165,0.16439011663278405,0.026830563973757618,123.04687499999999
9.508571428571429,0.16316626415644558,0.026948440327592846,123.04687499999999
9.520181405895691,0.16174154099934113,0.02723043707563526,123.04687499999999
9.531791383219955,0.15988258685289497,0.027509389184876297,123.04687499999999
9.543401360544218,0.15802926907878437,0.027855124551454818,123.04687499999999
9.55501133786848,0.1560729401758692,0.028053442026235033,123.04687499999999
9.566621315192744,0.15361086586813819,0.028351685686919936,123.04687499999999
9.578231292517007,0.15095175218010035,0.028693700065532127,123.04687499999999
9.58984126984127,0.14878790748294743,0.02897641028092076,123.04687499999999
9.601451247165533,0.14679387032033286,0.02909281988355634,123.04687499999999
9.613061224489796,0.14542181744463628,0.029216475576429046,123.04687499999999
9.624671201814058,0.14427904160001753,0.029160940097062816,123.04687499999999
9.636281179138322,0.14306908367902416,0.02917684183854675,123.04687499999999
9.647891156462585,0.14180688154688814,0.029196070900142482,123.04687499999999
9.659501133786849,0.14044346752695025,0.029366885501660295,123.04687499999999
9.671111111111111,0.13939686111392519,0.029500496246392924,123.04687499999999
9.682721088435374,0.1384267007859837,0.029606141207608454,123.04687499999999
9.694331065759638,0.1373473502691646,0.029638553998557395,123.04687499999999
9.7059410430839,0.13627164238239398,0.029871839388445846,123.04687499999999
9.717551020408163,0.13481945581054014,0.030004788403535477,123.04687499999999
9.729160997732427,0.133004596812862,0.030117544644811846,123.04687499999999
9.740770975056689,0.13099181922243336,0.03018786393104092,123.04687499999999
9.752380952380953,0.12902237127036456,0.030236188806144156,123.04687499999999
9.763990929705216,0.12729404493615035,0.030283498866758532,123.04687499999999
9.775600907029478,0.12586511730267502,0.03032542500945475,123.04687499999999
9.787210884353742,0.12457570581528309,0.030270707514152347,123.04687499999999
9.798820861678005,0.12370700018938066,0.03025761763262006,123.04687499999999
9.810430839002267,0.12261196712147003,0.030084289329729647,123.04687499999999
9.822040816326531,0.12158932143411269,0.02988271370650723,123.04687499999999
9.833650793650794,0.12080187861139484,0.029632037641152003,123.04687499999999
9.845260770975056,0.11992846996942705,0.029413955787703776,123.04687499999999
9.85687074829932,0.11987939525458778,0.02917464750738662,123.04687499999999
9.868480725623582,0.12009065072127069,0.028610462581769306,123.04687499999999
9.880090702947847,0.1205422839529307,0.028037443889148937,123.04687499999999
9.891700680272109,0.12099955938779984,0.027788517949515694,123.04687499999999
9.903310657596371,0.12151459795569274,0.027485539655664745,123.04687499999999
9.914920634920636,0.12198436312185554,0.027037374143393123,123.04687499999999
9.926530612244898,0.12255895240202769,0.0266358498285402,123.04687499999999
9.93814058956916,0.12332869477489061,0.026321744009022603,123.04687499999999
9.949750566893425,0.12395012887723343,0.02598124080280196,123.04687499999999
9.961360544217687,0.12444078314813921,0.025444996104882912,123.04687499999999
9.97297052154195,0.12481032351010576,0.02495325686283103,123.04687499999999
9.984580498866213,0.12531200021460787,0.024494193737845383,123.04687499999999
9.996190476190476,0.1256566160907955,0.02405758693131408,123.04687499999999
10.00780045351474,0.12602424184375993,0.023515279181404506,123.04687499999999
10.019410430839002,0.12648277466487606,0.023098571082800987,123.04687499999999
10.031020408163265,0.12663722451128176,0.022708558017907172,123.04687499999999
10.042630385487529,0.12647175639618946,0.02226069927611387,123.04687499999999
10.054240362811791,0.12627824802635043,0.021912934638758527,123.04687499999999
10.065850340136054,0.12574813373471347,0.021749932798673603,123.04687499999999
10.077460317460318,0.12487564095639497,0.021728416492726638,123.04687499999999
10.08907029478458,0.1242347633894759,0.021793048761432517,123.04687499999999
10.100680272108843,0.1232841766795397,0.02190025511352098,123.04687499999999
10.112290249433107,0.12252637676883212,0.0220882963288661,123.04687499999999
10.12390022675737,0.12185045169479368,0.022174818863191326,123.04687499999999
10.135510204081633,0.12137052206643864,0.02231100109711246,123.04687499999999
10.147120181405896,0.12169484983435712,0.022291419926688677,123.04687499999999
10.158730158730158,0.12207949590741779,0.022259900414272914,123.04687499999999
10.170340136054422,0.12267305926683979,0.022486230557855178,123.04687499999999
10.181950113378685,0.12324876890772887,0.022800504734046767,123.04687499999999
10.193560090702947,0.12363467070107265,0.02295675096928483,123.04687499999999
10.205170068027211,0.12371986184711307,0.02314655492519875,123.04687499999999
10.216780045351474,0.12366856057153298,0.023381383974868122,123.04687499999999
10.228390022675738,0.1235429997884767,0.023713253312578713,123.04687499999999
10.24,0.12321924969353755,0.023988195555180516,123.04687499999999
10.251609977324263,0.12302515240546293,0.024190555794784532,123.04687499999999
10.263219954648527,0.12285447107286354,0.02443024045155866,123.04687499999999
10.27482993197279,0.12254636812728319,0.024696827446060866,123.04687499999999
10.286439909297052,0.12205176343949996,0.024978697541397563,123.04687499999999
10.298049886621316,0.12156103586618294,0.02536939405628203,123.04687499999999
10.309659863945578,0.1210370314971176,0.02582108226144538,123.04687499999999
10.32126984126984,0.12070268378937445,0.026206165651858373,123.04687499999999
10.332879818594105,0.12067308460891633,0.026562671348310727,123.04687499999999
10.344489795918367,0.12088547542999123,0.026787488573514665,123.04687499999999
10.356099773242631,0.12131733033833281,0.026997381411269433,123.04687499999999
10.367709750566894,0.12209338879679896,0.02708593596249026,123.04687499999999
10.379319727891156,0.12331629667161101,0.027037955633908397,123.04687499999999
10.39092970521542,0.12464298201861763,0.02682253453839266,123.04687499999999
10.402539682539683,0.12637463465798643,0.026678161107507172,123.04687499999999
10.414149659863945,0.12828409958014622,0.02652905447478367,123.04687499999999
10.425759637188209,0.13015460489547867,0.026470336050940603,123.04687499999999
10.437369614512471,0.13212923816015937,0.026374359161843365,123.04687499999999
10.448979591836734,0.1345268421642399,0.026113761799421282,123.04687499999999
10.460589569160998,0.13695647557360507,0.025892112245924394,123.04687499999999
10.47219954648526,0.14105103456235227,0.025479762597504896,123.04687499999999
10.483809523809525,0.146074143098926,0.024972762303069974,123.04687499999999
10.495419501133787,0.15142535864250573,0.024432101620652676,123.04687499999999
10.50702947845805,0.15811010414573984,0.023914821494267345,123.04687499999999
10.518639455782314,0.16459016016247796,0.023409184382008733,123.04687499999999
10.530249433106576,0.17082001547464443,0.022864175156228777,123.04687499999999
10.541859410430838,0.17747332174030242,0.022268633959289987,123.04687499999999
10.553469387755102,0.18325535054830067,0.021736886825123366,123.04687499999999
10.565079365079365,0.18864770582070506,0.021155394886630107,123.04687499999999
10.576689342403627,0.19411930974594935,0.020658535656989625,123.04687499999999
10.588299319727891,0.1986997620972917,0.020235869502861423,123.04687499999999
10.599909297052154,0.20371874737323425,0.019649653668252443,123.04687499999999
10.611519274376418,0.20903200976042263,0.01895050615901083,123.04687499999999
10.62312925170068,0.21455232022248627,0.018200215114927937,123.04687499999999
10.634739229024943,0.22091213279641836,0.017467644833194806,123.04687499999999
10.646349206349207,0.22768681577681943,0.01682933092659685,123.04687499999999
10.65795918367347,0.2343982092054781,0.01621149031847491,123.04687499999999
10.669569160997732,0.24137968578476998,0.015512969152036135,123.04687499999999
10.681179138321996,0.2481735348467595,0.014801917529130404,123.04687499999999
10.692789115646258,0.254235125306951,0.014253128273921648,123.04687499999999
10.704399092970522,0.26015576897456744,0.013648145580439553,123.04687499999999
10.716009070294785,0.2651543632689705,0.013095755139488165,123.04687499999999
10.727619047619047,0.26984487544234187,0.012519834438894758,123.04687499999999
10.739229024943311,0.274568196692099,0.011913962030721025,123.04687499999999
10.750839002267574,0.2782896318305493,0.01154840952444322,123.04687499999999
10.762448979591836,0.281507341961893,0.011306438354910853,123.04687499999999
10.7740589569161,0.28301756821677654,0.011244895077429304,123.04687499999999
10.785668934240363,0.28294079060487853,0.011294407978820338,123.04687499999999
10.797278911564625,0.28198448734809456,0.011387461912024846,123.04687499999999
10.80888888888889,0.2796980260425724,0.01158938397387136,123.04687499999999
10.820498866213152,0.276657024701187,0.011867508531803359,123.04687499999999
10.832108843537416,0.2740433539267053,0.012084191173349544,123.04687499999999
10.843718820861678,0.2708783698865598,0.012271740239743398,123.04687499999999
10.85532879818594,0.2681771485446764,0.012496759969099382,123.04687499999999
10.866938775510205,0.2661483218911002,0.012701139239360674,123.04687499999999
10.878548752834467,0.26396268721923,0.012817243441105236,123.04687499999999
10.89015873015873,0.2624748740095591,0.01288028050461461,123.04687499999999
10.901768707482994,0.26104752112845214,0.012943883814611213,123.04687499999999
10.913378684807256,0.25935976226446594,0.013046042588424081,123.04687499999999
10.924988662131518,0.2571048676427576,0.013150795240249038,123.04687499999999
10.936598639455783,0.2541209663807673,0.013272593517697764,123.04687499999999
10.948208616780045,0.2502773452856137,0.013600806184878808,123.04687499999999
10.95981859410431,0.24611154593245246,0.014030162838087343,123.04687499999999
10.971428571428572,0.2414825019957993,0.014418499971585405,123.04687499999999
10.983038548752834,0.2365199170944174,0.014914480864581213,123.04687499999999
10.994648526077098,0.23187943964757768,0.01532853994465351,123.04687499999999
11.00625850340136,0.22722661990724874,0.01589179970767051,123.04687499999999
11.017868480725623,0.22300615194899193,0.016420130010843883,123.04687499999999
11.029478458049887,0.2192844548377198,0.016852569670781904,123.04687499999999
11.04108843537415,0.21562305437405918,0.01731509247848829,123.04687499999999
11.052698412698414,0.2119869682317281,0.01774370201139123,123.04687499999999
11.064308390022676,0.2083164141294663,0.017944907714236916,123.04687499999999
11.075918367346938,0.20469178232187038,0.01822088802560594,123.04687499999999
11.087528344671203,0.20194307767715497,0.018444529926080703,123.04687499999999
11.099138321995465,0.1997669614899782,0.018532882546521485,123.04687499999999
11.110748299319727,0.19849300306715167,0.018537236559526406,123.04687499999999
11.122358276643991,0.1982425203981914,0.018501007907880652,123.04687499999999
11.133968253968254,0.19770888300941517,0.01841593839417041,123.04687499999999
11.145578231292516,0.1976379187785161,0.01833251179593355,123.04687499999999
11.15718820861678,0.19799910807998616,0.01821046950708243,123.04687499999999
11.168798185941043,0.19812487585905597,0.018130690852398466,123.04687499999999
11.180408163265307,0.19838867207845418,0.017939586909608927,123.04687499999999
11.19201814058957,0.1986044885377807,0.017813398627738498,123.04687499999999
11.203628117913832,0.19805409821611272,0.0177839460146804,123.04687499999999
11.215238095238096,0.19725990240876118,0.017819875109456228,123.04687499999999
11.226848072562358,0.1960085556973414,0.017953750718955178,123.04687499999999
11.23845804988662,0.19492238888926067,0.018153999622726395,123.04687499999999
11.250068027210885,0.19403573999926624,0.018164985320635055,123.04687499999999
11.261678004535147,0.19333044127463145,0.018062993556163667,123.04687499999999
11.27328798185941,0.19327008423582884,0.018015690991488805,123.04687499999999
11.284897959183674,0.1937724423195625,0.01786723267932601,123.04687499999999
11.296507936507936,0.19434769465336343,0.01775482507866596,123.04687499999999
11.3081179138322,0.19507832310949363,0.01750738135036597,123.04687499999999
11.319727891156463,0.19627131152228944,0.01732412969724639,123.04687499999999
11.331337868480725,0.19712519340148643,0.017153372268471984,123.04687499999999
11.34294784580499,0.19779563224818505,0.017019800494740164,123.04687499999999
11.354557823129252,0.19816972652244866,0.01685489807164106,123.04687499999999
11.366167800453514,0.19861286208878967,0.016897760264423755,123.04687499999999
11.377777777777778,0.19881181816055354,0.016906872921877272,123.04687499999999
11.38938775510204,0.19892634234932044,0.016908893868855225,123.04687499999999
11.400997732426303,0.19927726348234598,0.016916334572201142,123.04687499999999
11.412607709750567,0.19895269206720842,0.017114385210565363,123.04687499999999
11.42421768707483,0.19861339936214464,0.017207032824192257,123.04687499999999
11.435827664399094,0.19840678318840826,0.017364014750558644,123.04687499999999
11.447437641723356,0.19792678567202468,0.017599998926630004,123.04687499999999
11.459047619047618,0.19704744078422096,0.01789687821865889,123.04687499999999
11.470657596371883,0.19549324391137035,0.018185807497774504,123.04687499999999
11.482267573696145,0.19331746424889965,0.018587148313426154,123.04687499999999
11.493877551020407,0.19071412245054437,0.01890698891178022,123.04687499999999
11.505487528344672,0.1881565446802853,0.01933953874411516,123.04687499999999
11.517097505668934,0.18564010997077868,0.019759645542301654,123.04687499999999
11.528707482993198,0.18364678667369158,0.020129953380747207,123.04687499999999
11.54031746031746,0.18153433946153352,0.02033354828317375,123.04687499999999
11.551927437641723,0.17966425875874786,0.02067369550658612,123.04687499999999
11.563537414965987,0.17781977142624353,0.020934495573047402,123.04687499999999
11.57514739229025,0.17576674789661795,0.02116383177258721,123.04687499999999
11.586757369614512,0.17327782491481353,0.02144682863819188,123.04687499999999
11.598367346938776,0.170667264078426,0.021729062808212896,123.04687499999999
11.609977324263038,0.16791239161889374,0.022153601017939794,123.04687499999999
11.6215873015873,0.16469085560147348,0.0225768680140182,123.04687499999999
11.633197278911565,0.16143756589579264,0.02302879151727917,123.04687499999999
11.644807256235827,0.1583535114660534,0.023484801653471193,123.04687499999999
11.656417233560092,0.15547087540270949,0.023935206697568316,123.04687499999999
11.668027210884354,0.15307482032855693,0.02416549422682106,123.04687499999999
11.679637188208616,0.15216485877284847,0.024368990592647976,123.04687499999999
11.69124716553288,0.15178543299764144,0.024413610444248526,123.04687499999999
11.702857142857143,0.15173738743199608,0.02446136877644784,123.04687499999999
11.714467120181405,0.15222994714910265,0.02442359964332485,123.04687499999999
11.72607709750567,0.1520663753174097,0.024471432854943676,123.04687499999999
11.737687074829932,0.15166388510510853,0.02454690480506284,123.04687499999999
11.749297052154194,0.15139883691384598,0.024703529901815794,123.04687499999999
11.760907029478458,0.15096671170286302,0.02476488394485547,123.04687499999999
11.77251700680272,0.1516062852365461,0.024852040216204577,123.04687499999999
11.784126984126985,0.15300458703931524,0.02490906492173412,123.04687499999999
11.795736961451247,0.1551974769839324,0.024930164834942304,123.04687499999999
11.80734693877551,0.15794935945477057,0.024710153548208578,123.04687499999999
11.818956916099774,0.1608180105842283,0.02451749183922215,123.04687499999999
11.830566893424036,0.1638849489009475,0.024195113334482425,123.04687499999999
11.842176870748299,0.16715123104252624,0.023963395373966846,123.04687499999999
11.853786848072563,0.1702747384126501,0.023640055174111267,123.04687499999999
11.865396825396825,0.17359496113310385,0.02342216370600198,123.04687499999999
11.877006802721088,0.17662533737328093,0.023277139202049973,123.04687499999999
11.888616780045352,0.17934069233632774,0.023084711890013782,123.04687499999999
11.900226757369614,0.18212157965500578,0.0227914423587826,123.04687499999999
11.911836734693878,0.18429517940372464,0.02246848522136189,123.04687499999999
11.92344671201814,0.18655367792182098,0.022156381232211864,123.04687499999999
11.935056689342403,0.18880914147019823,0.021893368188436194,123.04687499999999
11.946666666666667,0.19061400593400113,0.02152969481656908,123.04687499999999
11.95827664399093,0.1927683983685253,0.021206364397578736,123.04687499999999
11.969886621315192,0.19408080723796475,0.021159178502747376,123.04687499999999
11.981496598639456,0.19368937611046552,0.02117699269483435,123.04687499999999
11.993106575963719,0.19274293286097266,0.021304827463972362,123.04687499999999
12.004716553287983,0.19093724957591726,0.021514216230532335,123.04687499999999
12.016326530612245,0.18851094601187998,0.02166102361767176,123.04687499999999
12.027936507936507,0.1866434496355808,0.021875033747421068,123.04687499999999
12.039546485260772,0.18458720371529833,0.022134371788737513,123.04687499999999
12.051156462585034,0.1820648244301363,0.022388792714489764,123.04687499999999
12.062766439909296,0.17976260435567462,0.022706356221826898,123.04687499999999
12.07437641723356,0.1767968196180211,0.022971640048001053,123.04687499999999
12.085986394557823,0.17360409353066542,0.023131626429901412,123.04687499999999
12.097596371882085,0.1701927109320394,0.023298057644949605,123.04687499999999
12.10920634920635,0.1661245453927323,0.02376077344634568,123.04687499999999
12.120816326530612,0.1621264732017001,0.02426545637790252,123.04687499999999
12.132426303854876,0.15807664034554472,0.024908369086076135,123.04687499999999
12.144036281179138,0.15371228433546263,0.02552372872339022,123.04687499999999
12.1556462585034,0.14981110335487996,0.02608867846025996,123.04687499999999
12.167256235827665,0.14587561059848148,0.026542030370264567,123.04687499999999
12.178866213151927,0.14165104270308806,0.02705316040536074,123.04687499999999
12.19047619047619,0.13801828765555774,0.027680512119278307,123.04687499999999
12.202086167800454,0.1344356227278585,0.02844463121773468,123.04687499999999
12.213696145124716,0.1310744441593446,0.02911763807529555,123.04687499999999
12.225306122448979,0.1282491122559724,0.02980045149180673,123.04687499999999
12.236916099773243,0.12556824003828573,0.030355673442579483,123.04687499999999
12.248526077097505,0.12308935615489076,0.03094561072621692,123.04687499999999
12.26013605442177,0.12048976860616478,0.031531370707911226,123.04687499999999
12.271746031746032,0.11795374028708615,0.03185745605990421,123.04687499999999
12.283356009070294,0.11563611754346674,0.032176316464190356,123.04687499999999
12.294965986394558,0.11310157547242469,0.03261192302147643,123.04687499999999
12.30657596371882,0.11054870738208655,0.032994549192764434,123.04687499999999
12.318185941043083,0.10794907526882651,0.033493410464316774,123.04687499999999
12.329795918367347,0.10542924074350853,0.03393877558973898,123.04687499999999
12.34140589569161,0.10323035957624703,0.03430187840942063,123.04687499999999
12.353015873015874,0.10164994792858363,0.034548694369948924,123.04687499999999
12.364625850340136,0.10065525753181456,0.034599981342636636,123.04687499999999
12.376235827664399,0.09971564223533054,0.03461505746001035,123.04687499999999
12.387845804988663,0.09908040187372892,0.034817271517227355,123.04687499999999
12.399455782312925,0.09840650906739247,0.035069936799822454,123.04687499999999
12.411065759637188,0.0980714070944975,0.03520830557752056,123.04687499999999
12.422675736961452,0.09818794918202782,0.03519864835676607,123.04687499999999
12.434285714285714,0.0985887846756939,0.03493755529349208,123.04687499999999
12.445895691609977,0.09910179743149487,0.034807014665148635,123.04687499999999
12.45750566893424,0.0994799150085562,0.03474273674819602,123.04687499999999
12.469115646258503,0.09978047613560027,0.03475087690277468,123.04687499999999
12.480725623582767,0.1002068062911871,0.03458152690711735,123.04687499999999
12.49233560090703,0.10079652377296583,0.03441966545102161,123.04687499999999
12.503945578231292,0.10151594653947164,0.03414649183137715,123.04687499999999
12.515555555555556,0.10260895775195464,0.03387054184495899,123.04687499999999
12.527165532879819,0.10333136842469967,0.0335080705021616,123.04687499999999
12.538775510204081,0.10416120107389713,0.03332672801891826,123.04687499999999
12.550385487528345,0.10501725495351746,0.03307856916300141,123.04687499999999
12.561995464852608,0.1055447957474332,0.03280788133159234,123.04687499999999
12.57360544217687,0.10619712535838707,0.03264445482086494,123.04687499999999
12.585215419501134,0.10710521353769974,0.032479063300028206,123.04687499999999
12.596825396825396,0.10831359212492409,0.032069014936984414,123.04687499999999
12.60843537414966,0.11000411940440681,0.03157043576104037,123.04687499999999
12.620045351473923,0.11216544141573721,0.03099353949294844,123.04687499999999
12.631655328798185,0.11425883833079739,0.03040146836461122,123.04687499999999
12.64326530612245,0.11620942215723314,0.029843812316199078,123.04687499999999
12.654875283446712,0.11800470857813344,0.029276108706095434,123.04687499999999
12.666485260770974,0.11959318057559429,0.028861255426447376,123.04687499999999
12.678095238095239,0.12128882236422354,0.028547901321635923,123.04687499999999
12.689705215419501,0.12280088034640568,0.028136506881507997,123.04687499999999
12.701315192743763,0.12447550058616257,0.02775283452148523,123.04687499999999
12.712925170068027,0.1259386017204507,0.027332792013897694,123.04687499999999
12.72453514739229,0.12705790121840319,0.027013895072344217,123.04687499999999
12.736145124716554,0.12797892185891357,0.026825515892097626,123.04687499999999
12.747755102040816,0.12885916345178186,0.026540656854401466,123.04687499999999
12.759365079365079,0.12973060209144807,0.026228803393730498,123.04687499999999
12.770975056689343,0.13061506690278102,0.025981072472299405,123.04687499999999
12.782585034013605,0.13166138510405287,0.025769865112516596,123.04687499999999
12.794195011337868,0.13248190355737915,0.025440902885360363,123.04687499999999
12.805804988662132,0.1334565228376759,0.025117933077454174,123.04687499999999
12.817414965986394,0.13440857038969933,0.02477878231697226,123.04687499999999
12.829024943310658,0.1353691526747383,0.02450901267460926,123.04687499999999
12.84063492063492,0.13622926734134383,0.024149003925120455,123.04687499999999
12.852244897959183,0.13695802908493376,0.02384552324212956,123.04687499999999
12.863854875283447,0.13751055267336462,0.023541085216085975,123.04687499999999
12.87546485260771,0.1380241347723255,0.023357657668545036,123.04687499999999
12.887074829931972,0.13813966770222863,0.02329227070703786,123.04687499999999
12.898684807256236,0.13751960510465938,0.02338723056561316,123.04687499999999
12.910294784580499,0.13723861072351956,0.023666877307749676,123.04687499999999
12.921904761904761,0.136996890191646,0.023866375382871334,123.04687499999999
12.933514739229025,0.13726746313566332,0.023963211277768466,123.04687499999999
12.945124716553288,0.13826850585275022,0.024101746600853905,123.04687499999999
12.956734693877552,0.13908779357525178,0.02421996301497616,123.04687499999999
12.968344671201814,0.14011675035032062,0.02438051420004481,123.04687499999999
12.979954648526077,0.14101709096455642,0.02459171260381355,123.04687499999999
12.99156462585034,0.14190696557713559,0.02476637617138083,123.04687499999999
13.003174603174603,0.14319429794159105,0.024855278809129067,123.04687499999999
13.014784580498866,0.14481328831508708,0.02479948835977743,123.04687499999999
13.02639455782313,0.1464807736479882,0.02466257383460269,123.04687499999999
13.038004535147392,0.1482091628723393,0.024584061159905555,123.04687499999999
13.049614512471654,0.15005242946980224,0.02456564447374478,123.04687499999999
13.061224489795919,0.1517808620092145,0.02451796697445185,123.04687499999999
13.072834467120181,0.15378177085639,0.02440830229510081,123.04687499999999
13.084444444444445,0.15594504621038302,0.024333369716149304,123.04687499999999
13.096054421768708,0.15830488739444676,0.024294042375375018,123.04687499999999
13.10766439909297,0.16061343979765955,0.024210887191329692,123.04687499999999
13.119274376417234,0.16264597863527674,0.024120684350219614,123.04687499999999
13.130884353741497,0.1646570890123411,0.023984190142683083,123.04687499999999
13.142494331065759,0.1662625313509815,0.0239418342109077,123.04687499999999
13.154104308390023,0.16750800803863003,0.02387790710822542,123.04687499999999
13.165714285714285,0.1690355848909513,0.02395019210127743,123.04687499999999
13.177324263038548,0.17042572472012563,0.023918457925488218,123.04687499999999
13.188934240362812,0.17174450215303086,0.02373144773979633,123.04687499999999
13.200544217687074,0.17331417999534213,0.02356220548718536,123.04687499999999
13.212154195011339,0.1740346310780599,0.023347625838838537,123.04687499999999
13.223764172335601,0.17405272844381192,0.023228198055166474,123.04687499999999
13.235374149659863,0.1737413398009468,0.023188231417550102,123.04687499999999
13.246984126984128,0.17315622329494507,0.023109238301540522,123.04687499999999
13.25859410430839,0.17278461213986152,0.023065881030353556,123.04687499999999
13.270204081632652,0.1721457782941462,0.022947592818426846,123.04687499999999
13.281814058956916,0.17167527052457884,0.022820383328235605,123.04687499999999
13.293424036281179,0.1711726933665934,0.02267641214936878,123.04687499999999
13.305034013605443,0.17037116398619206,0.022500245511845072,122.54340988134206
13.316643990929705,0.16956652008629575,0.022436446003996472,122.03994476268412
13.328253968253968,0.16859768378315693,0.02246290728657278,121.53647964402617
13.339863945578232,0.16723499862242155,0.02248761458491104,121.03301452536823
13.351473922902494,0.16557703635561455,0.02251977905897617,120.52954940671029
13.363083900226757,0.16379716593158308,0.02264102142995666,120.02608428805235
13.374693877551021,0.16156011544911528,0.022684935544064627,119.5226191693944
13.386303854875283,0.15907893711695084,0.022778702985159674,119.01915405073646
13.397913832199546,0.15628134601131594,0.02282041963274549,118.51568893207852
13.40952380952381,0.1532643199727824,0.023007496498840756,118.01222381342058
13.421133786848072,0.15019334002766271,0.023293371143738823,117.50875869476263
13.432743764172336,0.1471699724975767,0.023670302735851443,117.00529357610469
13.444353741496599,0.14449723247438032,0.023964561998045537,116.50182845744675
13.455963718820861,0.14236056173075065,0.024419063873830388,115.9983633387888
13.467573696145125,0.1405517635097093,0.024620150995107958,115.49489822013086
13.479183673469388,0.13904530524865708,0.024878068852996996,114.99143310147295
13.49079365079365,0.13783529526629204,0.025039808371091214,114.48796798281501
13.502403628117914,0.13681244008397536,0.02515254331191837,113.98450286415707
13.514013605442177,0.13588463980340898,0.02528395688205147,113.48103774549912
13.525623582766439,0.13528350380511872,0.025511332435762753,112.97757262684118
13.537233560090703,0.13464936964354093,0.025621763222822336,112.47410750818324
13.548843537414966,0.13399994818080493,0.02577805537679577,111.97064238952532
13.56045351473923,0.13324933440534278,0.025832615674500976,111.46717727086738
13.572063492063492,0.13286699402630783,0.02591530917069029,110.96371215220944
13.583673469387755,0.1325405184144424,0.025966198181832774,110.4602470335515
13.595283446712019,0.1321138971316656,0.026091324555094813,109.95678191489355
13.606893424036281,0.13158396692903865,0.026224334711238573,109.95678191489355
13.618503401360543,0.13067005870487147,0.0264617303053725,109.95678191489355
13.630113378684808,0.12946505202856326,0.02676680821372029,109.95678191489355
13.64172335600907,0.12837425467384647,0.02719426643163618,109.95678191489355
13.653333333333334,0.12727424037390062,0.027557120492173577,109.95678191489355
13.664943310657597,0.12644410097910164,0.02801478471907301,109.95678191489355
13.676553287981859,0.12597478145827978,0.028462764728515447,109.95678191489355
13.688163265306123,0.12564379983057916,0.02863039891208698,109.95678191489355
13.699773242630386,0.12563736171312095,0.028855887875796515,109.78416530278227
13.711383219954648,0.12587267328190438,0.029084936836280127,109.61154869067099
13.722993197278912,0.12659185573311887,0.029170898512953992,109.4389320785597
13.734603174603174,0.12748567035030117,0.0289939147831279,109.26631546644842
13.746213151927437,0.1287707261750991,0.02880757037636527,109.09369885433713
13.757823129251701,0.12981720347592263,0.02845299401783241,108.92108224222585
13.769433106575963,0.13062233633622106,0.028290683660928847,108.74846563011457
13.781043083900228,0.13139437690627215,0.028082801323684705,108.57584901800328
13.79265306122449,0.13249304552388472,0.02803796448510632,108.403232405892
13.804263038548752,0.1339974721419714,0.027837464164260476,108.23061579378071
13.815873015873017,0.136128377401064,0.027639928131840047,108.05799918166943
13.827482993197279,0.13848115406524633,0.027378795634795127,107.88538256955813
13.839092970521541,0.14073858303452444,0.027371660904120836,107.71276595744683
13.850702947845805,0.14281112707955623,0.027328148910966122,107.54014934533555
13.862312925170068,0.14479308642044927,0.02736830056982252,107.36753273322425
13.87392290249433,0.14631111771616392,0.027335807767964425,107.19491612111295
13.885532879818594,0.14759769789792246,0.027323987187534586,107.02229950900167
13.897142857142857,0.1489984111834244,0.02732682922920087,106.84968289689037
13.908752834467121,0.15007703075858622,0.027418676265706363,106.67706628477907
13.920362811791383,0.1511709688717292,0.02741436789435264,106.50444967266779
13.931972789115646,0.1524937208779883,0.02736681134678838,106.33183306055649
13.94358276643991,0.15359557606803412,0.027242384257159486,106.15921644844519
13.955192743764172,0.15458907363465696,0.027165590129139522,105.98659983633391
13.966802721088435,0.1552646932125668,0.027047381537494752,105.81398322422261
13.978412698412699,0.15552614417129693,0.02699228035198562,105.64136661211131
13.990022675736961,0.15551265944306913,0.027188360130428108,105.46875000000003
14.001632653061224,0.1553669904758439,0.02732236751400294,105.46875000000003
14.013242630385488,0.15537605873379565,0.027484036651392957,105.46875000000003
14.02485260770975,0.15528314292968184,0.027655451687738784,105.46875000000003
14.036462585034014,0.1548785244485094,0.028072779968317807,105.46875000000003
14.048072562358277,0.15443659170809793,0.02836410239144016,105.46875000000003
14.05968253968254,0.1540492459405513,0.028622160004669966,105.46875000000003
14.071292517006803,0.15347928679052428,0.02873822729901774,105.46875000000003
14.082902494331066,0.15303221330203498,0.02902887690915526,105.46875000000003
14.094512471655328,0.15203874530627123,0.029096273804034047,105.46875000000003
14.106122448979592,0.15074842503557653,0.0294480704699952,105.46875000000003
14.117732426303855,0.15000650217724473,0.02965313021814727,105.46875000000003
14.129342403628119,0.14998169764086605,0.02965990810411041,105.46875000000003
14.140952380952381,0.15117993883781136,0.029335302964169824,105.46875000000003
14.152562358276644,0.1533442308462691,0.028925581048283872,105.46875000000003
14.164172335600908,0.15642139443286263,0.028415159599743733,105.46875000000003
14.17578231292517,0.16026728207189048,0.02799155456196358,105.46875000000003
14.187392290249432,0.16429660732903395,0.02750150740808014,105.46875000000003
14.199002267573697,0.1689778817326276,0.026970693561360313,105.46875000000003
14.210612244897959,0.17407858836831583,0.026360186978336506,105.46875000000003
14.222222222222221,0.1790461603326066,0.025736859546079932,105.46875000000003
14.233832199546486,0.18405390993157472,0.025005968124311658,105.46875000000003
14.245442176870748,0.189258877585477,0.02434010723192815,105.46875000000003
14.257052154195012,0.19417898540552045,0.0236533075665564,105.46875000000003
14.268662131519275,0.19955499798864143,0.022884237482271877,105.46875000000003
14.280272108843537,0.20552378134886307,0.02210539245262234,105.46875000000003
14.291882086167801,0.21180584547043946,0.021261094755584024,105.46875000000003
14.303492063492063,0.21855455524079204,0.0203686461789478,105.46875000000003
14.315102040816326,0.22523335366942487,0.019346359974765054,105.46875000000003
14.32671201814059,0.23182505925423535,0.0184046788105807,105.46875000000003
14.338321995464852,0.2385579494479664,0.017351353611077945,105.46875000000003
14.349931972789115,0.2445989577572619,0.01646047120884284,105.46875000000003
14.361541950113379,0.2505174664921515,0.015635318502238878,105.46875000000003
14.373151927437641,0.25662428620603,0.014913329562570073,105.46875000000003
14.384761904761906,0.26167634711258103,0.014008354085436839,105.46875000000003
14.396371882086168,0.2666683396085735,0.013311522868252722,105.46875000000003
14.40798185941043,0.2709381713264047,0.012537941541541553,105.46875000000003
14.419591836734694,0.2731031022320148,0.011950685292887392,105.46875000000003
14.431201814058957,0.27411982666721124,0.011522392012086035,105.46875000000003
14.44281179138322,0.27342480069242164,0.011365416544094701,105.46875000000003
14.454421768707483,0.2713813210534388,0.011251018605999277,105.46875000000003
14.466031746031746,0.26845730036457827,0.011320000060407105,105.46875000000003
14.477641723356008,0.26453825525318836,0.011492958063057985,105.46875000000003
14.489251700680272,0.26053829760752206,0.011694874970899414,105.46875000000003
14.500861678004535,0.25623086800009925,0.011772019245549019,105.46875000000003
14.512471655328799,0.2515685064515825,0.01195965479118367,105.46875000000003
14.524081632653061,0.24726905181330772,0.012166885071005508,105.46875000000003
14.535691609977324,0.2431818951186209,0.012399683614847811,105.46875000000003
14.547301587301588,0.23868839691960703,0.012592702987771603,105.46875000000003
14.55891156462585,0.23471547370298806,0.01283666887195477,105.46875000000003
14.570521541950113,0.2303994643815247,0.013084522112404042,105.46875000000003
14.582131519274377,0.22522229458462295,0.013454926713846363,105.46875000000003
14.59374149659864,0.22002848014248247,0.013812385919411424,105.46875000000003
14.605351473922903,0.21440699610978653,0.014220101626029819,105.46875000000003
14.616961451247166,0.20858629444899576,0.014635306739763996,105.46875000000003
14.628571428571428,0.20308642786282521,0.014934180359188374,105.46875000000003
14.640181405895692,0.1974760791327792,0.015177626632828114,105.46875000000003
14.651791383219955,0.19244400479503307,0.015434466624210764,105.46875000000003
14.663401360544217,0.18769306311342981,0.01568685401113914,105.46875000000003
14.675011337868481,0.18268780621293415,0.015981056590863848,105.46875000000003
14.686621315192744,0.1786605567467993,0.016385322070865255,105.46875000000003
14.698231292517006,0.17454775586993254,0.016799313428002813,105.46875000000003
14.70984126984127,0.17106044571748408,0.017200447995813856,105.46875000000003
14.721451247165533,0.16938378217301442,0.017414108204478158,105.46875000000003
14.733061224489797,0.16838766821010015,0.017334733482765943,105.46875000000003
14.744671201814059,0.16801912284506773,0.017235215565462925,105.46875000000003
14.756281179138321,0.16822735833570654,0.017223245962389222,105.46875000000003
14.767891156462586,0.16862225841651862,0.017122703756750103,105.46875000000003
14.779501133786848,0.16921284261601188,0.016858147215565233,105.46875000000003
14.79111111111111,0.17005273331395807,0.016443507484590572,105.46875000000003
14.802721088435375,0.1706163488899777,0.016217299220297122,105.46875000000003
14.814331065759637,0.17099084591101207,0.015944276300265535,105.46875000000003
14.8259410430839,0.17180621695240494,0.015628212997557865,105.46875000000003
14.837551020408164,0.17234716958862822,0.015262510188890136,105.46875000000003
14.849160997732426,0.17361847121553897,0.014855535928609737,105.46875000000003
14.86077097505669,0.17513023515509427,0.014318354618751337,105.46875000000003
14.872380952380952,0.17631332940833916,0.013751017770334453,105.55326021634617
14.883990929705215,0.17791235945196163,0.013183534801070288,105.63777043269232
14.895600907029479,0.17923925679287345,0.012716822709738153,105.72228064903847
14.907210884353741,0.18030689974844594,0.0122519031512978,105.80679086538461
14.918820861678004,0.18106664258954183,0.011795728944695313,105.89130108173076
14.930430839002268,0.18148954294196729,0.01155964192010014,105.9758112980769
14.94204081632653,0.1819892638048609,0.01141663057146015,106.06032151442305
14.953650793650795,0.18215978312247186,0.011262099226032772,106.1448317307692
14.965260770975057,0.18231176026197177,0.011104709344262267,106.22934194711534
14.97687074829932,0.18273528826629326,0.01083394480733283,106.31385216346149
14.988480725623583,0.18278639795602586,0.010572956034776487,106.39836237980765
15.000090702947846,0.18297253610160946,0.01029878996648048,106.4828725961538
15.011700680272108,0.18296295181134237,0.010016501062511415,106.56738281249994
15.023310657596372,0.18178252351681462,0.009882199663401084,106.6518930288461
15.034920634920635,0.17994198701767866,0.010043834379215338,106.73640324519226
15.046530612244897,0.17783914158840852,0.010283674465398905,106.82091346153841
15.058140589569161,0.1759013686078065,0.010468991793762827,106.90542367788456
15.069750566893424,0.17466945203325185,0.01052352945629109,106.98993389423072
15.081360544217688,0.1738282635494343,0.010497086099616703,107.07444411057688
15.09297052154195,0.17325553848285657,0.010566625071777684,107.15895432692302
15.104580498866213,0.17284237110797554,0.010541724151200927,107.24346454326917
15.116190476190477,0.17275639987434296,0.010430908628517721,107.32797475961533
15.12780045351474,0.17240643833651886,0.010415614671609584,107.41248497596149
15.139410430839002,0.17213406323606203,0.01047265885872322,107.49699519230764
15.151020408163266,0.1715926208064547,0.010563478350711152,107.58150540865378
15.162630385487528,0.17064230002600467,0.010806162958968558,107.66601562499994
15.17424036281179,0.1697693361963959,0.01109901817597846,107.66601562499994
15.185850340136055,0.16875749220241926,0.011350595946324543,107.66601562499994
15.197460317460317,0.16798360491139455,0.011563191069454335,107.66601562499994
15.209070294784581,0.16721287337247112,0.011750722258457866,107.66601562499994
15.220680272108844,0.16683553671598392,0.011934755712967917,107.66601562499994
15.232290249433106,0.16681896162473764,0.012052674369963072,107.66601562499994
15.24390022675737,0.16664566014742807,0.01217828990972618,107.66601562499994
15.255510204081633,0.16667169416515862,0.012327864730112196,107.66601562499994
15.267120181405895,0.16677999264686344,0.012510975268862006,107.66601562499994
15.27873015873016,0.16670006511373778,0.012626094121375915,107.66601562499994
15.290340136054422,0.16646488723855665,0.01272958985326516,107.66601562499994
15.301950113378684,0.1663386496576695,0.012739341262775046,108.04247022508736
15.313560090702948,0.1662009623234479,0.01285124169251765,108.41892482517477
15.32517006802721,0.16605260407401098,0.012957896403467268,108.79537942526218
15.336780045351475,0.16619293071152752,0.013020241850431795,109.1718340253496
15.348390022675737,0.16663078059093225,0.012922369902414195,109.54828862543701
15.36,0.16676011728114834,0.01268918492166854,109.92474322552442
15.371609977324264,0.1667852479299588,0.012690802471025994,110.30119782561184
15.383219954648526,0.16738991285626198,0.012888077119000526,110.67765242569925
15.394829931972788,0.16804777534154458,0.013041101781761818,111.05410702578666
15.406439909297053,0.16941414811335356,0.013193388664683897,111.43056162587408
15.418049886621315,0.1711199060512222,0.013359967135646746,111.80701622596149
15.429659863945579,0.17259943109053352,0.013449459518251394,112.1834708260489
15.441269841269841,0.17424376160779934,0.013570412144421463,112.55992542613632
15.452879818594104,0.1757523235647554,0.013652265890043168,112.93638002622373
15.464489795918368,0.17734165061818347,0.013664467548968056,113.31283462631114
15.47609977324263,0.1789999198388375,0.01360613366190342,113.68928922639856
15.487709750566893,0.1808525199990019,0.013609219826392464,114.06574382648597
15.499319727891157,0.18255961528938433,0.013631399364580044,114.44219842657338
15.51092970521542,0.18443720865633814,0.013582390358983376,114.8186530266608
15.522539682539682,0.1871939936424177,0.013549743756290268,115.19510762674821
15.534149659863946,0.18970261872969257,0.013440299679477206,115.57156222683562
15.545759637188208,0.19285973025746933,0.013317664546810378,115.94801682692304
15.557369614512472,0.19649838031822928,0.013116951906901353,116.32447142701045
15.568979591836735,0.19948618868203583,0.012941660967567745,116.70092602709786
15.580589569160997,0.2025798224041505,0.012784087882632184,117.07738062718528
15.592199546485261,0.2058579528809247,0.012583640711895187,117.45383522727269
15.603809523809524,0.20817096715192962,0.012508216754440844,117.45383522727269
15.615419501133786,0.21056071072187962,0.012340592561076474,117.45383522727269
15.62702947845805,0.21320740631507112,0.012119128774021765,117.45383522727269
15.638639455782313,0.21491561613529694,0.012012215171350999,117.45383522727269
15.650249433106575,0.21681532600589074,0.011889799207672122,117.45383522727269
15.66185941043084,0.21817949803939923,0.011865706605097068,117.45383522727269
15.673469387755102,0.21842610151143838,0.011802445265928854,117.45383522727269
15.685079365079366,0.21855060565689657,0.011686145986355445,117.45383522727269
15.696689342403628,0.21799522993828366,0.011691913380526733,117.45383522727269
15.70829931972789,0.21686150402601387,0.011669821908167073,117.45383522727269
15.719909297052155,0.21626750626650715,0.011715100207154109,117.45383522727269
15.731519274376417,0.21560064591024722,0.011757745671487355,117.45383522727269
15.74312925170068,0.2152491600154625,0.011706120076520938,117.45383522727269
15.754739229024944,0.2158342082169447,0.011587699471939706,117.45383522727269
15.766349206349206,0.21644819754314792,0.01149379829758056,117.45383522727269
15.777959183673469,0.2175700309721791,0.011376652094730549,117.45383522727269
15.789569160997733,0.2188524275021155,0.011159222343425415,117.45383522727269
15.801179138321995,0.2198466006170963,0.010975007852904884,117.45383522727269
15.81278911564626,0.2208898546942809,0.010859525382181224,117.45383522727269
15.824399092970522,0.2209688796914684,0.010715568074191488,117.45383522727269
15.836009070294784,0.22097799584588199,0.01057816611271658,117.45383522727269
15.847619047619048,0.2207023088092091,0.01042850148193765,117.45383522727269
15.85922902494331,0.22012369872518509,0.010361928169831216,117.45383522727269
15.870839002267573,0.21981121554404331,0.01025821663785484,117.45383522727269
15.882448979591837,0.21982322880966407,0.010257271894771613,117.45383522727269
15.8940589569161,0.22024914830515166,0.010248955743074646,117.45383522727269
15.905668934240364,0.22150295689471194,0.010236466774364641,117.45383522727269
15.917278911564626,0.22322577513581024,0.010192623746716676,117.45383522727269
15.928888888888888,0.2249157364040609,0.010193456242099627,117.45383522727269
15.940498866213153,0.22704410356716495,0.010018081661103163,117.45383522727269
15.952108843537415,0.22875798974285969,0.00994187988998094,117.45383522727269
15.963718820861677,0.23067995147665968,0.009937256422427392,117.35344733391605
15.975328798185942,0.23253593437650552,0.009870276100205064,117.25305944055941
15.986938775510204,0.23364630763992794,0.009787719175590138,117.15267154720277
15.998548752834466,0.2346119203029369,0.009715229373090654,117.05228365384613
16.01015873015873,0.23502686192936223,0.00973478014225948,116.95189576048949
16.021768707482995,0.23491910905083183,0.009742123521724596,116.85150786713285
16.033378684807257,0.23489188053699112,0.00980902262169601,116.75111997377621
16.04498866213152,0.23441002213894085,0.009906246472658035,116.65073208041957
16.056598639455782,0.23362188960717198,0.010052452580091051,116.55034418706293
16.068208616780044,0.23286196101110213,0.010102788701157949,116.4499562937063
16.07981859410431,0.2319534159411923,0.010232905694899512,116.34956840034965
16.091428571428573,0.23098351342116302,0.010316929211002893,116.24918050699301
16.103038548752835,0.23002212814152848,0.01047527963029639,116.14879261363637
16.114648526077097,0.22887908366023224,0.010667911360605603,116.04840472027972
16.12625850340136,0.22748557566856054,0.010975214964495519,115.94801682692307
16.137868480725622,0.22569692769727634,0.011368938901825536,115.84762893356643
16.149478458049888,0.2239012676839734,0.01185750467300042,115.74724104020979
16.16108843537415,0.22154335318715007,0.012207309679245914,115.64685314685315
16.172698412698413,0.21929316699588972,0.012648801035360667,115.5464652534965
16.184308390022675,0.21704041730269155,0.013074500318408643,115.44607736013987
16.195918367346938,0.21438879253883644,0.013441107237381424,115.34568946678323
16.207528344671204,0.2117933344981062,0.013743293895784879,115.24530157342657
16.219138321995466,0.2090127799557155,0.014048861731299378,115.14491368006992
16.23074829931973,0.20620111145519845,0.014345194726647482,115.04452578671328
16.24235827664399,0.20344289832157303,0.01471024908460371,114.94413789335664
16.253968253968253,0.20065674197559752,0.01505955566608672,114.84375
16.265578231292515,0.19750901357294792,0.015472053565317632,114.84375
16.27718820861678,0.19392969181828765,0.015928901415651196,114.84375
16.288798185941044,0.19032133356247363,0.016596374593872202,114.84375
16.300408163265306,0.1870925451877433,0.017123451765850835,114.84375
16.31201814058957,0.18433020587804988,0.017510954123126827,114.84375
16.32362811791383,0.18186187629239772,0.017936882392644578,114.84375
16.335238095238097,0.17931457751934848,0.018312238993726863,114.84375
16.34684807256236,0.17704756467629426,0.018706167635256045,114.84375
16.35845804988662,0.17437349271496674,0.019078048769868176,114.84375
16.370068027210884,0.17174214023272386,0.019563916158975105,114.84375
16.381678004535146,0.1690846850117399,0.020017688281704374,114.84375
16.39328798185941,0.16616911742366416,0.020614703157423177,114.84375
16.404897959183675,0.16340406425879173,0.021023517595817467,114.84375
16.416507936507937,0.16092960559198322,0.02149591158891781,114.84375
16.4281179138322,0.1588570644623882,0.02181927627279196,114.84375
16.439727891156462,0.15714185217943596,0.022128161864781472,114.84375
16.451337868480724,0.15562652391013507,0.02221392557501586,114.84375
16.46294784580499,0.15456748690753447,0.02254443513266879,114.84375
16.474557823129253,0.15354025648754804,0.02271443125564138,114.84375
16.486167800453515,0.15258309650883292,0.022964312095559644,114.84375
16.497777777777777,0.1517467418192462,0.023114189206509782,114.84375
16.50938775510204,0.15076960734996445,0.023245847896841917,114.84375
16.520997732426302,0.14979336375487365,0.023442793358926295,114.84375
16.532607709750568,0.14864323059721962,0.023666392537644833,114.84375
16.54421768707483,0.14736647585400142,0.02388697926028773,114.84375
16.555827664399093,0.14642156279234284,0.024138249366904584,114.84375
16.567437641723355,0.1456678674001726,0.024357707438378805,114.84375
16.579047619047618,0.14580111160869594,0.02454636739986774,114.84375
16.590657596371884,0.14704825259427196,0.024591422986573467,114.84375
16.602267573696146,0.14915229210316122,0.024609674200482136,114.84375
16.61387755102041,0.1516073976839346,0.02470518892894444,114.84375
16.62548752834467,0.15431020668940643,0.024811625765311693,114.84375
16.637097505668933,0.15735216512704733,0.024849970543174938,114.84375
16.648707482993196,0.15998117776300477,0.0248171345321661,114.84375
16.66031746031746,0.1631342268378324,0.024922468141472583,114.84375
16.671927437641724,0.16637061908825407,0.024908075260266446,114.84375
16.683537414965986,0.16940740928941295,0.024900788289770437,114.84375
16.69514739229025,0.17304711807022585,0.024720940500360365,114.84375
16.70675736961451,0.1764953438768007,0.024636091169185886,114.84375
16.718367346938777,0.1795394863931032,0.024439623448447526,114.84375
16.72997732426304,0.18271652576445765,0.024302406877299922,114.84375
16.741587301587302,0.18541672420451166,0.02413636965285561,114.84375
16.753197278911564,0.18802290563831972,0.024158410064134828,114.84375
16.764807256235827,0.19075987231794744,0.023940040398435385,114.84375
16.77641723356009,0.19346897616798286,0.02375678152755728,114.84375
16.788027210884355,0.19558327968040687,0.023438509618181606,114.84375
16.799637188208617,0.19731579799626275,0.023369849951647693,114.84375
16.81124716553288,0.19862046721395382,0.023352592033679172,114.84375
16.822857142857142,0.19954217423158752,0.023352902153814418,114.84375
16.834467120181404,0.20046413864064241,0.023302406345287522,114.84375
16.84607709750567,0.2016838432833823,0.02319676524398504,114.84375
16.857687074829933,0.20321831847568678,0.022986866890920585,114.84375
16.869297052154195,0.20486946153579538,0.022759972859042656,114.84375
16.880907029478458,0.20639454360718937,0.022480871302238876,114.84375
16.89251700680272,0.20698691038804642,0.02219710764176156,114.84375
16.904126984126986,0.20619239304966386,0.022039105208817605,114.84375
16.91573696145125,0.20471176181032866,0.021887205353885428,114.84375
16.92734693877551,0.20252702426001398,0.02171132294611584,114.84375
16.938956916099773,0.20014041894954432,0.021658003784123036,114.84375
16.950566893424035,0.19768116886710016,0.021669797562448356,114.84375
16.962176870748298,0.19446557242744364,0.021554345626190012,114.84375
16.973786848072564,0.191163952692783,0.02165417586659462,114.84375
16.985396825396826,0.18778325964798195,0.021582591440133924,114.84375
16.99700680272109,0.1839845604361774,0.021653787072010794,114.84375
17.00861678004535,0.1806459408929621,0.02163735904570342,114.84375
17.020226757369613,0.17763145836479974,0.021631875112943608,114.84375
17.03183673469388,0.17427535286458057,0.02160247306873514,114.84375
17.04344671201814,0.171341562130479,0.02164715568268791,114.84375
17.055056689342404,0.1679963649453296,0.021571342034720737,114.84375
17.066666666666666,0.16444258449957908,0.02163328569699219,114.84375
17.07827664399093,0.1611914630459028,0.021697018038539278,114.84375
17.08988662131519,0.15807531507126912,0.021845181873629466,114.84375
17.101496598639457,0.15539156844113344,0.02188480992802915,114.84375
17.11310657596372,0.15342360444640088,0.021976419619001247,114.84375
17.124716553287982,0.15135965927399442,0.021950908949720575,114.84375
17.136326530612244,0.14947053868638518,0.022043650400420306,114.84375
17.147936507936507,0.14775822101569422,0.022165077145192818,114.84375
17.159546485260773,0.14518310814249646,0.022290365971053435,114.84375
17.171156462585035,0.14263412882837176,0.02235205905862093,114.84375
17.182766439909297,0.14027551754215084,0.022537093671683755,114.84375
17.19437641723356,0.13777731180954364,0.022663186494396675,114.84375
17.205986394557822,0.1358761871191151,0.022728556132206836,114.84375
17.217596371882085,0.13406322773676407,0.022767631712296236,114.84375
17.22920634920635,0.13225464734050152,0.02279164888507135,114.84375
17.240816326530613,0.130548534135833,0.02275809889894904,114.84375
17.252426303854875,0.1290418222317783,0.022791790631192698,114.84375
17.264036281179138,0.1277923468142995,0.022900968802467548,114.84375
17.2756462585034,0.12661355616227696,0.022892085603206245,114.84375
17.287256235827666,0.12535475884384395,0.02315691461152988,114.84375
17.29886621315193,0.12400974497859536,0.023372997731701112,114.84375
17.31047619047619,0.12259278687918862,0.02360603939725862,114.84375
17.322086167800453,0.12094708360767634,0.023786466792610338,114.84375
17.333696145124716,0.11952258785464305,0.02405557329842575,114.84375
17.345306122448978,0.11819660845983537,0.02424402832353754,114.84375
17.356916099773244,0.11705764642305497,0.02451470529957437,114.84375
17.368526077097506,0.11588958624445682,0.02480505132255354,114.84375
17.38013605442177,0.11444303521195653,0.02523875790036063,114.84375
17.39174603174603,0.11274352713762636,0.025466783834798248,114.84375
17.403356009070293,0.11101984884266912,0.0258580839086546,114.84375
17.41496598639456,0.1090550297712725,0.026185663234774774,114.84375
17.426575963718822,0.10703161312718801,0.026678871214301566,114.84375
17.438185941043084,0.10503811698634721,0.026974688267561952,114.84375
17.449795918367347,0.10290894183075583,0.027433078465240495,114.84375
17.46140589569161,0.10103773139620632,0.027847554629116623,114.84375
17.47301587301587,0.09939034987431895,0.02811666571779275,114.84375
17.484625850340137,0.09776576894249445,0.028334406424504383,114.84375
17.4962358276644,0.0966777379208193,0.028638234828111096,114.84375
17.507845804988662,0.09591360818030638,0.0287490301098095,114.84375
17.519455782312924,0.09602315905036654,0.028943779737372527,114.84375
17.531065759637187,0.09672610460100471,0.029072451222069823,114.84375
17.542675736961453,0.09774283944847545,0.02917304763820928,114.84375
17.554285714285715,0.09912513591964921,0.029184014332747362,114.84375
17.565895691609978,0.10058240909575437,0.029216179922346368,114.84375
17.57750566893424,0.10220867390058208,0.029257422666791256,114.84375
17.589115646258502,0.10424386995060603,0.029167733109946244,114.84375
17.600725623582765,0.10674087785517533,0.028903062443514555,114.84375
17.61233560090703,0.10946265469253243,0.02868544752669415,114.84375
17.623945578231293,0.11257840908319676,0.02853286284258263,114.84375
17.635555555555555,0.1158256946550131,0.02841985430654522,114.84375
17.647165532879818,0.11917491056155949,0.02832683093012933,114.84375
17.65877551020408,0.12273845397220448,0.02817579077657517,114.84375
17.670385487528346,0.12653363300230658,0.027879412423476243,114.84375
17.68199546485261,0.13034666700041447,0.0274038441179005,114.84375
17.69360544217687,0.13422766316248919,0.02709496931211402,114.84375
17.705215419501133,0.13801364190700113,0.0266895946083222,114.84375
17.716825396825396,0.14148470807852676,0.02632921240084817,114.84375
17.728435374149658,0.14489563940918374,0.025873038944045173,114.84375
17.740045351473924,0.14816751377505488,0.02556864600601023,114.84375
17.751655328798186,0.15114377742558516,0.02513648486279671,114.84375
17.76326530612245,0.1540709249204244,0.024829382718875807,114.84375
17.77487528344671,0.15703920214830488,0.02456698726591684,114.84375
17.786485260770974,0.15993906427828564,0.024258491739335853,114.84375
17.79809523809524,0.16271191165522392,0.023913405834510224,114.84375
17.809705215419502,0.16568870050087095,0.023873164455157723,114.84375
17.821315192743764,0.16889930487972693,0.023745729450447037,114.84375
17.832925170068027,0.17248717511160477,0.02367414283936242,114.84375
17.84453514739229,0.17622447064279192,0.023595422203453207,114.84375
17.856145124716555,0.17972746084738603,0.023624705503026703,114.84375
17.867755102040817,0.18306808329568966,0.02360378615470642,114.84375
17.87936507936508,0.1862834856505528,0.0236699130409629,114.84375
17.890975056689342,0.18931057494397222,0.02370652841166491,114.84375
17.902585034013605,0.1922830776810177,0.023931757029733623,114.84375
17.914195011337867,0.19503598930104984,0.024102472227624773,114.84375
17.925804988662133,0.19747609954083692,0.024283189879116113,114.84375
17.937414965986395,0.19967255631414546,0.02432778019994857,114.84375
17.949024943310658,0.20153446837948072,0.024437217062267765,114.84375
17.96063492063492,0.2031588581419487,0.024473140305255832,114.84375
17.972244897959182,0.20454114586681202,0.024582297619505648,114.84375
17.98385487528345,0.20599973390491844,0.02473365626561781,114.84375
17.99546485260771,0.20772514605179562,0.02493378227107027,114.84375
18.007074829931973,0.20918807142689325,0.025000004576484377,114.84375
18.018684807256236,0.21049205301798818,0.025049436760603703,114.84375
18.030294784580498,0.2114972785539153,0.02506545187736775,114.84375
18.04190476190476,0.211933411241039,0.025104144116432667,114.84375
18.053514739229026,0.21221545434644845,0.02528293827555422,114.84375
18.06512471655329,0.21241610470348984,0.025440969891540374,114.84375
18.07673469387755,0.2120826191320605,0.02559932748225844,114.84375
18.088344671201813,0.21161014052720964,0.025836967495383084,114.84375
18.099954648526076,0.21077341682662096,0.026070631325706754,114.84375
18.11156462585034,0.2092723213033351,0.026092092159439428,114.84375
18.123174603174604,0.20696943192787998,0.026224751929706882,114.84375
18.134784580498867,0.20412967236071747,0.026412139299217718,114.84375
18.14639455782313,0.20114936999722355,0.02659277888745282,114.84375
18.15800453514739,0.19828728817988048,0.026581168699405067,114.84375
18.169614512471654,0.19571629398591317,0.0265958865682524,114.84375
18.18122448979592,0.19310103263240616,0.026504459171061163,114.84375
18.192834467120182,0.19072378212567762,0.026349234280890154,114.84375
18.204444444444444,0.18795650781444692,0.0261512888990373,114.84375
18.216054421768707,0.18512280569199346,0.0261086718080925,114.84375
18.22766439909297,0.1822839565740976,0.026077199491600624,114.84375
18.239274376417235,0.17919621370030292,0.02604176442074064,114.84375
18.250884353741498,0.17607809905529548,0.02598087934114695,114.84375
18.26249433106576,0.17296772947641909,0.02608573147563292,114.84375
18.274104308390022,0.16984836910691184,0.02616599036869238,114.84375
18.285714285714285,0.1664674707320612,0.026338778507571044,114.84375
18.297324263038547,0.163044540921213,0.026479331385372375,114.84375
18.308934240362813,0.15988949810409833,0.026778433762009397,114.84375
18.320544217687075,0.15720805716798827,0.027032113639361026,114.84375
18.332154195011338,0.1550698562365244,0.027315485409761624,114.94413789335664
18.3437641723356,0.1536124497833079,0.027493824028623527,115.04452578671328
18.355374149659863,0.1525102543201373,0.027580838095390654,115.14491368006992
18.36698412698413,0.15147458496005906,0.027634565692866136,115.24530157342656
18.37859410430839,0.1510679290050475,0.027870355188202193,115.3456894667832
18.390204081632653,0.15077891842215332,0.02793824250308094,115.44607736013984
18.401814058956916,0.15081685117048707,0.027964796956242644,115.54646525349648
18.413424036281178,0.1508778462734601,0.02811651511743754,115.64685314685312
18.42503401360544,0.1508727042759094,0.028222187335171848,115.74724104020976
18.436643990929706,0.15071898078976037,0.02824258306846547,115.8476289335664
18.44825396825397,0.15032138434639009,0.028332192113901474,115.94801682692304
18.45986394557823,0.1500611557886653,0.028521742199824972,116.04840472027968
18.471473922902494,0.1496808941160758,0.02872228964727427,116.14879261363632
18.483083900226756,0.14918741686935608,0.02887701850473528,116.24918050699297
18.494693877551022,0.14852341614011566,0.029154247824610596,116.34956840034963
18.506303854875284,0.14784137510438647,0.029360895388492396,116.44995629370626
18.517913832199547,0.14704405311579274,0.029424471173948242,116.5503441870629
18.52952380952381,0.14632335630340101,0.029534061228183688,116.65073208041954
18.54113378684807,0.14600405932994354,0.029667191605122233,116.75111997377618
18.552743764172334,0.14588222739056708,0.029664270351283197,116.85150786713282
18.5643537414966,0.14572618321671732,0.02959614819852456,116.95189576048946
18.575963718820862,0.14567022765451568,0.02964439510477892,117.05228365384612
18.587573696145125,0.14548945724459011,0.029595653318500392,117.15267154720277
18.599183673469387,0.14528752659429822,0.029519832115268436,117.25305944055941
18.61079365079365,0.14514127120778322,0.029360581864053655,117.35344733391605
18.622403628117915,0.14488949200242449,0.02927847121744417,117.45383522727269
18.634013605442178,0.14465979848037375,0.02914460170016973,117.45383522727269
18.64562358276644,0.1442480854919699,0.02902453114860881,117.45383522727269
18.657233560090702,0.14380026356920242,0.02889061473397838,117.45383522727269
18.668843537414965,0.14328643574056754,0.028792604330177184,117.45383522727269
18.68045351473923,0.14265503542573554,0.028607080927031715,117.45383522727269
18.692063492063493,0.14213218681911988,0.02860709636828124,117.45383522727269
18.703673469387756,0.14140854291660426,0.028613912552584678,117.45383522727269
18.715283446712018,0.14137819113695824,0.028682767729008716,117.45383522727269
18.72689342403628,0.14176676513638378,0.02850592177519803,117.45383522727269
18.738503401360543,0.14209994292098424,0.028361393707542582,117.45383522727269
18.75011337868481,0.14263267485838554,0.028262309330430377,117.45383522727269
18.76172335600907,0.14289050192916092,0.028262642806268935,117.45383522727269
18.773333333333333,0.1428905956396298,0.028129463494494772,117.45383522727269
18.784943310657596,0.14295416590628796,0.028074306497837983,117.45383522727269
18.796553287981858,0.14302492980502907,0.027959958125725607,117.45383522727269
18.808163265306124,0.14322619032134568,0.027922690138351667,117.45383522727269
18.819773242630387,0.14344692637204343,0.027849697816444644,117.45383522727269
18.83138321995465,0.14376419336849924,0.02781496704905985,117.45383522727269
18.84299319727891,0.14373293905291507,0.027920970440278397,117.45383522727269
18.854603174603174,0.1435063887882364,0.028166026746686355,117.45383522727269
18.866213151927436,0.1432139496516538,0.02842344527721917,117.45383522727269
18.877823129251702,0.14282686169201933,0.02860394717795507,117.45383522727269
18.889433106575964,0.1426419530277876,0.02878308218938204,117.45383522727269
18.901043083900227,0.14229830924153053,0.028955951643441658,117.45383522727269
18.91265306122449,0.1419459187283528,0.029131660796809414,117.45383522727269
18.92426303854875,0.1414955999422031,0.029093445034672042,117.45383522727269
18.935873015873018,0.1409233400960421,0.029218046653580076,117.45383522727269
18.94748299319728,0.14056353895898455,0.029373703815242614,117.45383522727269
18.959092970521542,0.14007010294487113,0.029543083736806027,117.45383522727269
18.970702947845805,0.13968695290738492,0.029583922665135726,117.45383522727269
18.982312925170067,0.13957760445193754,0.029635154523927003,117.45383522727269
18.99392290249433,0.13957254616907233,0.02950086552024485,117.45383522727269
19.005532879818595,0.13987210438585382,0.029432388128108916,117.45383522727269
19.017142857142858,0.13994040848890932,0.0292096881062149,117.45383522727269
19.02875283446712,0.1406090751665185,0.029261593323152656,117.45383522727269
19.040362811791383,0.14170488540658444,0.029217129692789955,117.45383522727269
19.051972789115645,0.14322216826802092,0.029037181609198704,117.45383522727269
19.06358276643991,0.1451989385478833,0.02873947559738731,117.45383522727269
19.075192743764173,0.1470249161885725,0.028500338856123925,117.45383522727269
19.086802721088436,0.14886503869568146,0.028292691074103486,117.45383522727269
19.098412698412698,0.15060947406774333,0.0281332749399668,117.45383522727269
19.11002267573696,0.1522501777816176,0.027926764660676225,117.45383522727269
19.121632653061223,0.15410698450060772,0.027794890863707282,117.45383522727269
19.13324263038549,0.15612366544443385,0.027573733738402918,117.45383522727269
19.14485260770975,0.15824731917919826,0.027194668690777118,117.45383522727269
19.156462585034014,0.16061199915538446,0.02666866238832659,117.45383522727269
19.168072562358276,0.16317730033424396,0.026211534638099703,117.45383522727269
19.17968253968254,0.16605539373054704,0.025702235512814555,117.45383522727269
19.191292517006804,0.16943045290195846,0.025166412504969957,117.45383522727269
19.202902494331067,0.17307339698464838,0.02461201206769521,117.45383522727269
19.21451247165533,0.17707458744359433,0.024066622157405407,117.45383522727269
19.22612244897959,0.18101000606459963,0.023602178489761164,117.45383522727269
19.237732426303854,0.18481767524248632,0.023071613272100312,117.45383522727269
19.249342403628116,0.18840454589602934,0.02254400215883665,117.45383522727269
19.260952380952382,0.19175757561041407,0.022008628631457885,117.45383522727269
19.272562358276645,0.19478147083456268,0.021591644793378273,117.45383522727269
19.284172335600907,0.1972001301232844,0.021252394681224168,117.45383522727269
19.29578231292517,0.19933613281539367,0.021009347187292856,117.45383522727269
19.30739229024943,0.201106925818672,0.020626583851589865,117.45383522727269
19.319002267573698,0.20227911300632007,0.020476709747697792,117.45383522727269
19.33061224489796,0.20202299771344312,0.02028599162593411,117.45383522727269
19.342222222222222,0.20107746824514464,0.020244529938773115,117.45383522727269
19.353832199546485,0.19909503618699745,0.020331221157231932,117.45383522727269
19.365442176870747,0.1962937687155452,0.02036494723515487,117.45383522727269
19.37705215419501,0.19359386098619022,0.020360967046589736,117.45383522727269
19.388662131519276,0.1903243077245107,0.02041433121272078,117.45383522727269
19.400272108843538,0.1865089913558716,0.02059726884146577,117.45383522727269
19.4118820861678,0.1825873335966091,0.02091502774240204,117.45383522727269
19.423492063492063,0.17850663626042018,0.021185961195870268,117.45383522727269
19.435102040816325,0.17415016775638176,0.02149430025980487,117.45383522727269
19.44671201814059,0.1697538639732457,0.021919983651284475,117.45383522727269
19.458321995464853,0.16513241225053654,0.022543205339252262,117.45383522727269
19.469931972789116,0.160269497387375,0.023003657648686376,117.45383522727269
19.481541950113378,0.15499050783409654,0.023568856506370753,117.45383522727269
19.49315192743764,0.1494953294785618,0.024190071211408662,117.45383522727269
19.504761904761907,0.14410992793944,0.02494387737203044,117.45383522727269
19.51637188208617,0.13867949539633426,0.025505633998967072,117.45383522727269
19.52798185941043,0.1338816597466255,0.026005295527528453,117.45383522727269
19.539591836734694,0.12955266465311982,0.02655870409062178,117.45383522727269
19.551201814058956,0.1257506276826589,0.027001491152206382,117.45383522727269
19.56281179138322,0.1227461392718809,0.027381616728578986,117.45383522727269
19.574421768707484,0.12001918253629452,0.027736834697341495,117.45383522727269
19.586031746031747,0.11747656137336127,0.027865290642581572,117.45383522727269
19.59764172335601,0.11534681270970028,0.02815258760621905,117.45383522727269
19.60925170068027,0.1134124049761588,0.028124636102058703,117.45383522727269
19.620861678004534,0.11264165969303326,0.027740162064063628,117.45383522727269
19.6324716553288,0.11360101083075648,0.02723461411198949,117.45383522727269
19.644081632653062,0.11558512134752424,0.02659396936530915,117.45383522727269
19.655691609977325,0.11829956461183148,0.025703349540575765,117.45383522727269
19.667301587301587,0.12161248208062159,0.02494626168698305,117.45383522727269
19.67891156462585,0.1253166053552946,0.024363285638771746,117.45383522727269
19.690521541950112,0.12957023682375507,0.023489091638898525,117.45383522727269
19.702131519274378,0.13475723455814304,0.022480453280978877,117.45383522727269
19.71374149659864,0.14034667710731613,0.02142090927362135,117.45383522727269
19.725351473922903,0.14599987609461226,0.020359596517048426,117.45383522727269
19.736961451247165,0.15193974082062542,0.019250306214717558,117.45383522727269
19.748571428571427,0.1581575653745503,0.018095127203074143,117.45383522727269
19.760181405895693,0.16462779970116678,0.016777496003792757,117.45383522727269
19.771791383219956,0.17135501978679352,0.015541538980713062,117.45383522727269
19.783401360544218,0.1782796692965231,0.014213905109231704,117.45383522727269
19.79501133786848,0.18513593182149363,0.012829829446822037,117.45383522727269
19.806621315192743,0.19185259427744972,0.011359401221192675,117.45383522727269
19.818231292517005,0.19822203487320111,0.010067004649875578,117.45383522727269
19.82984126984127,0.2042226339788383,0.008925050198028247,117.45383522727269
19.841451247165534,0.20999622134779894,0.007714721298292279,117.45383522727269
19.853061224489796,0.21547783396761164,0.006539049540898886,117.45383522727269
19.86467120181406,0.22053479988834984,0.005399216993515639,117.45383522727269
19.87628117913832,0.2255372100730461,0.004332058487340869,117.78438072978847
19.887891156462587,0.23073019778060552,0.0034419579751485043,118.11492623230424
19.89950113378685,0.23556417901588356,0.002400702373613774,118.44547173482002
19.91111111111111,0.24023865170539974,0.0017557385576225893,118.7760172373358
19.922721088435374,0.2436852786031298,0.001346410381291209,119.10656273985157
19.934331065759636,0.2453549334375084,0.0010416284271895244,119.43710824236734
19.9459410430839,0.24623431747546357,0.0008177072930480501,119.76765374488312
19.957551020408165,0.24674614989584748,0.0007432650709298857,120.0981992473989
19.969160997732427,0.24711649033697286,0.0005905422606193329,120.42874474991467
19.98077097505669,0.24752016921451056,0.000335446705186446,120.75929025243045
19.99238095238095,0.24791650285725117,0.000235435663520627,121.08983575494622
20.003990929705214,0.24803295789816818,0.0001476875257133996,121.420381257462
20.01560090702948,0.24798905974963045,3.209089733733729e-05,121.75092675997777
20.027210884353742,0.2480153636535114,1.6726490079744848e-05,122.08147226249355
20.038820861678005,0.2476299870552844,1.9657592211546358e-05,122.41201776500932
20.050430839002267,0.2469483187789759,0.0,122.7425632675251
20.06204081632653,0.24622636749577395,7.622938140930752e-05,123.07310877004088
20.073650793650792,0.245458818780865,0.0001545605025534345,123.40365427255665
20.085260770975058,0.24470620876417004,0.00029893816605981635,123.73419977507243
20.09687074829932,0.24386197906326873,0.0005102319087805169,124.0647452775882
20.108480725623583,0.24293576311436307,0.0007040378038563965,124.39529078010398
20.120090702947845,0.24177913353051458,0.0009235316304229389,124.72583628261975
20.131700680272107,0.2405587616692362,0.0011569149345381506,125.05638178513553
20.143310657596373,0.2395354000338965,0.0013238489577572534,125.3869272876513
20.154920634920636,0.2383867945651309,0.0015231684614022915,125.71747279016708
20.166530612244898,0.23711899854273863,0.001752025819736752,126.04801829268287
20.17814058956916,0.23575474904190918,0.001994860725529509,126.04801829268287
20.189750566893423,0.23388911021534892,0.0022153036912063756,126.04801829268287
20.201360544217685,0.23184337569423907,0.0024442458928035414,126.04801829268287
20.21297052154195,0.22972672692114693,0.0027155476435113133,126.04801829268287
20.224580498866214,0.22765535154978492,0.0029894806667125065,126.04801829268287
20.236190476190476,0.2257849863836648,0.003303537177364973,126.04801829268287
20.24780045351474,0.2237023782507652,0.0036506730414742282,126.04801829268287
20.259410430839,0.22148495032399196,0.0040654216549173006,126.04801829268287
20.271020408163267,0.21971544760974754,0.004581155335928304,126.04801829268287
20.28263038548753,0.21776932106970318,0.005028386952147606,126.04801829268287
20.29424036281179,0.21569336179869406,0.005552087578800419,126.04801829268287
20.305850340136054,0.21378383232043355,0.006011341603531259,126.04801829268287
20.317460317460316,0.2116990176183598,0.006537374723029882,126.04801829268287
20.329070294784582,0.2091450441609797,0.006977647490783146,126.04801829268287
20.340680272108845,0.20729058895002225,0.007486180821498704,126.04801829268287
20.352290249433107,0.20553890038766826,0.008056123486844938,126.04801829268287
20.36390022675737,0.20315259245175318,0.008577561773059525,126.04801829268287
20.375510204081632,0.201523344738578,0.009178662681774044,126.04801829268287
20.387120181405894,0.19966047974189685,0.009672073990299955,126.04801829268287
20.39873015873016,0.19769594013594308,0.010241421552061945,126.04801829268287
20.410340136054423,0.19667829275675083,0.01071648119627312,126.04801829268287
20.421950113378685,0.19613657627608333,0.011133467314886507,126.04801829268287
20.433560090702947,0.19596705112242455,0.01144921347915753,126.04801829268287
20.44517006802721,0.19645744425349038,0.011901267551005483,126.04801829268287
20.456780045351476,0.19686481240806553,0.012322863227752287,126.04801829268287
20.468390022675738,0.19733088496526305,0.01271148739709904,126.04801829268287
20.48,0.19818319958892922,0.01303558653972416,126.04801829268287
20.491609977324263,0.19896013351142025,0.013409120049573323,126.04801829268287
20.503219954648525,0.2000820868898516,0.01374702133079044,126.04801829268287
20.514829931972788,0.20138425924416054,0.01397529630604079,126.04801829268287
20.526439909297054,0.2027664203557681,0.014218217593419168,126.04801829268287
20.538049886621316,0.20419640296087768,0.01445312053508263,126.04801829268287
20.54965986394558,0.2056388661344795,0.01460678739673418,126.04801829268287
20.56126984126984,0.20754496206115988,0.014801699384302609,126.04801829268287
20.572879818594103,0.2086107649596143,0.014832805817913823,126.04801829268287
20.58448979591837,0.21000364821482675,0.014945890546695957,126.04801829268287
20.59609977324263,0.21192895520412056,0.01497467699920896,126.04801829268287
20.607709750566894,0.21320097694392331,0.015009910315268084,126.04801829268287
20.619319727891156,0.21480415981903606,0.014905791805464357,126.04801829268287
20.63092970521542,0.2169053726036926,0.014963172356784953,126.04801829268287
20.64253968253968,0.2179633029897784,0.014865729602778674,126.04801829268287
20.654149659863947,0.21893056912194955,0.014762337610275211,126.04801829268287
20.66575963718821,0.2206866529135399,0.01464071851827897,126.04801829268287
20.67736961451247,0.22128264649778845,0.014449388279321395,126.04801829268287
20.688979591836734,0.2219503614935247,0.014449872503652391,126.04801829268287
20.700589569160996,0.2229589851792993,0.01438785348892186,126.04801829268287
20.712199546485262,0.22286347546940663,0.014386935354378981,126.04801829268287
20.723809523809525,0.22242239237057979,0.014468190668154296,126.04801829268287
20.735419501133787,0.22200804132835397,0.014572269731466896,126.04801829268287
20.74702947845805,0.22036593820481087,0.01460794717109559,126.04801829268287
20.758639455782312,0.21899788114350774,0.014622681550466511,126.04801829268287
20.770249433106574,0.21761721106958296,0.014747746395928303,126.04801829268287
20.78185941043084,0.21590246942143007,0.014725654828483639,126.04801829268287
20.793469387755103,0.21508584640817283,0.014902375039760198,126.04801829268287
20.805079365079365,0.21381194629408248,0.01505184632829512,126.04801829268287
20.816689342403627,0.2125618644657472,0.015336443028397585,126.04801829268287
20.82829931972789,0.21181862549594122,0.015626821696977825,126.04801829268287
20.839909297052156,0.21084306869446456,0.015686175942919763,126.04801829268287
20.851519274376418,0.21007457121311948,0.015782021062112996,126.04801829268287
20.86312925170068,0.20983812595590798,0.01587678745742755,126.04801829268287
20.874739229024943,0.20902103980468892,0.015802556113404528,126.04801829268287
20.886349206349205,0.20859408241369704,0.015869153754569345,126.04801829268287
20.897959183673468,0.20865342904539957,0.015937992298902078,126.04801829268287
20.909569160997734,0.20830581401771645,0.015977376670576224,126.04801829268287
20.921179138321996,0.20918275741857073,0.016218822997374642,126.04801829268287
20.93278911564626,0.2099992754761028,0.016250330032288294,126.04801829268287
20.94439909297052,0.21131350774302143,0.016261789687366055,126.04801829268287
20.956009070294783,0.21400642758683405,0.016196627997099967,126.04801829268287
20.96761904761905,0.21586952498547804,0.016078528116825797,126.04801829268287
20.97922902494331,0.21825885789532884,0.016038216624440618,126.04801829268287
20.990839002267574,0.2210861110715588,0.01600618978566081,126.04801829268287
21.002448979591836,0.2233114564917258,0.015841437188225622,126.04801829268287
21.0140589569161,0.2266191619924817,0.015710835834251757,126.04801829268287
21.02566893424036,0.23029508466338341,0.01546365874523273,126.04801829268287
21.037278911564627,0.23333887066341316,0.015190545433299348,126.04801829268287
21.04888888888889,0.23686288491582547,0.015069641975234036,126.04801829268287
21.060498866213152,0.23969627800197701,0.014942021501633108,126.04801829268287
21.072108843537414,0.2426671972403438,0.014817729727607185,126.04801829268287
21.083718820861677,0.2462118103032911,0.014727940376646338,126.04801829268287
21.095328798185943,0.24929203010064332,0.014256613763278803,126.04801829268287
21.106938775510205,0.25294936561240894,0.013942486799041021,126.04801829268287
21.118548752834467,0.25606392758941804,0.013569274301084506,126.04801829268287
21.13015873015873,0.25808763640191995,0.013268196202912152,126.04801829268287
21.141768707482992,0.2606377523199096,0.013211060567955717,126.04801829268287
21.153378684807254,0.2624030426444547,0.012973724724007592,126.04801829268287
21.16498866213152,0.2633491968492123,0.01264323197667058,126.04801829268287
21.176598639455783,0.26531335661539884,0.012700119793403679,126.04801829268287
21.188208616780045,0.26566372548139444,0.012574382327718875,126.04801829268287
21.199818594104308,0.2656065662602813,0.012469009663582055,126.04801829268287
21.21142857142857,0.266337800294286,0.012476864499346022,126.04801829268287
21.223038548752836,0.2650371506309738,0.012214234905901629,126.04801829268287
21.2346485260771,0.26396860888788193,0.01216234572083034,126.04801829268287
21.24625850340136,0.26227367471741553,0.012197075482351336,126.04801829268287
21.257868480725623,0.2588342897647213,0.012281854846575587,126.04801829268287
21.269478458049885,0.2564271960138245,0.012527552466067387,126.04801829268287
21.28108843537415,0.2537879935097254,0.012621759936209889,126.04801829268287
21.292698412698414,0.250877926934419,0.012563342953053853,126.04801829268287
21.304308390022676,0.24832469316500674,0.012724648183958,126.04801829268287
21.31591836734694,0.24425877167906138,0.012904731092570915,126.04801829268287
21.3275283446712,0.23978505763423955,0.013428185203744855,126.04801829268287
21.339138321995463,0.2357023890462761,0.01393399185513988,126.04801829268287
21.35074829931973,0.23149578065812265,0.014144552598450986,126.04801829268287
21.36235827664399,0.2282391011324138,0.014473479236688331,126.04801829268287
21.373968253968254,0.22471672618847058,0.014757103246812231,126.04801829268287
21.385578231292516,0.22043694075287934,0.015252485857932962,126.04801829268287
21.39718820861678,0.21641601278673037,0.015994332964805357,126.04801829268287
21.408798185941045,0.2118521196999773,0.016503742275514113,126.04801829268287
21.420408163265307,0.2077991273433019,0.016871625164045688,126.04801829268287
21.43201814058957,0.20484314721964014,0.017192532453324208,126.04801829268287
21.443628117913832,0.2015987287716809,0.01735287355178026,126.04801829268287
21.455238095238094,0.1993497358270577,0.017674471340648253,126.04801829268287
21.466848072562357,0.19737134123240124,0.01812568676033777,126.04801829268287
21.478458049886623,0.19521772222161365,0.018294025196970938,126.04801829268287
21.490068027210885,0.1953182731382416,0.018530623027261012,126.04801829268287
21.501678004535147,0.19513046819578472,0.01868226982886469,126.04801829268287
21.51328798185941,0.19507582458014752,0.018746010722018813,126.04801829268287
21.524897959183672,0.19630850958054707,0.019049706355809024,126.04801829268287
21.536507936507938,0.19656997511646127,0.019249580479710565,126.04801829268287
21.5481179138322,0.1977129296357073,0.019380551816660298,126.04801829268287
21.559727891156463,0.19990977291263867,0.01949433028674108,126.04801829268287
21.571337868480725,0.20157906373390702,0.01951412738392397,126.04801829268287
21.582947845804988,0.20327370969262024,0.019567908463121682,126.04801829268287
21.59455782312925,0.2049264974755806,0.019692805306493505,126.04801829268287
21.606167800453516,0.20669363702004515,0.01976901669293293,126.04801829268287
21.61777777777778,0.20886743585144904,0.01977351480411891,126.04801829268287
21.62938775510204,0.21120049708244984,0.019461496068298445,126.04801829268287
21.640997732426303,0.2141466600973907,0.019242771992461237,126.04801829268287
21.652607709750566,0.21698649088450955,0.019047278124978,126.04801829268287
21.66421768707483,0.21917843289567251,0.01885832816036748,126.04801829268287
21.675827664399094,0.2223489554327749,0.018674476742948785,126.04801829268287
21.687437641723356,0.22532974717316195,0.01829303881481524,126.04801829268287
21.69904761904762,0.22757687090629902,0.017763448888133106,126.04801829268287
21.71065759637188,0.23081927728636847,0.017391986798354065,126.04801829268287
21.722267573696143,0.2334481262413736,0.0170655468014519,126.04801829268287
21.73387755102041,0.2352582472377447,0.01672042559742733,126.04801829268287
21.745487528344672,0.2373697502648673,0.016535241152393666,126.04801829268287
21.757097505668934,0.23882148869243433,0.0164261916539448,126.04801829268287
21.768707482993197,0.23997384091399165,0.016160477394876197,126.04801829268287
21.78031746031746,0.24144467795160945,0.0159480962044072,126.04801829268287
21.791927437641725,0.2412536785233908,0.015781789290612712,126.04801829268287
21.803537414965987,0.24073626429098882,0.015623204630010995,126.04801829268287
21.81514739229025,0.2401016145135867,0.015582705117752055,126.04801829268287
21.826757369614512,0.238484305930639,0.015468064873928555,126.04801829268287
21.838367346938774,0.23761728501072174,0.015225177371232317,126.04801829268287
21.849977324263037,0.2362660100366784,0.015110577622604445,126.04801829268287
21.861587301587303,0.2341324225757207,0.015010696647414938,126.04801829268287
21.873197278911565,0.23191684803377666,0.014881468168367626,126.04801829268287
21.884807256235828,0.22960596203164296,0.014912562020344846,126.04801829268287
21.89641723356009,0.2272064500824158,0.014870662982361693,126.04801829268287
21.908027210884352,0.22441399639293094,0.014739737277902247,126.04801829268287
21.91963718820862,0.2217344675668772,0.014775158139881634,126.04801829268287
21.93124716553288,0.21893497892836997,0.01481954668099213,126.04801829268287
21.942857142857143,0.2153189151730674,0.014939609211961797,126.04801829268287
21.954467120181405,0.21157701824961228,0.015281643557103926,126.04801829268287
21.966077097505668,0.20790467990002282,0.015509093409870337,126.04801829268287
21.97768707482993,0.2037988011031247,0.01565569312005359,126.04801829268287
21.989297052154196,0.20021551851931274,0.015816024132758774,126.04801829268287
22.00090702947846,0.19696193310504112,0.01586949548048053,126.04801829268287
22.01251700680272,0.19335536617690133,0.015976625468731378,126.04801829268287
22.024126984126983,0.18988657987696106,0.0161283851703746,126.04801829268287
22.035736961451246,0.1866150849343662,0.01619362122002106,126.04801829268287
22.04734693877551,0.18313409211699383,0.016382471603740404,126.04801829268287
22.058956916099774,0.17934224793011133,0.016533473869164216,126.04801829268287
22.070566893424036,0.17532861980124337,0.016949870947035248,126.04801829268287
22.0821768707483,0.17107061892598677,0.017517856315980594,126.04801829268287
22.09378684807256,0.167008185135448,0.01785121490600316,126.04801829268287
22.105396825396827,0.16341743278603804,0.018211484155406518,126.04801829268287
22.11700680272109,0.15992236882114813,0.01850295488621576,126.04801829268287
22.128616780045352,0.1565287966259938,0.018680494795533235,126.04801829268287
22.140226757369614,0.1533120315126675,0.01906395050052201,126.04801829268287
22.151836734693877,0.1501206627693923,0.019370427245182273,126.04801829268287
22.16344671201814,0.14716832527577903,0.01973939917561969,126.04801829268287
22.175056689342405,0.14450039322437316,0.020171140014338753,126.04801829268287
22.186666666666667,0.14198920671761533,0.020430972278530003,126.04801829268287
22.19827664399093,0.139734481191242,0.020629953886099808,126.04801829268287
22.209886621315192,0.1378146598045515,0.020961859451401686,126.04801829268287
22.221496598639455,0.13606510492545143,0.02117392792281862,126.04801829268287
22.23310657596372,0.13458055034115202,0.021491993032177602,126.04801829268287
22.244716553287983,0.13344774612340513,0.021655734091243894,126.04801829268287
22.256326530612245,0.1328450516158945,0.021574308771984102,126.04801829268287
22.267936507936508,0.13248057161924798,0.02150508817272054,126.04801829268287
22.27954648526077,0.13174047715628698,0.021506814850470787,126.04801829268287
22.291156462585032,0.1311060431212088,0.021705458758455063,126.04801829268287
22.3027664399093,0.13058773676514293,0.022013618787782973,126.04801829268287
22.31437641723356,0.1296573192553032,0.022142834271621323,126.04801829268287
22.325986394557823,0.12926225632652075,0.022325589286950415,126.04801829268287
22.337596371882086,0.12880820952967312,0.022568194818842764,126.04801829268287
22.349206349206348,0.12825359099164885,0.022780702267950738,126.04801829268287
22.360816326530614,0.12855877017059983,0.022951814911577852,126.04801829268287
22.372426303854876,0.1288212090459175,0.02289768700064595,126.04801829268287
22.38403628117914,0.12989041967351178,0.022747801924667483,126.04801829268287
22.3956462585034,0.1324220342295057,0.02261479074697024,126.04801829268287
22.407256235827663,0.13588272061300607,0.02263249878227978,126.04801829268287
22.418866213151926,0.14023737030096606,0.0225520655065791,126.04801829268287
22.430476190476192,0.14542264001430766,0.02254996581510235,126.04801829268287
22.442086167800454,0.15063383795667273,0.02246470080998255,126.04801829268287
22.453696145124717,0.15602361514995525,0.022411337568008196,126.04801829268287
22.46530612244898,0.1618088326128416,0.022226271756790598,126.04801829268287
22.47691609977324,0.16730967045596082,0.0219164405845593,126.04801829268287
22.488526077097507,0.1726985955087129,0.021691791994401903,126.04801829268287
22.50013605442177,0.17785315442718988,0.02163509220489036,126.04801829268287
22.511746031746032,0.18260952173669642,0.021456369017069526,126.04801829268287
22.523356009070294,0.18735461380258614,0.021300480173806965,126.04801829268287
22.534965986394557,0.19207129368729028,0.02104751406822189,126.04801829268287
22.54657596371882,0.19623588313417542,0.020806534957714316,126.04801829268287
22.558185941043085,0.20018858154915303,0.020744026284669755,126.04801829268287
22.569795918367348,0.204246671755336,0.020784256838202755,126.04801829268287
22.58140589569161,0.20786784335592962,0.020687375995574325,126.04801829268287
22.593015873015872,0.21166776871715823,0.020433086900926628,126.04801829268287
22.604625850340135,0.21535544268085877,0.020261699620084662,126.04801829268287
22.6162358276644,0.21865727982380725,0.020195544092263623,126.04801829268287
22.627845804988663,0.22200551406113067,0.02017731028603536,126.04801829268287
22.639455782312925,0.22569513595311122,0.02013456569004719,126.04801829268287
22.651065759637188,0.22947321594632317,0.01989041287153538,126.04801829268287
22.66267573696145,0.23328375932841344,0.019621285888681148,126.04801829268287
22.674285714285713,0.2373743579044999,0.019394977723500007,126.04801829268287
22.68589569160998,0.24057759622401015,0.019228631344599886,126.04801829268287
22.69750566893424,0.24273227145590492,0.019072169812449687,126.04801829268287
22.709115646258503,0.24361523981517239,0.018863721829513253,126.04801829268287
22.720725623582766,0.24380041503362676,0.01881667369539165,126.04801829268287
22.732335600907028,0.24371313351939358,0.01867733747680359,126.04801829268287
22.743945578231294,0.2430983695199809,0.018502362148847366,126.04801829268287
22.755555555555556,0.2425738416217627,0.018369472851647608,126.04801829268287
22.76716553287982,0.24135447850162056,0.018361200333761176,126.04801829268287
22.77877551020408,0.23986330171085293,0.0184825615743501,126.04801829268287
22.790385487528344,0.23899196344551113,0.01848145971089904,126.04801829268287
22.801995464852606,0.23816317389795516,0.018370910889101224,126.04801829268287
22.813605442176872,0.23759704271645954,0.018256185704101154,126.04801829268287
22.825215419501134,0.237307638966087,0.018166347613031337,126.04801829268287
22.836825396825397,0.23662374496201963,0.018182614412820434,126.04801829268287
22.84843537414966,0.2359386381362394,0.018179503434105994,126.04801829268287
22.86004535147392,0.23560883559448287,0.018180203784003177,126.04801829268287
22.871655328798187,0.23529158275872009,0.018142802449595208,126.04801829268287
22.88326530612245,0.2351476476434148,0.01807791168602314,126.04801829268287
22.894875283446712,0.23538392880318304,0.018037252738771575,126.04801829268287
22.906485260770975,0.2359653935163349,0.017977862301364382,126.04801829268287
22.918095238095237,0.2362228140919208,0.017813943936718372,126.04801829268287
22.929705215419503,0.2365146601453581,0.017666896593406246,126.04801829268287
22.941315192743765,0.23671923134841782,0.017527973002180123,126.04801829268287
22.952925170068028,0.2364542989416457,0.017369234505932602,126.04801829268287
22.96453514739229,0.23608921711554345,0.017354116103323994,126.04801829268287
22.976145124716552,0.23605308735663114,0.017344065710715627,126.04801829268287
22.987755102040815,0.23606275494509282,0.017279906515974164,126.04801829268287
22.99936507936508,0.23600606969070673,0.017429066074646307,126.04801829268287
23.010975056689343,0.23669969125793583,0.017562409670748257,126.04801829268287
23.022585034013606,0.2374225205041086,0.017684127311227885,126.04801829268287
23.034195011337868,0.23753970523721002,0.01787990570376914,126.04801829268287
23.04580498866213,0.2381616253845182,0.018159072522979134,126.04801829268287
23.057414965986396,0.2385490277948371,0.01840756600620553,126.04801829268287
23.06902494331066,0.23853532274288472,0.018435155990899708,126.04801829268287
23.08063492063492,0.23940437613874946,0.018422984765825805,126.04801829268287
23.092244897959183,0.23950434063608764,0.018495902164950912,126.04801829268287
23.103854875283446,0.23908899001552697,0.018502894397072978,126.04801829268287
23.11546485260771,0.23940332824746174,0.018620741595485473,126.04801829268287
23.127074829931974,0.2392104779333598,0.01873850954615334,126.04801829268287
23.138684807256237,0.23874025296116302,0.018625501577584802,126.04801829268287
23.1502947845805,0.2391476519360701,0.018617661335789095,126.04801829268287
23.16190476190476,0.23895482661142656,0.018567371657634626,126.04801829268287
23.173514739229024,0.23786948695441792,0.018524949837268493,126.04801829268287
23.18512471655329,0.23751109230737563,0.018678899277486092,126.04801829268287
23.196734693877552,0.2365322002461885,0.01873468689494284,126.04801829268287
23.208344671201814,0.2347357389042538,0.018699837125037182,126.04801829268287
23.219954648526077,0.2339570315632004,0.018768358742431705,126.04801829268287
23.23156462585034,0.23322210325426654,0.018878394326531395,126.04801829268287
23.2431746031746,0.23179947004886375,0.018942120977443425,126.04801829268287
23.254784580498868,0.2311047056304052,0.019204050969937218,126.04801829268287
23.26639455782313,0.2306338367631644,0.019337588204054866,126.04801829268287
23.278004535147392,0.22950763934171972,0.019322840414649392,126.04801829268287
23.289614512471655,0.22859145749333176,0.019364348409915924,126.04801829268287
23.301224489795917,0.22765434364163062,0.019325216068422628,126.04801829268287
23.312834467120183,0.2257201054199151,0.019285181265681458,126.04801829268287
23.324444444444445,0.2237464588223491,0.019211101993652974,126.04801829268287
23.336054421768708,0.2223267327239368,0.01917338198747192,126.04801829268287
23.34766439909297,0.220160371588326,0.019062386201198083,126.04801829268287
23.359274376417233,0.21852309892708602,0.0189383050952866,126.04801829268287
23.370884353741495,0.21721711318142972,0.018993359893713455,126.04801829268287
23.38249433106576,0.2148175229318997,0.01903131365813045,126.04801829268287
23.394104308390023,0.2129717182384483,0.01913113812935736,126.04801829268287
23.405714285714286,0.21093123816745185,0.019419845696639095,126.04801829268287
23.417324263038548,0.20824874975654512,0.019557188783509392,126.04801829268287
23.42893424036281,0.2064219861973901,0.01966029210329476,126.04801829268287
23.440544217687076,0.20484909720967823,0.020013285892191066,126.04801829268287
23.45215419501134,0.20308335457593665,0.020195026278236675,126.04801829268287
23.4637641723356,0.20184082706086684,0.020391587279258692,126.04801829268287
23.475374149659864,0.2006044698595597,0.020601519599217424,126.04801829268287
23.486984126984126,0.19945568280072984,0.020699350276982546,126.04801829268287
23.49859410430839,0.1983632802898037,0.02094388680586044,126.04801829268287
23.510204081632654,0.19707971300374277,0.021144588172227807,126.04801829268287
23.521814058956917,0.19593831990915384,0.021428560549207748,126.04801829268287
23.53342403628118,0.19449984880152676,0.02165856883425035,126.04801829268287
23.54503401360544,0.1930670265609644,0.021776250953942866,126.04801829268287
23.556643990929704,0.19181753031893692,0.02189789613394278,126.04801829268287
23.56825396825397,0.19016158220247462,0.02209723984379348,126.04801829268287
23.579863945578232,0.18818854659716577,0.022306760566122397,126.04801829268287
23.591473922902495,0.18737140546913825,0.022637849910220994,126.04801829268287
23.603083900226757,0.18735822352984777,0.022834397141053075,126.04801829268287
23.61469387755102,0.18912289661477105,0.022849419014357584,126.04801829268287
23.62630385487528,0.1918591115281928,0.02284218161928845,126.04801829268287
23.637913832199548,0.1949425083186859,0.02271573827787171,126.04801829268287
23.64952380952381,0.1990417832347186,0.02261888067956837,126.04801829268287
23.661133786848072,0.20240562088984862,0.022583917109779826,126.04801829268287
23.672743764172335,0.20639650403019857,0.0225106225997219,126.04801829268287
23.684353741496597,0.21076996994732972,0.022461278362663917,126.04801829268287
23.695963718820863,0.21458304642751685,0.022329052427113753,126.04801829268287
23.707573696145126,0.21925333963012053,0.02218855410112087,126.04801829268287
23.719183673469388,0.22346917287683146,0.022109586798734635,126.04801829268287
23.73079365079365,0.22643324417062274,0.022038596415033206,126.04801829268287
23.742403628117913,0.22990174350828269,0.021938918147788346,126.04801829268287
23.754013605442175,0.23260413768874555,0.02196465130372734,126.04801829268287
23.76562358276644,0.23458129863714047,0.02190616679244723,126.04801829268287
23.777233560090703,0.2377408495525452,0.021887572004888084,126.04801829268287
23.788843537414966,0.24002573485622614,0.021815312719769994,126.04801829268287
23.800453514739228,0.24203260577167787,0.021684543401256095,126.04801829268287
23.81206349206349,0.24506354927256,0.021733663893684297,126.04801829268287
23.823673469387757,0.24758316680608106,0.021755135777065223,126.04801829268287
23.83528344671202,0.24963216120203535,0.021651470739726522,126.04801829268287
23.84689342403628,0.25282822296559254,0.021770845968790663,126.04801829268287
23.858503401360544,0.25554817640547056,0.021747281594235585,126.04801829268287
23.870113378684806,0.2580510372576813,0.021620306502421003,126.04801829268287
23.881723356009072,0.26155601412421586,0.021701159881449095,126.04801829268287
23.893333333333334,0.2632696470733991,0.021588561586758627,126.04801829268287
23.904943310657597,0.2637172707464635,0.021615806396421175,126.04801829268287
23.91655328798186,0.26305670356880323,0.02191840482295414,126.04801829268287
23.92816326530612,0.26173617312539327,0.022085456304953538,126.04801829268287
23.939773242630384,0.2600162478305923,0.02229074429139682,126.04801829268287
23.95138321995465,0.2584807464045308,0.02252935941092589,126.04801829268287
23.962993197278912,0.2579312840247503,0.022596817841978468,126.04801829268287
23.974603174603175,0.25658669872871276,0.02267416124583702,126.04801829268287
23.986213151927437,0.25588138709285785,0.022854488014571028,126.04801829268287
23.9978231292517,0.25576391914589486,0.022995730178760613,126.04801829268287
24.009433106575965,0.2547250582154918,0.023064543085632366,126.04801829268287
24.021043083900228,0.2552075021998499,0.02320033520843087,126.04801829268287
24.03265306122449,0.25631933568062315,0.023215041019252206,126.04801829268287
24.044263038548753,0.2565498950874064,0.023151415185085965,126.04801829268287
24.055873015873015,0.2580316775077905,0.02317137846809753,126.04801829268287
24.067482993197277,0.2594984804138453,0.023236925520174256,126.04801829268287
24.079092970521543,0.2597634053237799,0.023124381576486792,126.04801829268287
24.090702947845806,0.2615305648598112,0.02316535932382579,126.04801829268287
24.102312925170068,0.263605868574029,0.023210272446308522,126.04801829268287
24.11392290249433,0.2648310142548381,0.023108532227868742,126.04801829268287
24.125532879818593,0.267121147344777,0.022992385353688104,126.04801829268287
24.13714285714286,0.26929600239728796,0.02291604399823055,126.04801829268287
24.14875283446712,0.2697086683170377,0.022685564313401952,126.04801829268287
24.160362811791384,0.27031164228999105,0.022607664657781926,126.04801829268287
24.171972789115646,0.270442700337398,0.022605566906892496,126.04801829268287
24.18358276643991,0.2700570230326886,0.022436152182937256,126.04801829268287
24.19519274376417,0.2705878024604092,0.022331100636354042,126.04801829268287
24.206802721088437,0.27138169173040466,0.022212416746939155,126.04801829268287
24.2184126984127,0.27202926772164,0.021983909771158883,126.04801829268287
24.23002267573696,0.2712655890408507,0.021949952655833573,126.04801829268287
24.241632653061224,0.2697858032781904,0.02203114108666177,126.04801829268287
24.253242630385486,0.267652885534717,0.02203339855099948,126.04801829268287
24.264852607709752,0.26448403229343376,0.022095809450387197,126.04801829268287
24.276462585034015,0.2619979918456524,0.022067357406488883,126.04801829268287
24.288072562358277,0.2592665832380573,0.021953449411451158,126.04801829268287
24.29968253968254,0.2558518820393596,0.021841487718717485,126.04801829268287
24.3112925170068,0.25310138398451515,0.02170337768285887,126.04801829268287
24.322902494331064,0.24940248600558745,0.02150777439738328,126.04801829268287
24.33451247165533,0.2460392272729097,0.021446261405917873,126.04801829268287
24.346122448979592,0.2436213280802134,0.02140792641704509,126.04801829268287
24.357732426303855,0.24009082489844416,0.021250781158383962,126.04801829268287
24.369342403628117,0.23717827520395762,0.02112282600116904,126.04801829268287
24.38095238095238,0.2347007619923543,0.021208057754783276,126.04801829268287
24.392562358276646,0.2306175869513679,0.02115696183923693,126.04801829268287
24.404172335600908,0.2266418515877003,0.021182341879103474,126.04801829268287
24.41578231292517,0.2231661053071128,0.02125640239010473,126.04801829268287
24.427392290249433,0.21872155520968248,0.021232894791397346,126.04801829268287
24.439002267573695,0.21500096554790707,0.021206533491316244,126.04801829268287
24.450612244897957,0.21295746091946582,0.021402679461661793,126.04801829268287
24.462222222222223,0.2112618112175081,0.02135388658079905,126.04801829268287
24.473832199546486,0.2107615972293026,0.02120112709554068,126.04801829268287
24.485442176870748,0.21080425756666912,0.021137386649581598,126.04801829268287
24.49705215419501,0.21037093869255802,0.020979501559302602,126.04801829268287
24.508662131519273,0.21080383441184075,0.020862610566364685,126.04801829268287
24.52027210884354,0.21278897199534755,0.02062557044481365,126.04801829268287
24.5318820861678,0.21703892168360808,0.020234106267128255,126.04801829268287
24.543492063492064,0.22250712079514934,0.019689986515584464,126.04801829268287
24.555102040816326,0.228963089889455,0.01912747401636573,126.04801829268287
24.56671201814059,0.2351013355131985,0.01871404861008085,126.04801829268287
24.57832199546485,0.24034046292371153,0.018381790269725872,126.04801829268287
24.589931972789117,0.24617377634765095,0.018140541211324735,126.04801829268287
24.60154195011338,0.2514639530567055,0.017832073151720026,126.04801829268287
24.61315192743764,0.2567303106470231,0.01736921003892548,126.04801829268287
24.624761904761904,0.26190320766303443,0.016967728717586224,126.04801829268287
24.636371882086166,0.265877946780295,0.01660329748586519,126.04801829268287
24.647981859410432,0.27035024433931826,0.01622000144467317,126.04801829268287
24.659591836734695,0.27524896867983395,0.015861617979113053,126.04801829268287
24.671201814058957,0.280553217785879,0.015527497810251091,126.04801829268287
24.68281179138322,0.28706850435751896,0.014995163482492488,126.04801829268287
24.694421768707482,0.29387813759439724,0.014503635989381803,126.04801829268287
24.706031746031748,0.30133450301179987,0.013988268285860105,126.04801829268287
24.71764172335601,0.30910268689075165,0.013412570729727789,126.04801829268287
24.729251700680273,0.31648141839081606,0.012902451626392546,126.04801829268287
24.740861678004535,0.3237308994142958,0.01245135434370823,126.04801829268287
24.752471655328797,0.3300159989220823,0.011889400803543056,126.04801829268287
24.76408163265306,0.3353118757265912,0.01146691901213817,126.04801829268287
24.775691609977326,0.34028212239590955,0.011217431276908963,126.04801829268287
24.787301587301588,0.3442681126003106,0.010943816733637583,126.04801829268287
24.79891156462585,0.3477879536131751,0.010728629675458814,126.04801829268287
24.810521541950113,0.35078048206917684,0.010470770434481377,126.04801829268287
24.822131519274375,0.3511264253020949,0.010253366585955484,126.04801829268287
24.83374149659864,0.3498560536995266,0.010169577342715928,126.04801829268287
24.845351473922904,0.3475883553123311,0.010206484759916706,126.04801829268287
24.856961451247166,0.34342291913929823,0.010298277350382292,126.04801829268287
24.86857142857143,0.33983814135289375,0.01027192522966102,126.04801829268287
24.88018140589569,0.3365121177461702,0.010310358142895392,126.04801829268287
24.891791383219953,0.3324636397351495,0.010191800906445746,126.04801829268287
24.90340136054422,0.32947208253609633,0.01019384069480193,126.04801829268287
24.91501133786848,0.3263029985588142,0.010477267124126584,126.04801829268287
24.926621315192744,0.3239231982943498,0.0106220007295148,126.04801829268287
24.938231292517006,0.32233737892789494,0.010657090554310005,126.04801829268287
24.94984126984127,0.3198686961578978,0.010772702210498784,126.04801829268287
24.961451247165535,0.3181208393124941,0.010917491147769891,126.04801829268287
24.973061224489797,0.31490406461987536,0.011015711685332046,126.04801829268287
24.98467120181406,0.311174195539225,0.01114649425873838,126.04801829268287
24.99628117913832,0.30821049658836347,0.011375616549609181,126.04801829268287
25.007891156462584,0.3037052987414314,0.011518743544363991,126.04801829268287
25.019501133786846,0.299805616295369,0.011688636862691745,126.04801829268287
25.031111111111112,0.2966395393829108,0.011908572019186216,126.04801829268287
25.042721088435375,0.29263593577526825,0.012101143341970145,126.04801829268287
25.054331065759637,0.2900003417489579,0.012234804987616468,126.04801829268287
25.0659410430839,0.2876719706228023,0.012381914734234153,126.04801829268287
25.077551020408162,0.2847118051813544,0.012382289864705489,126.04801829268287
25.089160997732428,0.28330205903963346,0.012344861267425284,126.04801829268287
25.10077097505669,0.28194743214624063,0.012428354631561993,126.04801829268287
25.112380952380953,0.28063169134901844,0.012521373798832945,126.04801829268287
25.123990929705215,0.28059352161732115,0.012675812423848791,126.04801829268287
25.135600907029477,0.28023949512760205,0.012958291700075009,126.04801829268287
25.14721088435374,0.2803568156367607,0.013154826072418023,126.04801829268287
25.158820861678006,0.28113128226672857,0.013346880204261755,126.04801829268287
25.170430839002268,0.2814876552665886,0.013673521254979096,126.04801829268287
25.18204081632653,0.2824316911982584,0.013980057333243012,126.04801829268287
25.193650793650793,0.28285014884147647,0.014360864505022526,126.04801829268287
25.205260770975055,0.28280002165394874,0.014863841250637999,126.04801829268287
25.21687074829932,0.2830740352298928,0.015222882244720773,126.04801829268287
25.228480725623584,0.2819487657503356,0.015732760022019922,126.04801829268287
25.240090702947846,0.28093955231334344,0.01639986927830744,126.04801829268287
25.25170068027211,0.2795460518185093,0.016935923941795786,126.04801829268287
25.26331065759637,0.2771048982688352,0.017477095380035876,126.04801829268287
25.274920634920633,0.27526437551390137,0.018110141088076275,126.04801829268287
25.2865306122449,0.2726650062064451,0.018879553407577306,126.04801829268287
25.29814058956916,0.26951773552737474,0.019522406871840942,126.04801829268287
25.309750566893424,0.2667484703892939,0.02040512373724966,126.04801829268287
25.321360544217686,0.2631558650715458,0.021377420730118918,126.04801829268287
25.33297052154195,0.2590798003644478,0.022226962854177666,126.04801829268287
25.344580498866215,0.2559386429398767,0.023382928716813817,126.04801829268287
25.356190476190477,0.25221538357096546,0.024517587319087264,126.04801829268287
25.36780045351474,0.24898468891705236,0.025495719411975516,126.04801829268287
25.379410430839002,0.24651255010496254,0.02669678677413906,126.04801829268287
25.391020408163264,0.24319954767201402,0.027863798715476777,126.04801829268287
25.402630385487527,0.2398435950239819,0.028897690664219162,126.04801829268287
25.414240362811793,0.23597028395333808,0.029919664747275233,126.04801829268287
25.425850340136055,0.23149186397701407,0.03099743944547254,126.04801829268287
25.437460317460317,0.22715622043810885,0.03173171159675709,126.04801829268287
25.44907029478458,0.2226627093278748,0.03246796016093101,126.04801829268287
25.460680272108842,0.2186316597981037,0.033322751798156636,126.04801829268287
25.472290249433108,0.21512208528771992,0.03382349264315362,126.04801829268287
25.48390022675737,0.2115306852948472,0.03428731563345523,126.04801829268287
25.495510204081633,0.2089174218485369,0.034841585141753506,126.04801829268287
25.507120181405895,0.20648069476492226,0.035273949068187274,126.04801829268287
25.518730158730158,0.20410998150050338,0.03565876572436975,126.04801829268287
25.530340136054424,0.2025232366911069,0.03603892433180627,126.04801829268287
25.541950113378686,0.2011933401986996,0.03645299416885316,126.04801829268287
25.55356009070295,0.20064882239974888,0.03691894176345496,126.04801829268287
25.56517006802721,0.20047712399619377,0.03733343351629179,126.04801829268287
25.576780045351473,0.20043423375581026,0.03771473883771464,126.04801829268287
25.588390022675735,0.2004761494073173,0.03794209214722748,126.04801829268287
25.6,0.20009162078471096,0.03825170637075228,126.04801829268287
25.611609977324264,0.19984157959618198,0.038309550156221506,126.04801829268287
25.623219954648526,0.2000242225495214,0.03821528993931329,126.04801829268287
25.63482993197279,0.2002613208645783,0.038193934109149306,126.04801829268287
25.64643990929705,0.20062188459660718,0.03784460220548376,126.04801829268287
25.658049886621317,0.2008083217827093,0.03741030583955042,126.04801829268287
25.66965986394558,0.20092770975305707,0.03716003497862122,126.04801829268287
25.68126984126984,0.20076490676370004,0.03688558059751809,126.04801829268287
25.692879818594104,0.20036071810121156,0.03672589770610278,126.04801829268287
25.704489795918366,0.20030801533350778,0.03660626689039917,126.04801829268287
25.71609977324263,0.19986842993621923,0.03662326348865253,126.04801829268287
25.727709750566895,0.19958713942999767,0.03648703071131185,126.04801829268287
25.739319727891157,0.19959308775407192,0.03656846944819316,126.04801829268287
25.75092970521542,0.199765752416684,0.036633978379467844,126.04801829268287
25.762539682539682,0.1997986826919429,0.036376446021995884,126.04801829268287
25.774149659863944,0.19963654858708826,0.03631053729108181,126.04801829268287
25.78575963718821,0.19965964884240606,0.03642690484845652,126.04801829268287
25.797369614512473,0.19924914284484155,0.03634849657292749,126.04801829268287
25.808979591836735,0.1988562310919338,0.03629544938990452,126.04801829268287
25.820589569160997,0.19880539253782453,0.03635828488613861,126.04801829268287
25.83219954648526,0.1985844757300445,0.03636408755851463,126.04801829268287
25.843809523809522,0.19805261675772232,0.03614331252742832,126.04801829268287
25.855419501133788,0.1976541073661396,0.03603159802736663,126.04801829268287
25.86702947845805,0.19706800127758636,0.035931924433032364,126.04801829268287
25.878639455782313,0.19670961829229136,0.0358599401025814,126.04801829268287
25.890249433106575,0.19669644884773005,0.035920451354236826,126.04801829268287
25.901859410430838,0.19691402456492582,0.03590426319776521,126.04801829268287
25.913469387755104,0.19704138500547577,0.03580439438421385,126.04801829268287
25.925079365079366,0.1967971896842416,0.03593367686031795,126.04801829268287
25.93668934240363,0.1961184072738839,0.03598932331929258,126.04801829268287
25.94829931972789,0.19601128996057812,0.03596268970057752,126.04801829268287
25.959909297052153,0.19693982159929285,0.03576204493721059,126.04801829268287
25.971519274376416,0.1975095670894508,0.03551943419839993,126.04801829268287
25.98312925170068,0.19967585492265041,0.034984186470835024,126.04801829268287
25.994739229024944,0.20224205655499322,0.034434910013135804,126.04801829268287
26.006349206349206,0.20458545384246707,0.03386401757326943,126.04801829268287
26.01795918367347,0.20847846910103615,0.03300510024261439,126.04801829268287
26.02956916099773,0.21147956061143963,0.03243283702515222,126.04801829268287
26.041179138321997,0.21397901623345633,0.031999640651164035,126.04801829268287
26.05278911564626,0.21624647222290563,0.03153134943813498,126.04801829268287
26.064399092970522,0.21705140016964541,0.03144734264772618,126.04801829268287
26.076009070294784,0.2181792410644689,0.03142425631151788,126.04801829268287
26.087619047619047,0.2190515189334454,0.031037364189062323,126.04801829268287
26.09922902494331,0.2191151995702114,0.030700914166226397,126.04801829268287
26.110839002267575,0.22069176700619547,0.030478794708732663,126.04801829268287
26.122448979591837,0.22224825957728844,0.029969029785222666,126.04801829268287
26.1340589569161,0.22388725901010187,0.029444038092297245,126.04801829268287
26.145668934240362,0.2270712883494536,0.028949564456063923,126.04801829268287
26.157278911564624,0.22929447967830896,0.028283820720398763,126.04801829268287
26.16888888888889,0.23161531315083805,0.027508071932698806,126.04801829268287
26.180498866213153,0.23451884331681658,0.026720659152409884,126.04801829268287
26.192108843537415,0.23605862210516926,0.02594025676508675,126.04801829268287
26.203718820861678,0.23821724983639633,0.025254734294910798,126.04801829268287
26.21532879818594,0.24078318241557067,0.02467911231436087,126.04801829268287
26.226938775510202,0.24237107923899803,0.024060503138841567,126.04801829268287
26.23854875283447,0.24514800322957847,0.023354217836583552,126.04801829268287
26.25015873015873,0.24715556218811738,0.022790608772372337,126.04801829268287
26.261768707482993,0.24751786435346693,0.02252873284963129,126.04801829268287
26.273378684807255,0.24860417110251448,0.022145424909042997,126.04801829268287
26.284988662131518,0.2480260691374774,0.021914740893288202,126.04801829268287
26.296598639455784,0.2470308489641909,0.021616378837720888,126.04801829268287
26.308208616780046,0.24667400532953154,0.021213386722194565,126.04801829268287
26.31981859410431,0.24529420905366778,0.02101982003776106,126.04801829268287
26.33142857142857,0.24481404327493103,0.020608108154689046,126.04801829268287
26.343038548752833,0.24448747686803354,0.019915774983745766,126.04801829268287
26.354648526077096,0.24403941921137542,0.019363057907666726,126.04801829268287
26.36625850340136,0.24470112257640966,0.01880165271198744,126.04801829268287
26.377868480725624,0.24505329901322734,0.018098766759122458,126.04801829268287
26.389478458049886,0.24579324187347423,0.017538568622239094,126.04801829268287
26.40108843537415,0.24711250201941698,0.016994731983449342,126.04801829268287
26.41269841269841,0.24700033183762857,0.016230912543669162,126.04801829268287
26.424308390022677,0.24669828675324829,0.015689774859058328,126.04801829268287
26.43591836734694,0.2458633189786011,0.015284919478243076,126.04801829268287
26.447528344671202,0.24410464586263253,0.014867704036225327,126.04801829268287
26.459138321995464,0.24303585006004721,0.014518946091915994,126.04801829268287
26.470748299319727,0.24139005016262924,0.014354654025841108,126.04801829268287
26.482358276643993,0.23939259527509157,0.013969238129842581,126.04801829268287
26.493968253968255,0.23777037876251989,0.013615653423713424,126.04801829268287
26.505578231292517,0.23556141309933298,0.013324868546883027,126.04801829268287
26.51718820861678,0.23466957348234388,0.012863065423576021,126.04801829268287
26.528798185941042,0.23521618040001452,0.012261315291950466,126.04801829268287
26.540408163265305,0.23640443580939488,0.011742131204676976,126.04801829268287
26.55201814058957,0.23907862605415867,0.010992257287806177,126.04801829268287
26.563628117913833,0.24192510945158677,0.010298539197248694,126.04801829268287
26.575238095238095,0.24520575053594532,0.009706049804802691,126.04801829268287
26.586848072562358,0.2488624604782697,0.009103056495009015,126.04801829268287
26.59845804988662,0.2515350780531201,0.008571069051757644,126.04801829268287
26.610068027210886,0.2545572440067495,0.008134002576396876,126.04801829268287
26.62167800453515,0.2566120380395006,0.007702380905485764,126.04801829268287
26.63328798185941,0.2574670640194,0.007308602522826605,126.04801829268287
26.644897959183673,0.2591992383137122,0.00703368620788952,126.04801829268287
26.656507936507936,0.26007743035450315,0.006808707026705501,126.04801829268287
26.668117913832198,0.2610161227069914,0.006323478156639293,126.04801829268287
26.679727891156464,0.2627369801085896,0.0059678142045653205,126.04801829268287
26.691337868480726,0.2636252812182734,0.005622565878722708,126.04801829268287
26.70294784580499,0.26474221088259026,0.005348430405010838,126.04801829268287
26.71455782312925,0.26618705471859283,0.0051277246425441726,126.04801829268287
26.726167800453513,0.26689378992059287,0.0049302424000500335,126.04801829268287
26.73777777777778,0.2681136461660469,0.004545258558538649,126.04801829268287
26.749387755102042,0.26869130081977916,0.004173956830236715,126.04801829268287
26.760997732426304,0.2683275317732233,0.003962434300605604,126.04801829268287
26.772607709750567,0.2691970566368693,0.00392063153593398,126.04801829268287
26.78421768707483,0.2704724877717758,0.004076976532244383,126.04801829268287
26.79582766439909,0.2732881033572425,0.004223349512011215,126.04801829268287
26.807437641723357,0.2773994456827224,0.004104476676550715,126.04801829268287
26.81904761904762,0.2799435874541975,0.004180248156972269,126.04801829268287
26.830657596371882,0.2820934872005976,0.004321588404709016,126.04801829268287
26.842267573696144,0.282983713331558,0.004601447148368787,126.04801829268287
26.853877551020407,0.2815205755460642,0.004996815039975636,126.04801829268287
26.865487528344673,0.28055228651206365,0.005382861453849635,126.04801829268287
26.877097505668935,0.2779944221960153,0.005802127044175061,126.04801829268287
26.888707482993198,0.274516679257704,0.006184852909575879,126.04801829268287
26.90031746031746,0.2723794175133839,0.006577663351195823,126.04801829268287
26.911927437641722,0.2692114430680534,0.006943397512312829,126.04801829268287
26.923537414965985,0.26681132970586147,0.0072403626373663205,126.04801829268287
26.93514739229025,0.26582344893649834,0.007463536050759326,126.04801829268287
26.946757369614513,0.26408183695674137,0.007778890831561658,126.04801829268287
26.958367346938775,0.26369994472199315,0.00795114154006115,126.04801829268287
26.969977324263038,0.263441807781934,0.008128186708334642,126.04801829268287
26.9815873015873,0.26258604378003075,0.008335091209005337,126.04801829268287
26.993197278911566,0.26264996264963314,0.008549053068390206,126.04801829268287
27.00480725623583,0.26228571630442243,0.008718323147914339,126.04801829268287
27.01641723356009,0.26206714434081957,0.008978618013998007,126.04801829268287
27.028027210884353,0.2621232856579951,0.009205393594646854,126.04801829268287
27.039637188208616,0.262136185216406,0.009454453308683733,126.04801829268287
27.051247165532878,0.262164222555716,0.009769125516463818,126.04801829268287
27.062857142857144,0.26260020447310745,0.01005266781442164,126.04801829268287
27.074467120181406,0.26200013927310833,0.010068886704093722,126.04801829268287
27.08607709750567,0.2605404292083211,0.01007289709123376,126.04801829268287
27.09768707482993,0.2578043234155342,0.010134710470351058,126.04801829268287
27.109297052154194,0.25404937491446306,0.010199880975641696,126.04801829268287
27.12090702947846,0.2505174856507363,0.010283173421704041,126.04801829268287
27.132517006802722,0.2465381959531064,0.01050362858118851,126.04801829268287
27.144126984126984,0.24286286636534998,0.010566898028635979,126.04801829268287
27.155736961451247,0.23985170993409674,0.01068838692769873,126.04801829268287
27.16734693877551,0.2367421250242131,0.010816962008361462,126.04801829268287
27.17895691609977,0.23447279732433188,0.010774049798048304,126.04801829268287
27.190566893424037,0.23247449862608316,0.010823954198055855,126.04801829268287
27.2021768707483,0.22975308330289046,0.010903323658696638,126.04801829268287
27.213786848072562,0.22777112521147033,0.011024268574153777,126.04801829268287
27.225396825396825,0.22539822370348017,0.011209528977758428,126.04801829268287
27.237006802721087,0.22303870654939334,0.011475700349085257,126.04801829268287
27.248616780045353,0.22123736226729304,0.011581170307988959,126.04801829268287
27.260226757369615,0.21908069704153002,0.011809412532839092,126.04801829268287
27.271836734693878,0.21707619762567762,0.012055796552494837,126.04801829268287
27.28344671201814,0.21525545735897186,0.012318312426608533,126.04801829268287
27.295056689342402,0.21322932540198997,0.01256173721445683,126.04801829268287
27.30666666666667,0.2112729356913928,0.012801194067937914,126.04801829268287
27.31827664399093,0.20898807870909805,0.012965754947644851,126.04801829268287
27.329886621315193,0.20715546345177463,0.01324474294872283,126.04801829268287
27.341496598639456,0.20525076943370876,0.013615952569706099,126.04801829268287
27.353106575963718,0.20370003193487857,0.013999146986958273,126.04801829268287
27.36471655328798,0.20261313543461343,0.014273855096416694,126.04801829268287
27.376326530612246,0.20229951273416996,0.014597277035352673,126.04801829268287
27.38793650793651,0.20251091022427467,0.014789864681831761,126.04801829268287
27.39954648526077,0.20353258840310212,0.014849017712969705,126.04801829268287
27.411156462585033,0.20459173827475635,0.015030879091351479,126.04801829268287
27.422766439909296,0.20549535375751157,0.01519683662021719,126.04801829268287
27.434376417233562,0.20656974469982609,0.015258580575581836,126.04801829268287
27.445986394557824,0.20751484684838636,0.015360434273991853,126.04801829268287
27.457596371882087,0.20834981628899743,0.015371589912663202,126.04801829268287
27.46920634920635,0.2091316673039139,0.015421293132031916,126.04801829268287
27.48081632653061,0.20978589715493137,0.015718435359945993,126.04801829268287
27.492426303854874,0.21088355494895278,0.01591665846949032,126.04801829268287
27.50403628117914,0.21255117730738396,0.016011805422657944,126.04801829268287
27.515646258503402,0.21426765322394786,0.016140345071408536,126.04801829268287
27.527256235827664,0.21659369866451111,0.01628817252780254,125.93258970450276
27.538866213151927,0.2185246532713967,0.016368944759771437,125.81716111632265
27.55047619047619,0.2205747792733242,0.016615112663335305,125.70173252814254
27.562086167800455,0.22231709512282521,0.01674319074752183,125.58630393996243
27.573696145124718,0.2235839007296841,0.016895403058280942,125.47087535178233
27.58530612244898,0.22475396381337065,0.017093617593900608,125.35544676360222
27.596916099773242,0.22555916664415251,0.017388494694103536,125.24001817542211
27.608526077097505,0.22680004818689764,0.01752187119254264,125.124589587242
27.620136054421767,0.22823077631084862,0.017728763190207452,125.00916099906189
27.631746031746033,0.22923614303721554,0.017825462291847626,124.89373241088178
27.643356009070295,0.2308843319268538,0.0177545521936194,124.77830382270167
27.654965986394558,0.2316022640721678,0.017603331763221895,124.66287523452155
27.66657596371882,0.23259118690194494,0.01754850072322868,124.54744664634144
27.678185941043083,0.233144826686183,0.017427806117742327,124.43201805816133
27.68979591836735,0.2324862844876327,0.01759345780966849,124.31658946998122
27.70140589569161,0.23234608696231773,0.017834592681919993,124.20116088180112
27.713015873015873,0.23140435589169167,0.018076115945732635,124.08573229362099
27.724625850340136,0.23003475114993344,0.018261401883601446,123.65479889774858
27.736235827664398,0.22916237082417762,0.018474410359724813,123.22386550187616
27.74784580498866,0.22734039357928257,0.018709028983493258,122.79293210600373
27.759455782312926,0.22549673381434124,0.019010910319078814,122.36199871013132
27.77106575963719,0.22415234593502484,0.01928520543560575,121.9310653142589
27.78267573696145,0.2224909801039877,0.01951086590895551,121.50013191838649
27.794285714285714,0.22047212591026527,0.019818854118247728,121.06919852251407
27.805895691609976,0.21926623044222102,0.019945978224312738,120.63826512664164
27.817505668934242,0.21734872432884858,0.020034876133460777,120.20733173076923
27.829115646258504,0.21551585834395945,0.02002161373299271,119.89182692307692
27.840725623582767,0.2142600114475781,0.020049620666179865,119.57632211538461
27.85233560090703,0.2122158554272554,0.01998837904298246,119.26081730769229
27.86394557823129,0.2105773532846636,0.019943699622212645,118.94531249999999
27.875555555555554,0.20908901862829468,0.01993464076395007,118.62980769230768
27.88716553287982,0.20729515202512072,0.020125764965908625,118.31430288461537
27.898775510204082,0.20557542831195064,0.02014701717993577,117.99879807692307
27.910385487528345,0.2034115519614838,0.020245293925758807,117.68329326923076
27.921995464852607,0.201086956742488,0.020320398104421218,117.36778846153845
27.93360544217687,0.19922735495257912,0.020381746361773864,117.05228365384615
27.945215419501135,0.19677983450540315,0.02048378357078962,116.73677884615384
27.956825396825398,0.19518378195574554,0.020786336432011113,116.42127403846153
27.96843537414966,0.19324679905851902,0.02090797251938925,116.10576923076923
27.980045351473922,0.19097893740686214,0.021202288489876937,115.79026442307692
27.991655328798185,0.18915728169299814,0.02131890825094958,115.47475961538461
28.003265306122447,0.1865744416627812,0.021510985820480742,115.1592548076923
28.014875283446713,0.1842431480194692,0.021709134585312734,114.84375
28.026485260770976,0.1824685820244679,0.021864075399651812,114.84375
28.038095238095238,0.18052523098026654,0.02190007744060095,114.84375
28.0497052154195,0.17970598907177204,0.021959434324933514,114.84375
28.061315192743763,0.1794344894353401,0.02201176849722032,114.84375
28.07292517006803,0.17931804605617033,0.021931229540592293,114.84375
28.08453514739229,0.17934258570429032,0.021745018791375255,114.84375
28.096145124716553,0.17963555878230014,0.021451676636789232,114.84375
28.107755102040816,0.17909748243273532,0.021446734497852612,114.84375
28.11936507936508,0.17837394390243586,0.02146663546744519,114.84375
28.130975056689344,0.17737430725887326,0.021561720634498877,114.84375
28.142585034013607,0.17594334631646855,0.02167310128452,114.84375
28.15419501133787,0.1742838834326864,0.021876208965564078,114.84375
28.16580498866213,0.1721626907430805,0.022057050239878116,114.84375
28.177414965986394,0.1704900600807009,0.02232948391772451,114.84375
28.189024943310656,0.16865533571309096,0.02222873364229389,114.84375
28.200634920634922,0.16761565138003456,0.02224915678180687,114.84375
28.212244897959184,0.16754533937399899,0.022169246861791777,114.84375
28.223854875283447,0.16733376904014058,0.022120007116738304,114.84375
28.23546485260771,0.16767380934650059,0.022017246315070613,114.84375
28.24707482993197,0.16812518601972135,0.022043311059541736,114.84375
28.258684807256238,0.1680394496869974,0.021852440190228202,114.84375
28.2702947845805,0.16838083567569065,0.021742095710269898,114.84375
28.281904761904762,0.1684218392119672,0.02157740084784995,114.84375
28.293514739229025,0.1686436531413027,0.021407243603590614,114.84375
28.305124716553287,0.16923675169679897,0.02113650025729691,114.84375
28.31673469387755,0.16994155604664898,0.020984323896077083,114.84375
28.328344671201815,0.1706964630110592,0.0207240061381752,114.84375
28.339954648526078,0.17184139169751658,0.020601940136081444,114.84375
28.35156462585034,0.17248484734355754,0.02055711046630186,114.84375
28.363174603174603,0.17305497184050075,0.02039932204957777,114.84375
28.374784580498865,0.17313774192451606,0.020258854863823048,114.84375
28.38639455782313,0.17263919348371096,0.020254475939989327,114.84375
28.398004535147393,0.1721439548966671,0.02025823075926219,114.84375
28.409614512471656,0.17123170264060797,0.020172173612168925,114.84375
28.421224489795918,0.170366425568394,0.020162661405017542,114.84375
28.43283446712018,0.16945066770781642,0.020246204791172655,114.84375
28.444444444444443,0.16777261849788008,0.020425203092526992,114.84375
28.45605442176871,0.1664007480452296,0.02060769069741535,114.84375
28.46766439909297,0.16519389964583947,0.02093021871134064,114.84375
28.479274376417234,0.1635434487937277,0.02111768808678644,114.84375
28.490884353741496,0.1625361054012036,0.021248910212165198,114.84375
28.50249433106576,0.1608878519554646,0.02146490865296582,114.84375
28.514104308390024,0.15854140762003335,0.02164504267744637,114.84375
28.525714285714287,0.15652119566573947,0.0216823659716933,114.84375
28.53732426303855,0.15376378594320064,0.0218738013384358,114.84375
28.54893424036281,0.1510162062406029,0.021994682690002706,114.84375
28.560544217687074,0.14872642633500913,0.022089243575947604,114.84375
28.572154195011336,0.1460580811245582,0.02224715827195974,114.84375
28.583764172335602,0.14424147328128506,0.02226416095190543,114.84375
28.595374149659865,0.1430910739858994,0.022294923721922304,114.84375
28.606984126984127,0.1416107742733786,0.022266178482797213,114.84375
28.61859410430839,0.1407435959198736,0.022061901696707416,114.84375
28.63020408163265,0.1397160947807548,0.022064224796222335,114.84375
28.641814058956918,0.13784652969379355,0.022103283554713703,114.84375
28.65342403628118,0.13596024749216426,0.021878880386119688,114.84375
28.665034013605442,0.1335926783180994,0.021895692101221078,114.84375
28.676643990929705,0.1308092474890502,0.022064309079591046,114.84375
28.688253968253967,0.12823995840912572,0.022140052669694647,114.84375
28.69986394557823,0.12580738582296516,0.022347653809569594,114.84375
28.711473922902496,0.12403150205052578,0.02253523279069448,114.84375
28.723083900226758,0.1238415080315156,0.02230223302287321,114.84375
28.73469387755102,0.12486250857953023,0.021807807764825937,114.84375
28.746303854875283,0.12748258581815627,0.021169129393770567,114.84375
28.757913832199545,0.13137137827475165,0.020357813510756974,114.84375
28.76952380952381,0.13564942027913054,0.019362863198233254,114.84375
28.781133786848073,0.14055526744826383,0.018397091036696445,114.84375
28.792743764172336,0.1453070329490114,0.017564069937286216,114.84375
28.804353741496598,0.14943437269275822,0.01660624779319739,114.84375
28.81596371882086,0.15337868297954277,0.01593792254634567,114.84375
28.827573696145123,0.15626805953279121,0.015440082458085091,114.84375
28.83918367346939,0.15841014007766716,0.01490309323024344,114.84375
28.85079365079365,0.16030203241270066,0.014514848085179248,114.84375
28.862403628117914,0.16170966652869834,0.014252499146541638,114.84375
28.874013605442176,0.16321639176046418,0.013855909431637163,114.84375
28.88562358276644,0.1655057401814101,0.013477093497445747,114.84375
28.897233560090704,0.1676581159666438,0.013019882058873805,114.84375
28.908843537414967,0.1703354782066568,0.012543990028315756,114.84375
28.92045351473923,0.17334783454840277,0.012124563553806878,114.84375
28.93206349206349,0.17624782662356706,0.011815093756288102,114.84375
28.943673469387754,0.1799379712117185,0.011339436130133922,114.84375
28.955283446712016,0.18401971269077638,0.01099000024163852,114.84375
28.966893424036282,0.1883565994552355,0.010641338900549024,114.84375
28.978503401360545,0.1933199840192853,0.010181539941400383,114.84375
28.990113378684807,0.1979189331512227,0.009667797027706876,114.84375
29.00172335600907,0.2032904134795772,0.009108408750010987,114.84375
29.013333333333332,0.2086744089451746,0.008426447621379944,114.84375
29.024943310657598,0.21246274003070117,0.008139864684286478,114.84375
29.03655328798186,0.2163035835475569,0.008067287427357633,114.84375
29.048163265306123,0.2184871765806782,0.008155658938598232,114.84375
29.059773242630385,0.2198510120894806,0.008267685541732498,114.84375
29.071383219954647,0.22138973882163585,0.0084182283887651,114.84375
29.082993197278913,0.2222591912158526,0.00859939478875476,114.84375
29.094603174603176,0.22329528664619602,0.008798056241194424,114.84375
29.106213151927438,0.22418884720388488,0.009020756326921623,114.84375
29.1178231292517,0.22549149852281258,0.009171074798473159,114.84375
29.129433106575963,0.22772891968224623,0.009225126348929129,114.84375
29.141043083900225,0.23011031718959146,0.009251032726848239,114.84375
29.15265306122449,0.23299214067904736,0.009170931602547113,114.84375
29.164263038548754,0.2364165740223075,0.009088668584689819,114.84375
29.175873015873016,0.23939529163764978,0.00900076027760161,114.84375
29.18748299319728,0.24212827374814028,0.008920205002140249,114.84375
29.19909297052154,0.2443307921310676,0.00894700879639978,114.84375
29.210702947845807,0.24591970852439646,0.00893035504649039,114.84375
29.22231292517007,0.2471225594434292,0.008873025980397407,114.84375
29.23392290249433,0.2476491656316019,0.008835966038666217,114.84375
29.245532879818594,0.2478852460427212,0.008865602333249473,114.84375
29.257142857142856,0.24754415076472697,0.008940338147472127,114.84375
29.26875283446712,0.2461888424921026,0.009078376442790453,114.84375
29.280362811791385,0.24468263037721533,0.009211122850871237,114.84375
29.291972789115647,0.2432111377828063,0.00944404904392511,114.84375
29.30358276643991,0.2400767570828544,0.009842015244023053,114.84375
29.31519274376417,0.23712335045691382,0.010417657653125995,114.84375
29.326802721088434,0.234198228565921,0.01088300738869583,114.84375
29.3384126984127,0.2303099967061751,0.011302908000642872,114.84375
29.350022675736962,0.2277790068866404,0.011600347390494137,114.84375
29.361632653061225,0.2247024842796541,0.011935212148563603,114.84375
29.373242630385487,0.22152303550802177,0.012300852306513718,114.84375
29.38485260770975,0.21927500715649176,0.01262147028054666,114.84375
29.396462585034012,0.21630630948097415,0.012902514248219104,114.84375
29.408072562358278,0.21471893660319066,0.013071342079358802,114.84375
29.41968253968254,0.21317543771746852,0.013224432806691718,114.84375
29.431292517006803,0.21091780591708664,0.013451304988341224,114.84375
29.442902494331065,0.2098678446692753,0.013611817812806275,114.84375
29.454512471655327,0.20839026797473498,0.013839550502390576,114.84375
29.466122448979593,0.20646326670016357,0.014088778911960337,114.84375
29.477732426303856,0.20525470069200139,0.0143816057768309,114.84375
29.489342403628118,0.2032582162284304,0.014865549932168239,114.84375
29.50095238095238,0.20140991925299742,0.015274629338753332,114.84375
29.512562358276643,0.19988675512253345,0.015710323264320675,114.84375
29.524172335600905,0.19845413446360197,0.016317905544244005,114.84375
29.53578231292517,0.1975241759268143,0.016702712979766797,114.84375
29.547392290249434,0.1964520431985545,0.01709121421230686,114.84375
29.559002267573696,0.1957697052047617,0.017588068491856453,114.84375
29.57061224489796,0.1956654283598907,0.01788658207758168,114.84375
29.58222222222222,0.19556870832723094,0.01828863063449834,114.84375
29.593832199546487,0.19616923916413764,0.018774635365353957,114.84375
29.60544217687075,0.1972863974819987,0.019146310329383732,114.84375
29.61705215419501,0.19816821965810888,0.01944896612731854,114.84375
29.628662131519274,0.19951143053393605,0.019771727993287833,114.84375
29.640272108843536,0.20076780762332586,0.02001880897258956,114.84375
29.6518820861678,0.20185279576195345,0.020218780353437178,114.84375
29.663492063492065,0.20315924756100834,0.020341480573841803,114.84375
29.675102040816327,0.20408269467792656,0.020522315224400917,114.84375
29.68671201814059,0.20442998900756057,0.02081102358850401,114.84375
29.698321995464852,0.20491433302373682,0.021313329430151323,114.84375
29.709931972789114,0.20482103238196409,0.022061548686559993,114.84375
29.72154195011338,0.20451852415962196,0.022735897486104516,114.84375
29.733151927437643,0.20430565895532896,0.023402603213791978,114.84375
29.744761904761905,0.20336339810818546,0.024280198078714278,114.84375
29.756371882086167,0.20205844317768704,0.025150063397881707,114.84375
29.76798185941043,0.20056049299422807,0.02608234473150451,114.84375
29.779591836734692,0.19876769344092657,0.027064497670759153,114.84375
29.791201814058958,0.19686785654058603,0.027805228544105186,114.84375
29.80281179138322,0.19468237222195706,0.028479945508396536,114.84375
29.814421768707483,0.1924481184763719,0.029331576738388,114.84375
29.826031746031745,0.18937651754321175,0.030186040641852624,114.84375
29.837641723356008,0.18708083429456882,0.030974613281354653,114.84375
29.849251700680274,0.1856103187879821,0.03158402987776921,114.84375
29.860861678004536,0.18431093942213708,0.032127112137643334,114.84375
29.8724716553288,0.18410291384294855,0.032745689167350905,114.84375
29.88408163265306,0.18384181981698214,0.033403546380968124,114.84375
29.895691609977323,0.1831016787070322,0.03399484208008885,114.84375
29.90730158730159,0.18242677382763176,0.03442222645508283,114.84375
29.91891156462585,0.18127485100826748,0.03501580694830225,114.84375
29.930521541950114,0.17931801690180224,0.035610380098809,114.84375
29.942131519274376,0.17696740265875094,0.036089733872282106,114.84375
29.95374149659864,0.17381940312047803,0.03685789593262604,114.84375
29.9653514739229,0.17050209333788832,0.03790577586436645,114.84375
29.976961451247167,0.1671126485682749,0.038975014041969534,114.84375
29.98857142857143,0.16380673481168417,0.03997833951261526,114.84375
30.00018140589569,0.16128947170163255,0.04088722203555448,114.84375
30.011791383219954,0.15860931355771885,0.04142736395510504,114.84375
30.023401360544216,0.15640604507454942,0.0419550884033097,114.84375
30.035011337868482,0.15473200375724475,0.0424893286061703,114.84375
30.046621315192745,0.1528329556908068,0.04278156390403349,114.84375
30.058231292517007,0.15119867843264348,0.04329723515246164,114.84375
30.06984126984127,0.14952812647670935,0.04408343934780965,114.84375
30.081451247165532,0.1477898784945401,0.04456503999420509,114.84375
30.093061224489794,0.1463674381244578,0.044947519035144934,114.84375
30.10467120181406,0.1453968408974858,0.04563395522165016,114.84375
30.116281179138323,0.1445207550515446,0.04607574642604579,115.1592548076923
30.127891156462585,0.14416199972331983,0.0462940591995337,115.47475961538461
30.139501133786847,0.14315823981912612,0.046585377562236456,115.79026442307692
30.15111111111111,0.1414217727523567,0.046917499393119025,116.10576923076923
30.162721088435376,0.13922192699200212,0.04719064774757035,116.42127403846153
30.174331065759638,0.13632207194236792,0.047575431966390594,116.73677884615384
30.1859410430839,0.13301031648339207,0.04801256519546694,117.05228365384615
30.197551020408163,0.12965607852869512,0.048498661241585056,117.36778846153845
30.209160997732425,0.12650656796117274,0.04941564166975547,117.68329326923076
30.220770975056688,0.12330425383513119,0.050080223285522724,117.99879807692307
30.232380952380954,0.12092392087871257,0.05058903507612705,118.31430288461537
30.243990929705216,0.11933550010964138,0.051392196709236074,118.62980769230768
30.25560090702948,0.11824686559254657,0.05195584758983453,118.94531249999999
30.26721088435374,0.11764360340783997,0.0521655013244714,119.26081730769229
30.278820861678003,0.11731054640562164,0.052406985434190013,119.5763221153846
30.29043083900227,0.11671278565017532,0.05250142878868832,119.8918269230769
30.30204081632653,0.11556652252664094,0.05239016579613063,120.20733173076921
30.313650793650794,0.11445165907404029,0.052688190242077944,120.52283653846152
30.325260770975056,0.11285631330956358,0.05307825176691187,120.83834134615383
30.33687074829932,0.11106816970884754,0.053393217816244835,121.15384615384613
30.34848072562358,0.10981653978356622,0.05397011150494946,121.46935096153844
30.360090702947847,0.10908820994111511,0.05401503158861095,121.78485576923075
30.37170068027211,0.10897786440627877,0.05333229389007759,122.10036057692305
30.383310657596372,0.10962177777589892,0.052860525934794574,122.41586538461536
30.394920634920634,0.11086291837602916,0.05245299919333289,122.73137019230768
30.406530612244897,0.11223904370045824,0.05162832605847596,123.04687499999999
30.418140589569163,0.11366512295217027,0.05090560101113901,123.04687499999999
30.429750566893425,0.11505210577977043,0.05033320240053669,123.04687499999999
30.441360544217687,0.11624479182011999,0.049904859440892256,123.04687499999999
30.45297052154195,0.11706033112386592,0.04955625049106715,123.04687499999999
30.464580498866212,0.11811533066297576,0.049344367825330034,123.04687499999999
30.476190476190474,0.11918007692383213,0.04894708809353935,123.04687499999999
30.48780045351474,0.12053645682772965,0.048508984426356504,123.04687499999999
30.499410430839003,0.12263905277890708,0.04807709936036511,123.04687499999999
30.511020408163265,0.1250599248841675,0.04712772697118861,123.04687499999999
30.522630385487528,0.12787905232151725,0.046059355898576945,123.04687499999999
30.53424036281179,0.13075663093497789,0.045287407771414,123.04687499999999
30.545850340136056,0.1333968979900035,0.0442078217427396,123.04687499999999
30.55746031746032,0.1357604405293429,0.043228904827819034,123.04687499999999
30.56907029478458,0.1378691547329114,0.04261892109932235,123.04687499999999
30.580680272108843,0.1398041534671433,0.04206296299211435,123.04687499999999
30.592290249433105,0.1415982591361356,0.041509178588192856,123.04687499999999
30.603900226757368,0.1434784430769405,0.04098573032866165,123.04687499999999
30.615510204081634,0.1451728466379075,0.04021678756417152,123.04687499999999
30.627120181405896,0.14665578440425028,0.03940834805248847,123.04687499999999
30.63873015873016,0.14816605564015892,0.03865338163915609,123.04687499999999
30.65034013605442,0.14915886724614946,0.03781769851538616,123.04687499999999
30.661950113378683,0.14978394606099565,0.037235890343758356,123.04687499999999
30.67356009070295,0.15001875575815682,0.03703525331948308,123.04687499999999
30.68517006802721,0.14925670639005326,0.03710570443295882,123.04687499999999
30.696780045351474,0.1476508217379997,0.03719381927552487,123.04687499999999
30.708390022675736,0.1457277967027461,0.03771093922703539,123.04687499999999
30.72,0.14378858849425163,0.03825863424266572,123.04687499999999
30.731609977324265,0.14210014950050673,0.03844308329778022,123.04687499999999
30.743219954648527,0.14093710179076677,0.03855853904007646,123.04687499999999
30.75482993197279,0.14037637457964383,0.03878988757986692,123.04687499999999
30.766439909297052,0.1397976166413245,0.03857410690113186,123.04687499999999
30.778049886621314,0.13936032236087756,0.038424926043985695,123.04687499999999
30.789659863945577,0.13884721922653545,0.03832895329522071,123.04687499999999
30.801269841269843,0.1379970953453865,0.03810272021243432,123.04687499999999
30.812879818594105,0.13673823930172632,0.038144462639451475,123.04687499999999
30.824489795918367,0.13525510370217142,0.03851428102372954,123.04687499999999
30.83609977324263,0.13364257976751978,0.03864799214725536,123.04687499999999
30.847709750566892,0.1316325835038078,0.03891047855243998,123.04687499999999
30.859319727891158,0.13004819478384472,0.03900782543733427,123.04687499999999
30.87092970521542,0.12849214119423713,0.03877404787790477,123.04687499999999
30.882539682539683,0.12706015984894892,0.038269795625039425,123.04687499999999
30.894149659863945,0.12618974161216615,0.03797706834103701,123.04687499999999
30.905759637188208,0.12508071819598673,0.03764537078497108,123.04687499999999
30.91736961451247,0.1242883607797893,0.037379048413311515,123.04687499999999
30.928979591836736,0.12423988039756828,0.03719949651942002,123.04687499999999
30.940589569161,0.12437241199003707,0.0367721656842875,123.04687499999999
30.95219954648526,0.12616440438383317,0.035885314777386976,123.04687499999999
30.963809523809523,0.12858501076785295,0.0348734670904215,123.04687499999999
30.975419501133786,0.13185159403240507,0.03389741251565516,123.04687499999999
30.98702947845805,0.13646063349114154,0.03262544162742831,123.04687499999999
30.998639455782314,0.14105247395515438,0.03143738832104403,123.04687499999999
31.010249433106576,0.1460049964346324,0.02999069961053887,123.04687499999999
31.02185941043084,0.15065890196692755,0.028506136352063262,123.04687499999999
31.0334693877551,0.15430314800039865,0.027459723980295184,123.04687499999999
31.045079365079363,0.1573007243269913,0.026511687938673603,123.04687499999999
31.05668934240363,0.15908682045808487,0.025630201875793138,123.04687499999999
31.068299319727892,0.16052348107945297,0.025219571512249028,123.04687499999999
31.079909297052154,0.16140136158499616,0.024719277012602053,123.04687499999999
31.091519274376417,0.1628835292595302,0.023934642361595825,123.04687499999999
31.10312925170068,0.16579403148439417,0.02301555815664053,123.04687499999999
31.114739229024945,0.1683530961274263,0.02201339396130872,123.04687499999999
31.126349206349207,0.1723256303414766,0.020720239280351806,123.04687499999999
31.13795918367347,0.17625968911945558,0.019598536071556767,123.04687499999999
31.149569160997732,0.17997062452048043,0.01858610224783998,123.04687499999999
31.161179138321994,0.1848903195979698,0.017531424566956406,123.04687499999999
31.172789115646257,0.18918459517099726,0.016547898637453068,123.04687499999999
31.184399092970523,0.1934612385986893,0.01567812328372195,123.04687499999999
31.196009070294785,0.19787639859412995,0.014659779854828834,123.04687499999999
31.207619047619048,0.20156177727607916,0.013910121989223015,123.04687499999999
31.21922902494331,0.2060796222878926,0.013172336487477801,123.04687499999999
31.230839002267572,0.2101365567316259,0.012462599847833784,123.04687499999999
31.24244897959184,0.21388208462338232,0.012005540284947876,123.04687499999999
31.2540589569161,0.21683365619009656,0.011898552946105886,123.04687499999999
31.265668934240363,0.21839016542082845,0.011870164919702855,123.04687499999999
31.277278911564625,0.21921379214628506,0.011808962182643188,123.04687499999999
31.288888888888888,0.2193456573531973,0.01176291481193831,123.04687499999999
31.30049886621315,0.21895219000133181,0.011908565748443697,123.04687499999999
31.312108843537416,0.21822560317360207,0.012054019389694831,123.04687499999999
31.32371882086168,0.2175400965164878,0.01226460129111384,123.04687499999999
31.33532879818594,0.21655550102791854,0.012398063735476748,123.04687499999999
31.346938775510203,0.2161536263892752,0.012502507594092969,123.04687499999999
31.358548752834466,0.21693324376310433,0.012532917667553796,123.04687499999999
31.37015873015873,0.21803417142775364,0.012407557617093253,123.04687499999999
31.381768707482994,0.22014986643651793,0.012147386533314368,123.04687499999999
31.393378684807256,0.22162372594912566,0.01211192827462342,123.04687499999999
31.40498866213152,0.22149696608855854,0.012187468856087704,123.04687499999999
31.41659863945578,0.22202272596707442,0.012201988944916305,123.04687499999999
31.428208616780044,0.22075318817943368,0.012484510331794,123.04687499999999
31.43981859410431,0.21973330674266311,0.01270841351956107,123.04687499999999
31.451428571428572,0.2192516440953701,0.012788053571889297,123.04687499999999
31.463038548752834,0.21696459303863036,0.01301114344158634,123.04687499999999
31.474648526077097,0.21598681634026845,0.013187447364395229,123.04687499999999
31.48625850340136,0.21479803365331643,0.01340889813762695,123.04687499999999
31.497868480725625,0.21302690495831403,0.013685412020038068,123.04687499999999
31.509478458049887,0.21249952409693185,0.013886139533341847,123.04687499999999
31.52108843537415,0.21025055697474898,0.014103422410096298,123.04687499999999
31.532698412698412,0.20800575517878556,0.014339123277467258,123.04687499999999
31.544308390022675,0.20584840899028198,0.014573288297542458,123.04687499999999
31.555918367346937,0.20268201429521146,0.0149043316352217,123.04687499999999
31.567528344671203,0.2008727046232555,0.015161248522983,123.04687499999999
31.579138321995465,0.19892639774261986,0.015423346579113128,123.04687499999999
31.590748299319728,0.19648337581444164,0.015754414843003505,123.04687499999999
31.60235827664399,0.1951489079171164,0.015883757250040834,123.04687499999999
31.613968253968252,0.19354236562581678,0.016127186129869076,123.04687499999999
31.62557823129252,0.1923251565969861,0.016226321200771183,123.04687499999999
31.63718820861678,0.1924734981867841,0.01614364312286201,123.04687499999999
31.648798185941043,0.19191727949044218,0.016079261281108488,123.04687499999999
31.660408163265306,0.1913657871336601,0.015878997325219246,123.04687499999999
31.672018140589568,0.19026074120627132,0.015746898220690704,123.04687499999999
31.683628117913834,0.18838737938760164,0.015877966988353212,123.04687499999999
31.695238095238096,0.18691572852662286,0.015896442602431383,123.04687499999999
31.70684807256236,0.18497192850515282,0.015969772311357152,123.04687499999999
31.71845804988662,0.18278371866959758,0.016240350936291125,123.04687499999999
31.730068027210883,0.18094183357269158,0.016606623698795352,123.04687499999999
31.741678004535146,0.17831421618149315,0.01691701959085886,123.04687499999999
31.753287981859412,0.17605000174128546,0.017202346250277556,123.04687499999999
31.764897959183674,0.17433346001914793,0.017452391057952963,123.04687499999999
31.776507936507937,0.17169792055315503,0.01767780330621928,123.04687499999999
31.7881179138322,0.16966701019524166,0.017976108937164927,123.04687499999999
31.79972789115646,0.16765682192919118,0.018239996742678392,123.04687499999999
31.811337868480727,0.16533006095713662,0.018487377602251713,123.04687499999999
31.82294784580499,0.16397577975125127,0.018656234805398277,123.04687499999999
31.834557823129252,0.16241406646581372,0.018768587742105308,123.04687499999999
31.846167800453514,0.16085723695352375,0.018859051849291427,123.04687499999999
31.857777777777777,0.15978684723998535,0.018939123517104143,123.04687499999999
31.86938775510204,0.15812696370032062,0.019246793942688772,123.04687499999999
31.880997732426305,0.15699219406167286,0.019604607654640626,123.04687499999999
31.892607709750568,0.15621576242729507,0.01980227674570685,123.04687499999999
31.90421768707483,0.1551650023497978,0.020154308506975308,123.04687499999999
31.915827664399092,0.1547391286683172,0.020308312447513174,123.04687499999999
31.927437641723355,0.1540187425581912,0.020619175083222578,123.04687499999999
31.93904761904762,0.15309418007844772,0.021059082211417664,123.04687499999999
31.950657596371883,0.1528314758983803,0.02140330564590681,123.04687499999999
31.962267573696145,0.15222075102842225,0.021763002584395133,123.04687499999999
31.973877551020408,0.1521745821711005,0.022212053944076087,123.04687499999999
31.98548752834467,0.15235296525476974,0.022489944434079718,123.04687499999999
31.997097505668933,0.15215926030119153,0.022774850853776427,123.04687499999999
32.008707482993195,0.15246640031964265,0.02300795982604631,123.04687499999999
32.02031746031746,0.15274187203048262,0.02314750459212054,123.04687499999999
32.03192743764173,0.1530719661159201,0.023052042265820746,123.04687499999999
32.04353741496599,0.15372554665751093,0.023195262349890642,123.04687499999999
32.05514739229025,0.15413446499148697,0.023275634239441907,123.04687499999999
32.066757369614514,0.15428032429508678,0.023374247446690456,123.04687499999999
32.07836734693878,0.15444508729096207,0.023618677665165188,123.04687499999999
32.08997732426304,0.15465946810590522,0.023770117243913067,123.04687499999999
32.1015873015873,0.15512536448742123,0.0238142258832995,123.04687499999999
32.113197278911564,0.155754314169369,0.023833575257055963,123.04687499999999
32.124807256235826,0.15714461184862205,0.02384440817917355,123.04687499999999
32.13641723356009,0.1588681306275367,0.02382903462343539,123.04687499999999
32.14802721088435,0.1607798633430436,0.023806019725672957,123.04687499999999
32.15963718820862,0.16352681789269108,0.023624797400043206,123.04687499999999
32.17124716553288,0.16554603193461406,0.023389217854204676,123.04687499999999
32.182857142857145,0.16729218658141182,0.023047012485491302,123.04687499999999
32.19446712018141,0.16896149656126494,0.02305489934887604,123.04687499999999
32.20607709750567,0.16916950131590477,0.023018807840373242,123.04687499999999
32.21768707482993,0.1695205840474278,0.023016461580672658,123.04687499999999
32.229297052154195,0.16961803752069074,0.02299248069392426,123.04687499999999
32.24090702947846,0.16898357141580764,0.022961512713945184,123.04687499999999
32.25251700680272,0.16903103014567228,0.022890219288727736,123.04687499999999
32.26412698412698,0.16919535582602604,0.022908851895991435,123.04687499999999
32.275736961451244,0.16932094118204974,0.022728085308448914,123.04687499999999
32.287346938775514,0.17040267277776064,0.02249092454040181,123.04687499999999
32.298956916099776,0.1711276211300032,0.022298755742999863,123.04687499999999
32.31056689342404,0.1723389497227882,0.022065259427190093,123.04687499999999
32.3221768707483,0.17403159402588592,0.021705769967211356,123.04687499999999
32.33378684807256,0.17508727494422735,0.021578220135991952,123.04687499999999
32.345396825396826,0.1768339510377231,0.02116588521895457,123.04687499999999
32.35700680272109,0.17879418371052674,0.020967940732646247,123.04687499999999
32.36861678004535,0.18038276191318567,0.020728798526453353,123.04687499999999
32.38022675736961,0.18282388006112704,0.020435908845015335,123.04687499999999
32.391836734693875,0.18488301309683328,0.020131934950376768,123.04687499999999
32.40344671201814,0.18612108249252976,0.02006835827576658,123.04687499999999
32.41505668934241,0.18741137902323896,0.019999651973347642,123.04687499999999
32.42666666666667,0.18737406059909015,0.01997320835639698,123.04687499999999
32.43827664399093,0.1872113654808951,0.020005925258993373,123.04687499999999
32.449886621315194,0.1868233245899147,0.02010799354785076,123.04687499999999
32.46149659863946,0.18539342653247268,0.020392955613124205,123.04687499999999
32.47310657596372,0.1850062523592069,0.020675483252277298,123.04687499999999
32.48471655328798,0.18416078817906212,0.02099590509819615,123.04687499999999
32.496326530612244,0.1834371796782792,0.021040267788742986,123.04687499999999
32.507936507936506,0.184120836282492,0.021037078887020416,123.04687499999999
32.51954648526077,0.18454058338176205,0.021153111655036912,123.04687499999999
32.53115646258503,0.18511866577172342,0.021161955109414293,123.04687499999999
32.5427664399093,0.18607159503513637,0.021171737515971602,123.04687499999999
32.55437641723356,0.18629863884161788,0.02126943253953383,123.04687499999999
32.565986394557825,0.1858888258850321,0.021249270614662967,123.04687499999999
32.57759637188209,0.18531364393820562,0.021359287658984934,123.04687499999999
32.58920634920635,0.18386358563522304,0.021507558651690895,123.04687499999999
32.60081632653061,0.18252942968963648,0.021704486220797587,123.04687499999999
32.612426303854875,0.18058561717343724,0.02197111003174048,123.04687499999999
32.62403628117914,0.17839359269706168,0.022316957695274045,123.04687499999999
32.6356462585034,0.17624897780461599,0.02249801675567791,123.04687499999999
32.64725623582766,0.173740584702813,0.022724886967689418,123.04687499999999
32.658866213151924,0.17092932394695837,0.02292949132205406,123.04687499999999
32.670476190476194,0.16817472095708558,0.023375566100682414,123.04687499999999
32.682086167800456,0.1652030507854948,0.023783726833912992,123.04687499999999
32.69369614512472,0.16207703239129567,0.024182989283494178,123.04687499999999
32.70530612244898,0.15935855957682615,0.024617864589350832,123.04687499999999
32.71691609977324,0.15705126997424299,0.025003651253776446,123.04687499999999
32.728526077097506,0.15539455384842676,0.02541153566794422,123.04687499999999
32.74013605442177,0.15361255890394282,0.025817432703286274,123.04687499999999
32.75174603174603,0.15271990546359282,0.026004875829201166,123.04687499999999
32.76335600907029,0.15201209196646404,0.0260739330897175,123.04687499999999
32.774965986394555,0.15127616449568634,0.025964183798228006,123.04687499999999
32.78657596371882,0.15152699201917208,0.025703628374995482,123.04687499999999
32.79818594104309,0.1509561507412646,0.02572306095709861,123.04687499999999
32.80979591836735,0.1503989566230643,0.02575960885623074,123.04687499999999
32.82140589569161,0.1495789013076998,0.02567984733528509,123.04687499999999
32.833015873015874,0.14809225885415356,0.025729976572271628,123.04687499999999
32.84462585034014,0.14703878866989598,0.025808152416282877,123.04687499999999
32.8562358276644,0.14540955470092287,0.02596194934941081,123.04687499999999
32.86784580498866,0.1438777742052127,0.02625435479339634,123.04687499999999
32.879455782312924,0.14262572862194045,0.026406431360071324,123.04687499999999
32.891065759637186,0.14110643660805097,0.02663940059332841,123.04687499999999
32.90267573696145,0.13996474655539845,0.026831068831348094,123.04687499999999
32.91428571428571,0.13956582233880677,0.02695279617212131,123.04687499999999
32.92589569160998,0.13894463938052057,0.0269768443785011,123.04687499999999
32.93750566893424,0.13911723990352282,0.027036315029834907,123.04687499999999
32.949115646258505,0.13944779712692212,0.027432141291199228,123.04687499999999
32.96072562358277,0.13967722076282243,0.027555535283732512,123.04687499999999
32.97233560090703,0.1407393856126291,0.027378548780049035,123.04687499999999
32.98394557823129,0.14165897477366585,0.027352113980685645,123.04687499999999
32.995555555555555,0.1425216233713502,0.027339540122887057,123.04687499999999
33.00716553287982,0.14363136606743973,0.027255402267551916,123.04687499999999
33.01877551020408,0.1438580317001179,0.027401434947122764,123.04687499999999
33.03038548752834,0.14372909317527183,0.027631371000277086,123.04687499999999
33.041995464852604,0.14360333705794928,0.027930776244165473,122.93681518336314
33.053605442176874,0.14252650922695265,0.028287677035815084,122.82675536672629
33.065215419501136,0.14153143440901564,0.02853464579519813,122.71669555008944
33.0768253968254,0.13998058195867694,0.02882704564125133,122.60663573345259
33.08843537414966,0.1376992888896368,0.029337624319683266,122.49657591681574
33.10004535147392,0.1358154918896425,0.029719363641315662,122.3865161001789
33.111655328798186,0.13328984315034362,0.030023924482033386,122.27645628354205
33.12326530612245,0.13075451516083583,0.030339883732875064,122.1663964669052
33.13487528344671,0.12877771406064148,0.030687249426160693,122.05633665026835
33.14648526077097,0.12640680004757374,0.03108422073034825,121.9462768336315
33.158095238095235,0.12465674142264199,0.03135091758920054,121.83621701699465
33.1697052154195,0.12346019492746514,0.03138391561373149,121.72615720035779
33.18131519274377,0.12222028547465062,0.03137502830193079,121.61609738372094
33.19292517006803,0.12109396498012348,0.031477567637932094,121.50603756708409
33.20453514739229,0.12049655532656725,0.031473301823242664,121.39597775044724
33.216145124716554,0.11981685746905131,0.03125607317753495,121.2859179338104
33.22775510204082,0.11948561095309194,0.031151175480482976,121.17585811717353
33.23936507936508,0.12023361582910021,0.030796690102266912,121.06579830053668
33.25097505668934,0.12084130073144747,0.03016679305110167,120.95573848389984
33.262585034013604,0.121779359601166,0.02989285598289031,120.84567866726297
33.274195011337866,0.12306085026323638,0.029607696531548457,120.73561885062612
33.28580498866213,0.12341105045038796,0.029152081881796355,120.62555903398928
33.29741496598639,0.12405261564390317,0.02862212462525358,120.51549921735243
33.30902494331066,0.12480059178203431,0.02810068304237186,120.40543940071558
33.32063492063492,0.12473631972808692,0.027424919128151422,120.29537958407872
33.332244897959185,0.1250389524812299,0.026629775767475602,120.18531976744187
33.34385487528345,0.12501257027704607,0.025880911377984362,120.18531976744187
33.35546485260771,0.12479791624402477,0.025210576196625176,120.18531976744187
33.36707482993197,0.1255382156205444,0.0243660207306686,120.18531976744187
33.378684807256235,0.12652111349190834,0.02369979345030779,120.18531976744187
33.3902947845805,0.12791515292606143,0.0229135633704253,120.18531976744187
33.40190476190476,0.1299253370272022,0.021959518550749107,120.18531976744187
33.41351473922902,0.1318725743486711,0.021081306302292904,120.18531976744187
33.425124716553285,0.1342428994435033,0.020290630186148653,120.18531976744187
33.436734693877554,0.13678736316250037,0.019327314232755348,120.18531976744187
33.448344671201816,0.13899184363440079,0.018467524230980064,120.18531976744187
33.45995464852608,0.14135130393746986,0.01763648931652482,120.18531976744187
33.47156462585034,0.14329659124820396,0.017136103533554835,120.18531976744187
33.483174603174604,0.1453009669662374,0.0166803293816679,120.18531976744187
33.494784580498866,0.147529285923705,0.01618870008969862,120.18531976744187
33.50639455782313,0.14911235228482933,0.015887222517695334,120.18531976744187
33.51800453514739,0.15051891685200877,0.01583132525521584,120.18531976744187
33.52961451247165,0.1510802267340027,0.01577573988589065,120.18531976744187
33.541224489795916,0.15068633706029078,0.015979758692433992,120.18531976744187
33.55283446712018,0.15018358705855162,0.01614119707396655,120.18531976744187
33.56444444444445,0.14900341990386384,0.01622185161110477,120.18531976744187
33.57605442176871,0.14757889916137218,0.016402966415667918,120.18531976744187
33.58766439909297,0.14694864003180577,0.01663331507592121,120.18531976744187
33.599274376417235,0.1461872920345005,0.01684299591715989,120.18531976744187
33.6108843537415,0.1458703990469383,0.016916096269425727,120.18531976744187
33.62249433106576,0.1468208414427524,0.016959001460948305,120.18531976744187
33.63410430839002,0.14771249988616827,0.01711307762679509,120.18531976744187
33.645714285714284,0.14916131121517814,0.016898608402829734,120.18531976744187
33.65732426303855,0.1508920415352876,0.01675000833041506,120.18531976744187
33.66893424036281,0.15184139605668062,0.01693539050357338,120.18531976744187
33.68054421768707,0.15262912001080514,0.016908789937895463,120.18531976744187
33.69215419501134,0.15336599624801897,0.016924708738433585,120.18531976744187
33.7037641723356,0.15399152320715193,0.01706181945164521,120.18531976744187
33.715374149659866,0.1546918831818307,0.01709255627008297,120.18531976744187
33.72698412698413,0.15508825972314147,0.01711351630859338,120.18531976744187
33.73859410430839,0.15542467197663704,0.017238939984386567,120.18531976744187
33.75020408163265,0.15654796853845585,0.017141394955528903,120.18531976744187
33.761814058956915,0.1576208880181633,0.017049208099397164,120.18531976744187
33.77342403628118,0.15901125191948098,0.016795463491576824,120.18531976744187
33.78503401360544,0.1606547711123317,0.016720598275995185,120.18531976744187
33.7966439909297,0.162041767267643,0.01650135272762544,120.18531976744187
33.80825396825397,0.16352153178926374,0.016123300493401844,120.18531976744187
33.819863945578234,0.16550165898636723,0.015744259633038965,119.79191446542077
33.8314739229025,0.1679182066658566,0.015360268280962404,119.3985091633997
33.84308390022676,0.16985792340982891,0.014909777397464317,119.00510386137859
33.85469387755102,0.1721395929867085,0.01446076155852277,118.6116985593575
33.866303854875284,0.17434492268370252,0.013958182314724205,118.2182932573364
33.877913832199546,0.17576261214125763,0.013467785855386088,117.82488795531532
33.88952380952381,0.17743570094370736,0.013002184830165868,117.43148265329421
33.90113378684807,0.17856527693992372,0.012787670743587531,117.03807735127313
33.91274376417233,0.17937745599450075,0.012658524112996873,116.64467204925202
33.924353741496596,0.18043282579408546,0.012421283171571982,116.25126674723094
33.935963718820865,0.18082076589425028,0.01209741245288108,115.85786144520983
33.94757369614513,0.18155627021019957,0.011985864618285021,115.46445614318876
33.95918367346939,0.18241511791126575,0.011875984060018042,115.07105084116768
33.97079365079365,0.18274868053352508,0.011847341101411005,114.6776455391466
33.982403628117915,0.18379501247899907,0.011879355616224482,114.28424023712552
33.99401360544218,0.18452604326540903,0.012013224416757331,113.89083493510441
34.00562358276644,0.18477157094126537,0.012127318748978749,113.49742963308333
34.0172335600907,0.18593937497791524,0.012408574307060022,113.10402433106225
34.028843537414964,0.18691608046149497,0.012772778424903514,112.71061902904117
34.04045351473923,0.18806040440305974,0.012994073150701415,112.31721372702009
34.05206349206349,0.18948292307344494,0.013282871245429855,111.92380842499898
34.06367346938776,0.1905695417742312,0.013501117200946825,111.5304031229779
34.07528344671202,0.1920563608199499,0.013612294947486617,111.13699782095682
34.08689342403628,0.19344070017934545,0.013551815308041037,110.74359251893574
34.098503401360546,0.19479587600784048,0.013671167526775888,110.35018721691463
34.11011337868481,0.19644435894010553,0.013809299122891713,109.95678191489355
34.12172335600907,0.1970576294028896,0.013951228924048495,109.95678191489355
34.13333333333333,0.19755694210462982,0.014164202678809693,109.95678191489355
34.144943310657595,0.19826841447495505,0.014450388449439562,109.95678191489355
34.15655328798186,0.19805684122565992,0.014833790812233726,109.95678191489355
34.16816326530612,0.19814643676373822,0.015155145275745754,109.95678191489355
34.17977324263038,0.1986234347121354,0.015498707832017868,109.95678191489355
34.19138321995465,0.19835307626096904,0.015877180719332078,109.95678191489355
34.202993197278914,0.19846031935454866,0.01612561020492628,109.95678191489355
34.21460317460318,0.1987515019378663,0.016403465374614346,109.95678191489355
34.22621315192744,0.19817270776483234,0.01672263907356373,109.95678191489355
34.2378231292517,0.1981364468112636,0.016960446363271497,109.95678191489355
34.249433106575964,0.19755395836330047,0.01731893910509406,109.95678191489355
34.261043083900226,0.19643546102696172,0.017600469248653678,109.95678191489355
34.27265306122449,0.19565977616089825,0.018077760719165364,109.95678191489355
34.28426303854875,0.1941439697599605,0.018672629542807476,109.95678191489355
34.29587301587301,0.19277438084485923,0.019204082647896296,109.95678191489355
34.307482993197276,0.19135246233796588,0.019832207475835292,109.95678191489355
34.319092970521545,0.18936690951295918,0.020644109123666765,109.95678191489355
34.33070294784581,0.1875249248747106,0.02138783679289918,109.95678191489355
34.34231292517007,0.18527491860755052,0.022172508989991215,109.95678191489355
34.35392290249433,0.18304326334914497,0.023065299227176154,109.95678191489355
34.365532879818595,0.18086489352931412,0.02372998998195936,109.95678191489355
34.37714285714286,0.17856150311521873,0.024289284979827207,109.95678191489355
34.38875283446712,0.17658676281235805,0.024968271052787476,109.95678191489355
34.40036281179138,0.17450450494836658,0.02540582616656245,109.95678191489355
34.411972789115644,0.1731704943581296,0.02581503174470007,109.95678191489355
34.42358276643991,0.17237645265243798,0.02627328206862656,109.95678191489355
34.43519274376417,0.17211375513622612,0.026670437116626707,109.95678191489355
34.44680272108844,0.17234769811567283,0.02705265810194619,109.95678191489355
34.4584126984127,0.17290604674684987,0.027316741943581874,109.95678191489355
34.47002267573696,0.17379797465992516,0.027686368759735753,109.95678191489355
34.481632653061226,0.17430344226526207,0.02793721516298459,109.95678191489355
34.49324263038549,0.1757322337061893,0.02825340390994157,109.95678191489355
34.50485260770975,0.17738599566153515,0.028505070256552544,109.95678191489355
34.51646258503401,0.17857931893307316,0.02880132241091482,109.95678191489355
34.528072562358275,0.18106868797670952,0.029072482662268466,109.95678191489355
34.53968253968254,0.18305943027923788,0.029543585644403618,109.95678191489355
34.5512925170068,0.18486666291071227,0.02991580287532184,109.95678191489355
34.56290249433106,0.1874401672957729,0.030315958572518422,109.95678191489355
34.57451247165533,0.18930599687519875,0.030499705847036786,109.95678191489355
34.586122448979594,0.1915354880465094,0.030594787264578305,109.95678191489355
34.59773242630386,0.1947660352626181,0.030648736799192413,109.95678191489355
34.60934240362812,0.19884331195844712,0.03054538736029789,109.95678191489355
34.62095238095238,0.2044391826292951,0.030071137232724254,109.95678191489355
34.632562358276644,0.21172910825816582,0.029504358660504878,109.95678191489355
34.644172335600906,0.2196486653647068,0.02895442116321922,109.95678191489355
34.65578231292517,0.22718055808810697,0.028200161420345878,109.95678191489355
34.66739229024943,0.23437748836308805,0.02773138375162737,109.95678191489355
34.67900226757369,0.23960740257679078,0.02753519930257519,109.95678191489355
34.690612244897956,0.2429721765036278,0.027185948684328477,109.95678191489355
34.702222222222225,0.2455695429059956,0.027302923642624197,109.95678191489355
34.71383219954649,0.24672071479213598,0.02768405608408366,109.95678191489355
34.72544217687075,0.24787894953219375,0.027820025090606763,109.95678191489355
34.73705215419501,0.24883298791106737,0.027881304351909948,109.95678191489355
34.748662131519275,0.24935789065116112,0.0279664367817313,109.95678191489355
34.76027210884354,0.25054151634688737,0.028148303711186803,109.95678191489355
34.7718820861678,0.2522975797304201,0.028140915203680183,109.95678191489355
34.78349206349206,0.25490976863002046,0.028122127794445555,109.95678191489355
34.795102040816325,0.2575902145691964,0.02792960563265421,109.95678191489355
34.80671201814059,0.25976251070117024,0.02781638310285569,109.95678191489355
34.81832199546485,0.26166333801704417,0.027669789295825704,109.95678191489355
34.82993197278912,0.2630603137125558,0.027556634304500012,109.95678191489355
34.84154195011338,0.26509872382341715,0.027276514353216274,109.95678191489355
34.853151927437644,0.2674111458442587,0.026910622572193406,109.95678191489355
34.864761904761906,0.26956308639642573,0.02655331317360967,109.95678191489355
34.87637188208617,0.2721641491561775,0.02619210044056404,109.95678191489355
34.88798185941043,0.2739041976288224,0.025949787135993566,109.95678191489355
34.89959183673469,0.2743266677460729,0.02581713277552006,109.95678191489355
34.911201814058956,0.27373158627705485,0.02568889545580674,109.95678191489355
34.92281179138322,0.27206785977518366,0.025521813118786464,109.95678191489355
34.93442176870748,0.2685581803090747,0.025377012126883806,109.95678191489355
34.94603174603174,0.2640835912167189,0.025324235678767477,109.95678191489355
34.95764172335601,0.2593554365892219,0.025664519618620207,109.95678191489355
34.969251700680275,0.2551148296264642,0.02586134597674269,109.95678191489355
34.98086167800454,0.25298199018329376,0.02588384272121582,109.95678191489355
34.9924716553288,0.25222152597983283,0.026100554900309974,109.95678191489355
35.00408163265306,0.2527220198499721,0.02616710470876535,109.95678191489355
35.015691609977324,0.2533356559918304,0.026197239734701075,109.95678191489355
35.02730158730159,0.2536940939539338,0.026335905260961308,109.95678191489355
35.03891156462585,0.2539938366762162,0.026509851697308667,109.95678191489355
35.05052154195011,0.25430508287916864,0.02680757459284247,109.95678191489355
35.062131519274374,0.25460613754801553,0.026982217007136898,109.95678191489355
35.073741496598636,0.25469303838949947,0.027143511778760586,109.95678191489355
35.085351473922906,0.2544164409035599,0.02728912322642017,109.95678191489355
35.09696145124717,0.253352179021705,0.02765424363195374,109.95678191489355
35.10857142857143,0.25251203509724734,0.028145298786861443,109.95678191489355
35.12018140589569,0.25266389353682006,0.028369144368225782,109.95678191489355
35.131791383219955,0.25321923427019116,0.028453511384962375,109.95678191489355
35.14340136054422,0.25380450904276264,0.028584281611141397,109.95678191489355
35.15501133786848,0.25517866603085404,0.02874621172377613,111.09978380590077
35.16662131519274,0.2568519326749492,0.02870121087079441,112.24278569690799
35.178231292517005,0.2588123381915066,0.028513789483539942,113.3857875879152
35.18984126984127,0.2612240791486784,0.028272926962282875,114.52878947892242
35.20145124716553,0.2631785546667644,0.02804647547662861,115.67179136992964
35.2130612244898,0.26517588460701025,0.0277694459759969,116.81479326093685
35.22467120181406,0.2666199712624242,0.027579593033767478,117.95779515194407
35.236281179138324,0.2680818937272592,0.027339080304579787,119.10079704295129
35.247891156462586,0.2692961989810272,0.027139211548908894,120.2437989339585
35.25950113378685,0.26984261847776,0.026726765622402168,121.38680082496572
35.27111111111111,0.2702049539623873,0.026333481033866055,122.52980271597292
35.28272108843537,0.27075785572462147,0.026031624194586007,123.67280460698014
35.294331065759636,0.27186384833599153,0.025580935349375757,124.81580649798735
35.3059410430839,0.27284413480895575,0.024917124415389617,125.95880838899456
35.31755102040816,0.2742653669387258,0.024086987063510677,127.10181028000177
35.32916099773242,0.27587332363336925,0.02334530374566333,128.244812171009
35.34077097505669,0.27696075574102547,0.022629872162607857,129.3878140620162
35.352380952380955,0.27789497164853755,0.02174103716429531,130.53081595302342
35.36399092970522,0.27832107689899904,0.020855908679237638,131.67381784403062
35.37560090702948,0.27766220567258015,0.020132230940917758,132.81681973503783
35.38721088435374,0.2772820651988637,0.019408674999314802,133.95982162604506
35.398820861678004,0.27647925552521185,0.01855167961664088,135.1028235170523
35.41043083900227,0.2756074058089554,0.017608166180223518,136.2458254080595
35.42204081632653,0.27495534171099667,0.016896048114214877,137.3888272990667
35.43365079365079,0.2740475230013435,0.016462201408960424,138.53182919007392
35.445260770975054,0.2736311669715744,0.015976066957999777,138.71978950103954
35.456870748299316,0.2731155286566806,0.015460807223776405,137.76474792099796
35.468480725623586,0.27222603138492285,0.015148462497778657,136.80970634095638
35.48009070294785,0.27112565140590283,0.014803411892231753,135.8546647609148
35.49170068027211,0.27058328853124547,0.014360185835591557,134.89962318087322
35.50331065759637,0.27065742808932153,0.013816892768730202,133.94458160083164
35.514920634920635,0.2712400714719265,0.01341422265003177,132.98954002079006
35.5265306122449,0.2725850774238466,0.013060264845938608,132.03449844074845
35.53814058956916,0.2745158862588917,0.01280151917922033,131.07945686070687
35.54975056689342,0.2770602587663657,0.012478906494408342,130.1244152806653
35.561360544217685,0.28073459793858874,0.012050443988751922,129.1693737006237
35.57297052154195,0.2841882668656876,0.01180066679421234,128.21433212058213
35.58458049886622,0.2862336190480844,0.01165726283733932,127.25929054054055
35.59619047619048,0.28831715928778123,0.011479374515302931,126.30424896049897
35.60780045351474,0.28972275967835853,0.01137176537845643,125.34920738045739
35.619410430839004,0.29041881855076074,0.011201539051188609,124.3941658004158
35.631020408163266,0.29085789916099014,0.011072094903875535,123.43912422037423
35.64263038548753,0.29052855892421353,0.011065322031832752,122.48408264033264
35.65424036281179,0.28962207548461927,0.011062682453080475,121.52904106029106
35.66585034013605,0.2882256070751126,0.01116689789340089,120.57399948024948
35.677460317460316,0.2866101493780482,0.011239011813869389,119.6189579002079
35.68907029478458,0.2846863900692095,0.011386180949406995,118.66391632016632
35.70068027210884,0.2837564690166094,0.011531523171877243,117.70887474012474
35.71229024943311,0.2830631798091766,0.011598279665171397,116.75383316008316
35.72390022675737,0.28215134362759936,0.011482617154247437,115.79879158004158
35.735510204081635,0.2810374493494925,0.01129294408473979,114.84375
35.7471201814059,0.2792241775989118,0.011148517849019383,114.84375
35.75873015873016,0.27738375230286566,0.011056673055182688,114.84375
35.77034013605442,0.27575563911110046,0.010937487839795406,114.84375
35.781950113378684,0.2743694621935327,0.010864116295966978,114.84375
35.79356009070295,0.27260386366566774,0.010795109317765084,114.84375
35.80517006802721,0.2708560951163502,0.010747692552309797,114.84375
35.81678004535147,0.26927078303590035,0.010595646629126395,114.84375
35.828390022675734,0.26670414408803605,0.010510242817072933,114.84375
35.84,0.2642179928536559,0.010377927102694886,114.84375
35.851609977324266,0.26190653709187134,0.010150088717111646,114.84375
35.86321995464853,0.25860798772866245,0.010019616471857935,114.84375
35.87482993197279,0.25620703055575955,0.009877341601965864,114.84375
35.88643990929705,0.2538169604568868,0.009670096271016324,114.84375
35.898049886621315,0.25041990098281686,0.009656293901962404,114.84375
35.90965986394558,0.24742750913585412,0.009681840951853253,114.84375
35.92126984126984,0.2437575406199002,0.009835826709595636,114.84375
35.9328798185941,0.2400152584422952,0.010024843905215734,114.84375
35.944489795918365,0.23697135415882917,0.010117889216405869,114.84375
35.95609977324263,0.2337876030354473,0.010308240595397337,114.84375
35.9677097505669,0.23190506633713678,0.01056314083276518,114.84375
35.97931972789116,0.2307260928455772,0.010851562632916829,114.84375
35.99092970521542,0.22992146310637396,0.011129374004820433,114.84375
36.002539682539684,0.22906679614169317,0.011345408118887386,114.84375
36.014149659863946,0.22761499982188094,0.011672353414793236,114.84375
36.02575963718821,0.2252846062155612,0.012228500003174242,114.84375
36.03736961451247,0.22265270563119804,0.012819539455187458,114.84375
36.04897959183673,0.2200825310914653,0.013426911685461503,114.84375
36.060589569160996,0.2172809387570543,0.013980627350339904,114.84375
36.07219954648526,0.21488070128055245,0.014430702586563645,114.84375
36.08380952380952,0.2125207101597385,0.015039264400198156,114.84375
36.09541950113379,0.21079752707254792,0.015701158895941664,114.84375
36.10702947845805,0.20943215304609183,0.01624731185814953,114.84375
36.118639455782315,0.20812044388148673,0.01681844389327299,114.84375
36.13024943310658,0.20758862572527984,0.01737574338517703,114.84375
36.14185941043084,0.2064905506073036,0.017944122439495027,114.84375
36.1534693877551,0.20577214532824445,0.018624039035830056,114.84375
36.165079365079364,0.20565446746983115,0.019304648125127832,114.84375
36.17668934240363,0.20482498154936854,0.019885637123790316,114.84375
36.18829931972789,0.20480870008425814,0.020581704116677972,114.84375
36.19990929705215,0.20513931145148392,0.021183776762717564,114.84375
36.211519274376414,0.20622566817944826,0.021671195011127457,114.84375
36.22312925170068,0.20847499348386778,0.02205087679045426,114.84375
36.234739229024946,0.21136742333243805,0.022328876853367586,114.84375
36.24634920634921,0.21536985076957332,0.022557202435282028,114.84375
36.25795918367347,0.21966865818087625,0.02268067872845843,114.84375
36.26956916099773,0.22385076148966046,0.022791895372651482,114.84375
36.281179138321995,0.22826090776677,0.02305884517787716,114.84375
36.29278911564626,0.23290088542444226,0.023233871141968527,114.84375
36.30439909297052,0.237674411745539,0.02342021323238802,114.84375
36.31600907029478,0.24323013185362286,0.02353841014855811,114.84375
36.327619047619045,0.24895163744292026,0.023667870353986847,114.84375
36.33922902494331,0.2535059129201285,0.02385288306995006,114.84375
36.35083900226758,0.25718031914739803,0.024040201369412605,114.84375
36.36244897959184,0.25906623608644413,0.02443075577080417,114.84375
36.3740589569161,0.2588330011416513,0.025189985749747557,114.84375
36.385668934240364,0.2571290728486264,0.026266681889672235,114.84375
36.39727891156463,0.2545016928572825,0.027539245813570812,114.84375
36.40888888888889,0.25230594078670004,0.028618873542745022,114.84375
36.42049886621315,0.25103871452395854,0.02960537205077789,114.84375
36.432108843537414,0.2504793596505911,0.030307692237619508,114.84375
36.443718820861676,0.2512259696983313,0.03107729576208714,114.84375
36.45532879818594,0.25183476954701284,0.03160490674606915,114.84375
36.4669387755102,0.2529756399454308,0.03217187556837505,114.84375
36.47854875283447,0.25460834786560843,0.03279601432319268,114.84375
36.49015873015873,0.2560662461946638,0.0332910443312351,114.84375
36.501768707482995,0.2580506732445709,0.03401546949798715,114.84375
36.51337868480726,0.2590158419282028,0.03462354409233176,114.84375
36.52498866213152,0.26011067341448263,0.035206403139358806,114.84375
36.53659863945578,0.26019117528865987,0.035845248778498914,114.84375
36.548208616780045,0.2587529786485839,0.03657432541725873,114.84375
36.55981859410431,0.25777555096965726,0.03730422631589042,114.84375
36.57142857142857,0.255226672862839,0.037764704866898396,114.84375
36.58303854875283,0.25413544818838407,0.038005405013744456,114.84375
36.594648526077094,0.25388692052805034,0.03804039671352113,114.84375
36.606258503401364,0.254885052806219,0.03796638341660915,114.84375
36.617868480725626,0.2569959989849109,0.037961683396923226,114.84375
36.62947845804989,0.259298150338362,0.03787022753706997,114.84375
36.64108843537415,0.2634064814341083,0.03774466364078807,114.84375
36.65269841269841,0.267966698571535,0.037599783528231685,114.84375
36.664308390022676,0.27420136102251,0.037323322670179696,114.84375
36.67591836734694,0.2819251877798719,0.03675272847286404,114.84375
36.6875283446712,0.29114290476668947,0.03578842551888428,114.84375
36.69913832199546,0.30115378591271885,0.034769665563365686,114.84375
36.710748299319725,0.31069523258641785,0.03409598608053585,114.84375
36.72235827664399,0.3194926647841195,0.033473616344930505,114.84375
36.73396825396826,0.32700300160072904,0.032957101689988874,114.84375
36.74557823129252,0.33228458443505,0.03249357253608688,114.84375
36.75718820861678,0.33634842929700476,0.0322974848770671,115.1592548076923
36.768798185941044,0.33787187997325807,0.03205615117698868,115.47475961538461
36.78040816326531,0.336720964645557,0.031985788630602356,115.79026442307692
36.79201814058957,0.33500057787875814,0.03228199662439053,116.10576923076923
36.80362811791383,0.33160396488301114,0.03254579431983616,116.42127403846153
36.815238095238094,0.32914354279496943,0.03271201678322303,116.73677884615384
36.826848072562356,0.3281894644329624,0.03276424554092747,117.05228365384615
36.83845804988662,0.3296504781144947,0.032658477098641794,117.36778846153845
36.85006802721088,0.33493473232191545,0.032299606188148235,117.68329326923076
36.86167800453515,0.3431767188305207,0.031784627433424126,117.99879807692307
36.87328798185941,0.3531477576171058,0.031216511272535895,118.31430288461537
36.884897959183675,0.3618397234717179,0.030554468769205024,118.62980769230768
36.89650793650794,0.3680563851828466,0.030337949347571228,118.94531249999999
36.9081179138322,0.3705643080663413,0.030396229146957252,119.26081730769229
36.91972789115646,0.37130018764065703,0.030413258470719812,119.5763221153846
36.931337868480725,0.37159863341005006,0.03052533960288603,119.8918269230769
36.94294784580499,0.37204492181305554,0.030404334476558947,120.20733173076921
36.95455782312925,0.3741199448123577,0.030156154383243507,120.52283653846152
36.96616780045351,0.3754403911245912,0.029841254263909534,120.83834134615383
36.977777777777774,0.3764997359140208,0.029582630463711915,121.15384615384613
36.989387755102044,0.37810985669575914,0.029270602614884587,121.46935096153844
37.000997732426306,0.37933661419663317,0.028681042069850473,121.78485576923075
37.01260770975057,0.381136354988488,0.027967602942919972,122.10036057692305
37.02421768707483,0.3822797010092487,0.02735849217065,122.41586538461536
37.03582766439909,0.38347577811909905,0.026908071146614202,122.73137019230768
37.047437641723356,0.3852268394460479,0.026419278418333213,123.04687499999999
37.05904761904762,0.38791584843962534,0.02585606297502593,123.04687499999999
37.07065759637188,0.39296693100888114,0.025250916206100475,123.04687499999999
37.08226757369614,0.40045034501602417,0.024563272404450366,123.04687499999999
37.093877551020405,0.40902532105531014,0.023509782090868753,123.04687499999999
37.10548752834467,0.41937281020559225,0.02218188109521931,123.04687499999999
37.11709750566894,0.430617682467712,0.02112351880651386,123.04687499999999
37.1287074829932,0.4401267694587849,0.02022164252082327,123.04687499999999
37.14031746031746,0.4492518659335885,0.019501403995121132,123.04687499999999
37.151927437641724,0.45621023892563484,0.018848956789426757,123.04687499999999
37.16353741496599,0.4615762086619276,0.018324173628242447,123.04687499999999
37.17514739229025,0.4659782533566333,0.018012470428412593,123.04687499999999
37.18675736961451,0.469627735514615,0.017898687669826937,123.04687499999999
37.198367346938774,0.4744790690132947,0.017712286150255104,123.04687499999999
37.209977324263036,0.48023653693213336,0.017367125026545183,123.04687499999999
37.2215873015873,0.4865122429025183,0.017034010713338415,123.04687499999999
37.23319727891157,0.4926568641700741,0.016724441010235448,123.04687499999999
37.24480725623583,0.4984735654350707,0.016618743420721328,123.04687499999999
37.25641723356009,0.5031173198328847,0.016594150677926398,123.04687499999999
37.268027210884355,0.5083377026506738,0.016537682146424912,123.04687499999999
37.27963718820862,0.5131689879398845,0.016483102696402303,123.04687499999999
37.29124716553288,0.5166744408556011,0.016524275273097185,123.04687499999999
37.30285714285714,0.5195917602047087,0.016674657217991426,123.04687499999999
37.314467120181405,0.5214942393237808,0.01683723320625772,123.04687499999999
37.32607709750567,0.523022846158278,0.016994092142847833,123.04687499999999
37.33768707482993,0.52317446886396,0.01724620687219944,123.04687499999999
37.34929705215419,0.5231689761810102,0.017385030397174293,123.04687499999999
37.36090702947846,0.522669785094634,0.017410921464505336,123.04687499999999
37.372517006802724,0.5215151788239316,0.01737615176250794,123.04687499999999
37.384126984126986,0.519764482343075,0.01729495730671307,123.04687499999999
37.39573696145125,0.5169809015772755,0.017333762715711964,123.04687499999999
37.40734693877551,0.5135663119981585,0.017276746224465882,123.04687499999999
37.41895691609977,0.5077441288789775,0.017237332119237656,123.04687499999999
37.430566893424036,0.5014317125612641,0.017151493163338374,123.04687499999999
37.4421768707483,0.4921296074230017,0.017173371690908497,123.04687499999999
37.45378684807256,0.4811087406657166,0.017311795229613066,123.04687499999999
37.46539682539682,0.4696073557783318,0.01736473752892605,123.04687499999999
37.477006802721085,0.45801456195117296,0.017494468257187732,123.04687499999999
37.488616780045355,0.4471826130002241,0.017650260168794875,123.04687499999999
37.50022675736962,0.4362100233775652,0.017806512135408403,123.04687499999999
37.51183673469388,0.42661609467637807,0.017909800987237833,123.04687499999999
37.52344671201814,0.417336240151849,0.01788590829491324,123.04687499999999
37.535056689342404,0.40898673733158597,0.01775908939930043,123.04687499999999
37.54666666666667,0.40044533629558476,0.017549047196767323,123.04687499999999
37.55827664399093,0.3914251439010573,0.01742736999398991,123.04687499999999
37.56988662131519,0.38263448051464644,0.017229090656618127,123.04687499999999
37.581496598639454,0.3737130797788777,0.017065906709108597,123.04687499999999
37.593106575963716,0.3653719359324397,0.016796262893693036,123.04687499999999
37.60471655328798,0.3577140013789095,0.016508022078198382,123.04687499999999
37.61632653061225,0.34975250071596625,0.01634318002055506,123.04687499999999
37.62793650793651,0.3429844491048348,0.01608602890627153,123.04687499999999
37.63954648526077,0.3370534552200522,0.01577653602866255,123.04687499999999
37.651156462585035,0.33089357455623336,0.015534502939511297,123.04687499999999
37.6627664399093,0.32621232430911606,0.01547209450453065,123.04687499999999
37.67437641723356,0.32180844955307564,0.015575423746733898,123.04687499999999
37.68598639455782,0.3179489110059218,0.0156769841638979,123.04687499999999
37.697596371882085,0.31539657768999285,0.015642583921145377,123.04687499999999
37.70920634920635,0.3126179156825828,0.01576288747444359,123.04687499999999
37.72081632653061,0.31087778307876135,0.01587616492558091,123.04687499999999
37.73242630385487,0.31017174341668596,0.016024243293035114,123.04687499999999
37.74403628117914,0.3112586382509872,0.01614126373618695,123.04687499999999
37.755646258503404,0.31332882745605856,0.016230824444154846,123.04687499999999
37.767256235827666,0.31445627268445786,0.01641734015581752,123.04687499999999
37.77886621315193,0.3155719478779646,0.016501039817130095,123.04687499999999
37.79047619047619,0.315695375810749,0.01653125331705587,123.04687499999999
37.802086167800454,0.31535700355073526,0.01648812786374088,123.04687499999999
37.813696145124716,0.31431509057448315,0.016556681365332348,123.04687499999999
37.82530612244898,0.3123729290285003,0.01669679220682878,123.04687499999999
37.83691609977324,0.31006335330696716,0.01680258229319829,123.04687499999999
37.8485260770975,0.30742382760587317,0.016893499043418636,123.04687499999999
37.860136054421766,0.3054986230733587,0.016881776653286995,123.04687499999999
37.871746031746035,0.30340276469664895,0.016887276854742884,123.04687499999999
37.8833560090703,0.30145034581098684,0.01686867881867232,123.04687499999999
37.89496598639456,0.2994851098321264,0.016894191486494393,123.04687499999999
37.90657596371882,0.2970474406459312,0.016862508129620042,123.04687499999999
37.918185941043085,0.29498652919377094,0.016809454809566603,123.04687499999999
37.92979591836735,0.2930259129327813,0.01676369867993337,123.04687499999999
37.94140589569161,0.29176688154642155,0.01663669427555264,123.04687499999999
37.95301587301587,0.2917758119458613,0.01643616940475617,123.04687499999999
37.964625850340134,0.2921031730175349,0.016112740759225513,123.04687499999999
37.9762358276644,0.29259116716059724,0.015614756005505723,123.04687499999999
37.98784580498866,0.29358738358029074,0.01510129861476996,123.04687499999999
37.99945578231293,0.29406838067500923,0.014667134257802509,123.04687499999999
38.01106575963719,0.294487333942485,0.014261885412227287,123.04687499999999
38.02267573696145,0.2953011064915241,0.01384352326530248,123.04687499999999
38.034285714285716,0.29540991142625184,0.013452542182312177,123.04687499999999
38.04589569160998,0.2954580819391891,0.012956133745127302,123.04687499999999
38.05750566893424,0.29548207931606246,0.012513582300775108,123.04687499999999
38.0691156462585,0.2951776485713897,0.012171122669555997,123.04687499999999
38.080725623582765,0.29533584183865924,0.011876109713635495,123.04687499999999
38.09233560090703,0.2959093865594715,0.011613622521568038,123.04687499999999
38.10394557823129,0.29644969946556055,0.011447221587967907,123.04687499999999
38.11555555555555,0.29723655087109696,0.01119179760175443,123.04687499999999
38.12716553287982,0.2981596564654174,0.010973481272800206,123.04687499999999
38.138775510204084,0.2989765085487098,0.010831121076472945,123.04687499999999
38.15038548752835,0.30005254379738505,0.01077043734489318,123.04687499999999
38.16199546485261,0.3011239868165938,0.010828942972723476,123.04687499999999
38.17360544217687,0.3026691216788573,0.010942656093743943,123.04687499999999
38.185215419501134,0.3050784678129352,0.011112083632045149,123.04687499999999
38.196825396825396,0.30762111604778175,0.011306936277504651,123.04687499999999
38.20843537414966,0.3110722843630797,0.011609176971482602,123.04687499999999
38.22004535147392,0.3147804109489837,0.011830171717186474,123.04687499999999
38.23165532879818,0.31740018081727184,0.01213497374839866,123.04687499999999
38.243265306122446,0.3200449609684792,0.01246292505533831,123.04687499999999
38.254875283446715,0.32129356092193306,0.012893746825679063,123.04687499999999
38.26648526077098,0.3204526698126701,0.013413951459075465,123.04687499999999
38.27809523809524,0.3188846346107558,0.014019238812096732,123.04687499999999
38.2897052154195,0.31621427275101427,0.014550216378606021,123.04687499999999
38.301315192743765,0.31401909293902847,0.015081523017268056,123.04687499999999
38.31292517006803,0.31363378547830295,0.01550509326669323,123.04687499999999
38.32453514739229,0.31394394047490654,0.015858503542215043,123.04687499999999
38.33614512471655,0.315788563166977,0.01615121865975873,123.04687499999999
38.347755102040814,0.31817365203381454,0.016488477209422432,123.04687499999999
38.35936507936508,0.32052506260760594,0.016798514565832846,123.04687499999999
38.37097505668934,0.32334143620664324,0.017044499402671533,123.04687499999999
38.38258503401361,0.32530677214333714,0.017303137922039444,123.04687499999999
38.39419501133787,0.32669654587694635,0.01759015568468934,123.04687499999999
38.40580498866213,0.32690197921631986,0.017873055593896896,123.04687499999999
38.417414965986396,0.32553363894115517,0.01842312582589321,123.04687499999999
38.42902494331066,0.322952336179119,0.019145769908295977,123.04687499999999
38.44063492063492,0.3186627361337527,0.019967224261572658,123.04687499999999
38.45224489795918,0.31364379084094357,0.020838203801715246,123.04687499999999
38.463854875283445,0.30801187579183276,0.021767465556778182,123.04687499999999
38.47546485260771,0.30192601223774385,0.02267342394508365,123.04687499999999
38.48707482993197,0.296120112666128,0.023427646477991313,123.04687499999999
38.49868480725623,0.29035403712835356,0.023926463622711204,123.04687499999999
38.5102947845805,0.28458443516151205,0.02413088461983936,123.04687499999999
38.521904761904764,0.27872897857851037,0.024306914615586924,123.04687499999999
38.53351473922903,0.2725792527975914,0.024634615864997433,123.04687499999999
38.54512471655329,0.2663171315132677,0.025173912887762245,123.04687499999999
38.55673469387755,0.2602167728238509,0.025566947384332673,123.04687499999999
38.568344671201814,0.2548645210507307,0.025855134960240184,123.04687499999999
38.579954648526076,0.25073006555871286,0.026113251516842375,123.04687499999999
38.59156462585034,0.24751465529052116,0.02635971798249384,123.04687499999999
38.6031746031746,0.24551821913990304,0.026461143724015045,123.04687499999999
38.61478458049886,0.24332034046641315,0.026501128801965937,123.04687499999999
38.626394557823126,0.24160863920236197,0.026549252878624068,123.04687499999999
38.638004535147395,0.2398801117030079,0.026646973640594752,123.04687499999999
38.64961451247166,0.23764998080156294,0.026711108387924863,123.04687499999999
38.66122448979592,0.23599464076192098,0.026818223433292977,123.04687499999999
38.67283446712018,0.23366783814076908,0.026825843021104162,123.04687499999999
38.684444444444445,0.23195243593793322,0.026913641021452522,123.04687499999999
38.69605442176871,0.2303640568179593,0.026954523760239657,123.04687499999999
38.70766439909297,0.22982590966492908,0.026949183289254854,123.04687499999999
38.71927437641723,0.23081564964999496,0.026856843852967667,123.04687499999999
38.730884353741494,0.2324053598751181,0.026440611871572126,123.04687499999999
38.74249433106576,0.23583456370598116,0.025998249605154948,123.04687499999999
38.75410430839002,0.2386371589506548,0.025404516201633687,123.04687499999999
38.76571428571429,0.24110436317769832,0.024776645241847556,123.04687499999999
38.77732426303855,0.24267304394062056,0.024390456253889678,123.04687499999999
38.78893424036281,0.24273323105110625,0.023947184270863293,123.04687499999999
38.800544217687076,0.24281301322888235,0.02367508399707071,123.04687499999999
38.81215419501134,0.24148429873785607,0.023636256445800887,123.04687499999999
38.8237641723356,0.24028685845305148,0.02371823529225198,123.04687499999999
38.83537414965986,0.23958824315905797,0.023728288758914997,123.04687499999999
38.846984126984125,0.2383898466109798,0.02343722925003744,123.1623035881801
38.85859410430839,0.23860439818722184,0.02341022325220897,123.2777321763602
38.87020408163265,0.23883692926227054,0.023335385313321994,123.39316076454031
38.88181405895691,0.23839543633632637,0.02342014875362902,123.50858935272042
38.89342403628118,0.23773868296650444,0.023527705002128974,123.62401794090053
38.905034013605444,0.23497145155384402,0.023680543528144082,123.73944652908064
38.91664399092971,0.23087185135836152,0.024194664781699245,123.85487511726075
38.92825396825397,0.22506597719269503,0.024847183953840273,123.97030370544086
38.93986394557823,0.21823123079962709,0.02560393634924033,124.08573229362096
38.951473922902494,0.21158603736162912,0.026287507999504297,124.20116088180107
38.963083900226756,0.20493059657973534,0.02675807326959863,124.31658946998118
38.97469387755102,0.1996569695559777,0.027268282883203716,124.4320180581613
38.98630385487528,0.1944991536780931,0.027603060819780492,124.54744664634141
38.99791383219954,0.19002832050133048,0.027854992507551232,124.66287523452152
39.00952380952381,0.18579404336837807,0.028069513850151197,124.77830382270163
39.021133786848075,0.18144821745816878,0.028249303812508487,124.89373241088174
39.03274376417234,0.17808674588825546,0.02861081996340161,125.00916099906186
39.0443537414966,0.17443562733724147,0.02889488129940948,125.12458958724197
39.05596371882086,0.17195293964179148,0.029339738883025754,125.24001817542208
39.067573696145125,0.17008116965161998,0.02971924962977905,125.3554467636022
39.07918367346939,0.16896492719740824,0.029875407999370166,125.47087535178231
39.09079365079365,0.1686996057880675,0.030211877551270937,125.58630393996242
39.10240362811791,0.1682528675748113,0.030616679578684733,125.70173252814253
39.114013605442175,0.16852822350116078,0.031173218101201567,125.81716111632264
39.12562358276644,0.16806815549431875,0.03177070545556901,125.93258970450276
39.137233560090706,0.16743125083478966,0.03222813369539225,126.04801829268287
39.14884353741497,0.1669839436948646,0.033016519905559635,126.04801829268287
39.16045351473923,0.16564540584775278,0.033502031279706516,126.04801829268287
39.172063492063494,0.16498470955789088,0.03368704027270183,126.04801829268287
39.183673469387756,0.16443571239852708,0.03351555436544429,126.04801829268287
39.19528344671202,0.16379462450366677,0.03346446634694984,126.04801829268287
39.20689342403628,0.16337931095080266,0.033573259439135555,126.04801829268287
39.21850340136054,0.16247469713918553,0.033436679213219765,126.04801829268287
39.230113378684806,0.1612563869082227,0.03312809105400569,126.04801829268287
39.24172335600907,0.15949852428368733,0.032867966816976374,126.04801829268287
39.25333333333333,0.15709488407593733,0.032750508856219135,126.04801829268287
39.2649433106576,0.15442159844956657,0.0325590132500159,126.04801829268287
39.27655328798186,0.15084716005156296,0.03229768909465552,126.57212647685203
39.288163265306125,0.1470496041074788,0.03223683161790061,127.0962346610212
39.29977324263039,0.1433337107979132,0.03232880066525554,127.62034284519036
39.31138321995465,0.1395680843012803,0.03232746425341295,128.14445102935954
39.32299319727891,0.13629051733679232,0.032138479761959236,128.6685592135287
39.334603174603174,0.13331660019640304,0.031947841668339326,129.19266739769787
39.34621315192744,0.13040539326881298,0.03175440623795457,129.71677558186704
39.3578231292517,0.12738416775180025,0.03140335816498691,130.2408837660362
39.36943310657596,0.12416594408708703,0.031309612062161436,130.76499195020537
39.381043083900224,0.12071910165527852,0.031528782312807056,131.28910013437454
39.39265306122449,0.11735896139875991,0.031699613010666136,131.81320831854367
39.404263038548756,0.11395722514755592,0.031535404699772264,132.33731650271284
39.41587301587302,0.11076680850264464,0.03115835512970891,132.861424686882
39.42748299319728,0.10803625932417199,0.030735345228386855,133.3855328710512
39.43909297052154,0.1052743017284552,0.0306645352709097,133.90964105522036
39.450702947845805,0.10295296221939416,0.0301215990511127,134.4337492393895
39.46231292517007,0.10087873034469488,0.029808261062346318,134.95785742355866
39.47392290249433,0.09828437204837845,0.029995434807836566,135.48196560772783
39.48553287981859,0.09558587309973911,0.030523415507232105,136.006073791897
39.497142857142855,0.09289027042932492,0.030713909505966756,136.53018197606616
39.50875283446712,0.09031507654863292,0.03076578771364983,137.05429016023533
39.52036281179139,0.08822879121693405,0.030956100039271732,137.57839834440446
39.53197278911565,0.08661466608273732,0.031403843523027705,138.10250652857363
39.54358276643991,0.08531487834749343,0.03150816437569352,138.6266147127428
39.555192743764174,0.08417072016933583,0.03147547806141613,139.15072289691196
39.566802721088436,0.0827922779056248,0.031682483487396794,139.67483108108112
39.5784126984127,0.08151742236124282,0.03214902362652785,139.67483108108112
39.59002267573696,0.08028531690803196,0.0323476102501987,139.67483108108112
39.60163265306122,0.07895674339919993,0.03238505577175806,139.67483108108112
39.613242630385486,0.07785388634011896,0.03278954868238139,139.67483108108112
39.62485260770975,0.0764837741041103,0.0331728182659252,139.67483108108112
39.63646258503401,0.07479426056365547,0.03322289849908662,139.67483108108112
39.64807256235828,0.07313372417439079,0.03328739912397461,139.67483108108112
39.65968253968254,0.07142033862084544,0.03351845902875306,139.67483108108112
39.671292517006805,0.0697391090858405,0.03352555451278783,139.67483108108112
39.68290249433107,0.0681673191136832,0.0330381437230295,139.67483108108112
39.69451247165533,0.0665748747294461,0.032449139569963606,139.67483108108112
39.70612244897959,0.06494036402809253,0.032204089286877915,139.67483108108112
39.717732426303854,0.06305089587876647,0.03230981195740129,139.67483108108112
39.72934240362812,0.06101856830619525,0.03231068295022477,139.67483108108112
39.74095238095238,0.05911951784493422,0.031945724971976404,139.67483108108112
39.75256235827664,0.05711997050674894,0.03195209529442755,139.67483108108112
39.764172335600904,0.05497732041046762,0.03203557763866985,139.67483108108112
39.77578231292517,0.05267785292484548,0.03214863694890298,139.67483108108112
39.787392290249436,0.05039466664402691,0.03216101080109128,139.67483108108112
39.7990022675737,0.04800354321345314,0.032523807809773014,139.67483108108112
39.81061224489796,0.045495000539329554,0.03317532894577584,139.67483108108112
39.82222222222222,0.042956166711027165,0.03390930867041296,139.67483108108112
39.833832199546485,0.04037134522500691,0.03518980633940141,139.67483108108112
39.84544217687075,0.03774649119935195,0.037823360876024566,139.67483108108112
39.85705215419501,0.03512918143261006,0.04265271483192111,139.67483108108112
39.86866213151927,0.03238139598347174,0.039866701755547886,134.30272219334722
39.880272108843535,0.02964245680259664,0.036921763975772896,128.93061330561332
39.8918820861678,0.027083513566683093,0.034134663558716784,123.55850441787943
39.90349206349207,0.024542177070155578,0.031397554755337745,118.18639553014555
39.91510204081633,0.02206450121882731,0.028420656089488062,112.81428664241166
39.92671201814059,0.019761818214649316,0.025563397822122594,107.44217775467777
39.938321995464854,0.017538895938962334,0.022966836807920665,102.07006886694388
39.949931972789116,0.015425252356484759,0.020306982468614225,96.69795997921
39.96154195011338,0.013553562749071013,0.017550276328883237,91.32585109147611
39.97315192743764,0.011816103600804291,0.014753774201477568,85.95374220374222
39.9847619047619,0.010173210289763023,0.012209855457946749,80.58163331600832
39.996371882086166,0.008610187244338622,0.009748010423737295,75.20952442827443
